Id,Sales
1,4540.9604
2,5717.6025
3,6241.0337
4,4908.77
5,4761.34
6,4748.6626
7,4853.653
8,4074.3142
9,5237.0796
10,3999.3303
11,3930.6687
12,3979.4163
13,4015.987
14,4381.4727
15,4077.3936
16,5241.0376
17,5809.375
18,4685.6426
19,4684.1274
20,4715.419
21,4874.55
22,4089.6208
23,5256.7534
24,4049.9797
25,3945.146
26,4007.7437
27,4201.265
28,5059.6016
29,4492.4907
30,5533.4146
31,6729.813
32,5023.2275
33,5001.1777
34,4950.9365
35,5035.8164
36,4185.545
37,5201.5684
38,4134.297
39,3998.4263
40,4011.4883
41,4045.2964
42,4406.516
43,4073.1406
44,5238.918
45,5745.9663
46,4685.7944
47,4660.8623
48,4713.683
49,4562.1606
50,4589.1426
51,9676.334
52,7595.493
53,7367.6177
54,7441.853
55,7589.743
56,4125.8306
57,4083.5474
58,6353.63
59,6424.2944
60,6418.274
61,6605.8496
62,6795.937
63,4131.281
64,4132.172
65,9095.451
66,7383.953
67,7336.63
68,7500.1562
69,7666.7715
70,4144.156
71,4145.0493
72,6427.966
73,6476.517
74,6514.651
75,6897.2734
76,7688.513
77,4590.4517
78,4327.8877
79,12480.979
80,7785.6943
81,7664.9146
82,7675.844
83,7673.341
84,4250.395
85,4083.3137
86,6531.363
87,6476.962
88,6456.6436
89,6636.574
90,6821.4136
91,4146.77
92,4153.143
93,8944.574
94,7340.9697
95,7293.9214
96,7490.955
97,9388.797
98,7391.1406
99,14718.292
100,12900.653
101,12496.82
102,12459.345
103,12287.71
104,8947.065
105,6574.784
106,11141.134
107,10903.1
108,10883.795
109,10977.926
110,10985.436
111,8953.826
112,6579.7593
113,13813.406
114,12364.028
115,12303.024
116,12372.132
117,12340.607
118,8980.674
119,6599.489
120,10561.751
121,10228.806
122,10321.091
123,10819.274
124,11776.893
125,9306.045
126,6599.2812
127,16807.436
128,13144.982
129,12786.916
130,12663.789
131,12489.1
132,9215.212
133,6909.646
134,11500.646
135,11027.867
136,10953.316
137,11039.706
138,11108.253
139,8992.468
140,6613.15
141,13652.516
142,12371.4
143,12248.827
144,12374.551
145,4578.8057
146,4502.68
147,9278.845
148,7412.454
149,7066.211
150,7126.9873
151,7150.192
152,4221.351
153,4023.0498
154,6146.1943
155,6148.0767
156,6110.0015
157,6275.842
158,6415.177
159,4224.5415
160,3891.12
161,8510.126
162,6999.093
163,6932.9165
164,7077.097
165,7180.975
166,4237.21
167,3902.789
168,6210.096
169,6169.2007
170,6140.042
171,6421.7334
172,7130.884
173,4596.1167
174,4076.6973
175,11265.843
176,7703.9946
177,7465.342
178,7401.5107
179,7379.4614
180,4434.062
181,4227.9644
182,6335.8076
183,6228.896
184,6159.3755
185,6321.7783
186,6491.979
187,4242.7754
188,4089.305
189,8397.798
190,7008.746
191,6907.7744
192,7084.0195
193,5270.329
194,3816.4587
195,9921.881
196,7968.815
197,7624.716
198,7696.922
199,7726.9473
200,4933.2305
201,3616.8113
202,6498.6763
203,6498.6265
204,6498.7256
205,6673.263
206,6875.2896
207,4936.959
208,3461.6016
209,9132.64
210,7636.5137
211,7534.925
212,7698.2505
213,7814.0537
214,4951.763
215,3471.9827
216,6603.38
217,6540.558
218,6504.4434
219,7015.983
220,7948.1
221,5572.094
222,3883.8555
223,11727.697
224,8310.381
225,8061.961
226,7999.9165
227,7919.201
228,5164.445
229,3599.876
230,6707.883
231,6577.1304
232,6531.705
233,6702.0635
234,6904.962
235,4958.2666
236,3637.9155
237,8981.145
238,7592.9507
239,7491.9414
240,7689.7085
241,5713.933
242,5829.5186
243,8508.194
244,6720.595
245,6403.0483
246,6439.2695
247,6584.5684
248,5397.5127
249,5616.0728
250,5631.414
251,5602.4507
252,5590.0664
253,5699.6226
254,6019.1504
255,5401.592
256,5679.7324
257,7641.461
258,6331.754
259,6297.02
260,6394.193
261,6612.9165
262,5417.789
263,5696.7637
264,5689.965
265,5599.571
266,5583.9272
267,5826.8726
268,6843.036
269,5856.499
270,6265.9546
271,9542.6875
272,6891.664
273,6719.2363
274,6689.9155
275,6809.621
276,5584.8223
277,5616.2334
278,5829.285
279,5675.887
280,5635.0303
281,5741.129
282,6090.9854
283,5432.9517
284,5716.359
285,7550.169
286,6340.251
287,6273.9507
288,6400.209
289,7289.95
290,6237.2847
291,10077.826
292,8731.685
293,8474.519
294,8401.146
295,8460.821
296,6908.671
297,5668.686
298,7486.6196
299,7470.684
300,7487.8906
301,7707.6255
302,7826.07
303,6917.797
304,5676.1743
305,9379.703
306,8433.951
307,8377.661
308,8448.322
309,8503.529
310,6939.354
311,5693.863
312,7583.759
313,7539.871
314,7657.1543
315,7963.884
316,8801.293
317,7607.34
318,6267.993
319,11571.69
320,8963.028
321,8796.257
322,8658.877
323,8579.358
324,7117.2324
325,5965.0312
326,7723.6978
327,7519.539
328,7536.8584
329,7747.7954
330,7866.857
331,6943.7305
332,5704.98
333,9225.501
334,8397.077
335,8341.033
336,8450.256
337,5740.2583
338,5473.2
339,10924.031
340,8365.708
341,8076.153
342,8087.3916
343,8278.12
344,5445.824
345,4979.5527
346,6758.9155
347,6872.32
348,6857.6064
349,7048.467
350,7256.222
351,5453.018
352,4986.131
353,10081.826
354,8041.74
355,7999.0923
356,8148.3345
357,8335.792
358,5470.011
359,5001.6694
360,6842.566
361,6931.865
362,6994.6084
363,7420.1646
364,8463.751
365,6140.124
366,5620.5474
367,12941.9375
368,8631.263
369,8482.3545
370,8431.587
371,8430.364
372,5610.2314
373,5239.878
374,6971.902
375,6916.2197
376,6901.4126
377,7084.1343
378,7292.9404
379,5473.461
380,5011.435
381,9914.588
382,8005.374
383,7962.919
384,8148.9717
385,4773.6777
386,5126.4424
387,8345.602
388,6878.235
389,6780.501
390,6811.0635
391,6998.9595
392,4516.665
393,4655.61
394,5108.888
395,5274.599
396,5277.9004
397,5555.685
398,5756.735
399,4629.0366
400,4655.61
401,8079.9434
402,6718.647
403,6695.8335
404,6851.5264
405,7040.5386
406,4530.7407
407,4670.1187
408,5185.018
409,5343.0
410,5323.181
411,5749.5684
412,6443.9634
413,4832.9927
414,4994.642
415,11015.169
416,7033.0547
417,6972.62
418,7101.1416
419,7211.6084
420,4658.2666
421,4667.607
422,5328.297
423,5411.617
424,5411.1626
425,5596.378
426,5821.634
427,4486.7905
428,4697.7617
429,7976.838
430,6710.9355
431,6680.4404
432,6856.8154
433,3806.0535
434,4429.691
435,6939.744
436,5723.73
437,5494.227
438,5481.7266
439,5563.0347
440,3468.3115
441,4056.3516
442,4470.356
443,4486.414
444,4455.622
445,4500.1123
446,4663.3525
447,3472.8938
448,4104.652
449,6529.1016
450,5506.698
451,5474.3276
452,5517.4663
453,5634.004
454,3483.7175
455,4117.4443
456,4519.1084
457,4529.358
458,4516.324
459,4757.041
460,5474.3174
461,3926.6924
462,4808.263
463,8078.6797
464,5757.0537
465,5670.768
466,5680.4204
467,5696.052
468,3528.3433
469,4056.1194
470,4595.4155
471,4517.294
472,4482.2603
473,4521.0444
474,4680.836
475,3485.9148
476,4125.484
477,6420.7905
478,5474.641
479,5442.459
480,5510.697
481,6504.679
482,5383.994
483,9558.583
484,7576.5864
485,7560.4165
486,7620.608
487,7939.909
488,6063.1104
489,5064.6084
490,5985.8975
491,6075.4873
492,6228.563
493,6542.1865
494,6909.4746
495,6071.119
496,4850.0244
497,9012.25
498,7424.1216
499,7507.8003
500,7659.075
501,7979.9883
502,6090.0386
503,4865.1387
504,6087.9014
505,6161.062
506,6317.9927
507,6905.7324
508,7923.4473
509,6813.1035
510,5259.0654
511,11886.091
512,7801.2373
513,7857.0786
514,7824.2935
515,8038.6953
516,6246.1494
517,5064.319
518,6124.7695
519,6138.9585
520,6297.3203
521,6576.0576
522,7003.7207
523,6093.8794
524,5097.0356
525,8863.784
526,7391.408
527,7474.7183
528,7660.5654
529,7087.737
530,4759.8413
531,10955.26
532,9296.916
533,8984.606
534,8908.849
535,8964.431
536,6747.3853
537,4649.472
538,7979.1206
539,7882.1187
540,7895.7153
541,8113.8076
542,8248.021
543,6752.4844
544,4449.96
545,10016.526
546,8876.102
547,8840.793
548,8876.22
549,9003.023
550,6772.732
551,4463.304
552,8066.845
553,7882.7275
554,8053.622
555,8538.468
556,9321.946
557,7614.425
558,4980.669
559,12106.159
560,9581.092
561,9355.544
562,9194.115
563,9120.601
564,7030.9956
565,4627.703
566,8213.284
567,7922.117
568,7935.783
569,8148.824
570,8283.617
571,6781.6265
572,4676.6006
573,9912.488
574,8892.728
575,8813.078
576,8889.284
577,5132.6465
578,4118.198
579,9205.435
580,7299.963
581,7029.2925
582,7127.1504
583,7280.3335
584,4791.9766
585,3880.1821
586,6143.2876
587,6200.9336
588,6220.9517
589,6433.382
590,6693.771
591,4798.307
592,3885.308
593,8641.643
594,7063.286
595,7012.3237
596,7195.915
597,7367.456
598,4813.2603
599,3897.4167
600,6241.016
601,6284.6836
602,6311.187
603,6749.6704
604,7631.548
605,5318.867
606,4174.333
607,11543.593
608,6487.4976
609,7185.0103
610,7378.279
611,7365.559
612,4983.6484
613,3718.491
614,6295.1704
615,6217.357
616,6246.942
617,6477.586
618,6700.0757
619,4827.3022
620,3745.8403
621,8461.185
622,6991.507
623,6953.161
624,7199.931
625,8096.113
626,7342.6504
627,11851.564
628,8868.24
629,8899.558
630,8978.1045
631,9351.967
632,7773.2363
633,7179.6875
634,7563.5537
635,7431.745
636,7515.9824
637,8003.389
638,8359.838
639,7962.904
640,7265.1694
641,11129.728
642,8768.113
643,8855.038
644,9023.423
645,9399.172
646,7807.7583
647,7287.809
648,7690.941
649,7531.203
650,7734.2397
651,8403.928
652,9460.718
653,8833.157
654,8164.7026
655,14268.706
656,9056.187
657,9108.769
658,9150.636
659,9368.143
660,7914.9272
661,7179.2764
662,7738.121
663,7498.7114
664,7554.1235
665,8033.3916
666,8391.177
667,7812.6826
668,7302.038
669,10945.108
670,8735.292
671,8821.892
672,9031.189
673,6400.2397
674,6176.348
675,8687.682
676,7224.207
677,7163.264
678,7264.712
679,7472.936
680,5917.248
681,5762.723
682,5854.103
683,5942.123
684,6091.8394
685,6384.996
686,6622.9785
687,5925.065
688,5770.336
689,8299.379
690,7071.038
691,7112.9097
692,7301.3833
693,7510.658
694,5943.529
695,5788.318
696,5957.3833
697,6026.383
698,6163.6777
699,6595.795
700,7291.2227
701,6461.4736
702,6420.417
703,11478.489
704,7394.1514
705,7407.6836
706,7485.934
707,7579.738
708,6160.7974
709,5762.3936
710,5965.856
711,5972.2783
712,6122.7544
713,6408.9326
714,6647.8066
715,5947.2773
716,5799.6196
717,8172.065
718,7038.7993
719,7080.48
720,7301.6826
721,4231.2603
722,5191.3823
723,6846.8555
724,5824.411
725,5541.8022
726,5516.919
727,5600.4414
728,3848.517
729,4753.326
730,4544.7305
731,4570.0093
732,4534.567
733,4577.8057
734,4737.6143
735,3949.48
736,4759.6055
737,6424.809
738,5539.54
739,5506.9766
740,5547.9004
741,5628.713
742,3865.611
743,4774.438
744,4600.9814
745,4609.6094
746,4602.4434
747,4789.495
748,5697.769
749,4365.0986
750,5571.4834
751,8005.618
752,5857.9014
753,5770.1045
754,5783.853
755,5784.78
756,3922.0918
757,4753.054
758,4674.4688
759,4593.202
760,4557.5806
761,4594.9683
762,4755.376
763,3868.0493
764,4783.7607
765,6318.228
766,5515.9297
767,5483.505
768,5549.7847
769,4904.82
770,5322.217
771,7858.7876
772,6177.1143
773,6065.476
774,6079.9277
775,6247.085
776,4487.668
777,4975.128
778,5173.7637
779,4910.063
780,4974.5156
781,5137.4463
782,5510.0874
783,4491.0596
784,5031.524
785,7396.338
786,5951.0566
787,5971.7485
788,6057.659
789,6273.9805
790,4504.5273
791,5046.612
792,5239.283
793,4934.953
794,5007.679
795,5390.8394
796,6439.1836
797,5002.4756
798,5506.7246
799,9477.39
800,6251.55
801,6247.77
802,6285.8105
803,6421.948
804,4647.5034
805,4951.834
806,5333.1426
807,4980.493
808,5000.3433
809,5160.22
810,5517.8135
811,4510.4434
812,5057.0586
813,7311.0347
814,5947.527
815,5938.372
816,6051.6416
817,8668.306
818,6227.031
819,13471.922
820,11489.891
821,11272.108
822,11313.241
823,11485.805
824,8482.864
825,5976.934
826,9934.978
827,9683.665
828,9681.162
829,9850.831
830,10053.662
831,8494.069
832,5984.8296
833,12731.68
834,11306.413
835,11252.967
836,11391.632
837,11591.949
838,8520.538
839,6003.48
840,9747.194
841,9459.951
842,9603.946
843,10146.09
844,11411.924
845,9253.489
846,6508.5703
847,16363.543
848,11702.2
849,11532.038
850,11491.261
851,11455.751
852,8569.111
853,6289.3906
854,10225.762
855,9745.521
856,9730.289
857,9887.759
858,10091.35
859,8525.911
860,6015.2017
861,12520.49
862,11240.599
863,11187.464
864,11377.657
865,9959.578
866,11839.589
867,13157.638
868,11439.024
869,11361.966
870,11333.458
871,11504.398
872,9606.612
873,11911.807
874,9800.787
875,9442.797
876,9509.534
877,9884.968
878,10366.165
879,9613.871
880,11920.808
881,12447.775
882,11249.876
883,11246.818
884,11315.551
885,11580.546
886,9642.697
887,11956.551
888,9651.411
889,9268.664
890,9402.821
891,10135.238
892,11743.446
893,10531.886
894,12871.526
895,15164.72
896,11846.457
897,11795.069
898,11600.433
899,11793.427
900,9810.794
901,11856.042
902,10134.242
903,9643.378
904,9566.381
905,9936.55
906,10410.901
907,9655.36
908,11981.299
909,12241.295
910,11185.703
911,11182.663
912,11302.995
913,7505.4517
914,6318.1074
915,12133.612
916,10545.123
917,10305.254
918,10319.083
919,10406.593
920,7274.156
921,5655.2383
922,8703.49
923,8466.723
924,8411.666
925,8528.555
926,8611.914
927,7283.7646
928,5662.709
929,11529.971
930,10417.924
931,10328.595
932,10418.569
933,10500.992
934,7306.462
935,5743.8125
936,8797.373
937,8541.481
938,8667.826
939,9050.582
940,9806.716
941,8211.679
942,6811.213
943,14677.416
944,10758.04
945,10560.623
946,10485.74
947,10422.088
948,7386.651
949,5950.8804
950,8952.213
951,8535.138
952,8461.951
953,8568.221
954,8644.197
955,7311.07
956,5691.447
957,11338.713
958,10357.281
959,10268.472
960,10405.789
961,6879.4683
962,5665.875
963,9824.391
964,7969.2026
965,7998.192
966,7994.7065
967,8182.899
968,6538.7554
969,5452.3003
970,6565.234
971,6580.274
972,6685.2593
973,7093.1743
974,7461.9175
975,6543.697
976,5456.421
977,9201.668
978,7804.2666
979,7860.212
980,7992.2515
981,8271.175
982,6563.3184
983,5472.782
984,6699.4873
985,6669.8647
986,6786.085
987,7339.576
988,8626.991
989,7435.6943
990,5991.2153
991,11324.512
992,8343.46
993,8369.092
994,8266.364
995,8367.272
996,6845.203
997,5426.773
998,6807.1665
999,6722.5825
1000,6719.185
1001,7123.7866
1002,7494.121
1003,6571.938
1004,5484.1113
1005,9049.029
1006,7759.7466
1007,7815.373
1008,7983.3833
1009,3066.297
1010,3271.4465
1011,5637.702
1012,4361.2407
1013,4187.53
1014,4171.789
1015,4263.2627
1016,2678.1702
1017,2869.0322
1018,3526.782
1019,3463.3918
1020,3460.367
1021,3488.21
1022,3677.7212
1023,2681.7112
1024,2872.8257
1025,5301.9995
1026,4193.126
1027,4165.836
1028,4193.814
1029,4304.6543
1030,2690.0698
1031,2961.9944
1032,3581.038
1033,3498.9446
1034,3509.0862
1035,3698.9653
1036,4211.6616
1037,2953.5532
1038,3319.6946
1039,6436.1807
1040,4099.792
1041,4338.4736
1042,4305.6313
1043,4367.0728
1044,2725.8477
1045,2821.4192
1046,3622.2322
1047,3472.2046
1048,3478.0725
1049,3492.7517
1050,3676.448
1051,2688.8357
1052,2842.1753
1053,5208.017
1054,4163.8975
1055,4135.8984
1056,4179.931
1057,5919.399
1058,4724.351
1059,7844.8203
1060,6273.484
1061,6166.241
1062,6235.2266
1063,6482.339
1064,5533.4565
1065,4471.2944
1066,5125.748
1067,5124.7554
1068,5220.8
1069,5465.109
1070,5906.8496
1071,5537.638
1072,4474.6733
1073,7324.8203
1074,6022.2285
1075,6064.134
1076,6191.578
1077,6510.2466
1078,5554.2437
1079,4488.092
1080,5190.659
1081,5150.734
1082,5231.8867
1083,5656.1016
1084,6860.7534
1085,6098.8916
1086,4604.4365
1087,9039.842
1088,6429.542
1089,6415.7153
1090,6430.29
1091,6607.5444
1092,5736.9795
1093,4465.3184
1094,5283.648
1095,5198.2646
1096,5247.906
1097,5489.3345
1098,5965.7935
1099,5561.538
1100,4497.383
1101,7240.342
1102,6018.6567
1103,6030.241
1104,6185.4272
1105,2981.3713
1106,3772.639
1107,6713.1313
1108,5384.4463
1109,5133.7236
1110,5088.0493
1111,5194.032
1112,2696.1926
1113,3337.6897
1114,4061.0168
1115,4093.227
1116,4074.1433
1117,4115.8027
1118,4306.3506
1119,2763.2808
1120,3372.9788
1121,6307.263
1122,5125.293
1123,5081.773
1124,5121.1685
1125,5224.89
1126,2704.5962
1127,3383.4912
1128,4105.8584
1129,4127.389
1130,4116.1797
1131,4345.9126
1132,5042.238
1133,2918.9812
1134,3628.5886
1135,7659.9663
1136,5449.0454
1137,5354.4336
1138,5367.924
1139,5409.6455
1140,2723.9045
1141,3458.6343
1142,4222.1123
1143,4158.483
1144,4116.2817
1145,4151.159
1146,4358.45
1147,2691.1594
1148,3517.7837
1149,6216.331
1150,5110.5015
1151,5068.209
1152,5134.7715
1153,7700.2847
1154,6740.8306
1155,10449.001
1156,9105.398
1157,8786.053
1158,8671.746
1159,8626.868
1160,7326.1406
1161,6493.137
1162,7958.28
1163,7861.5312
1164,7891.913
1165,8116.0986
1166,8268.959
1167,7331.677
1168,6498.044
1169,9649.754
1170,8705.258
1171,8611.126
1172,8645.632
1173,8725.574
1174,7353.6606
1175,6517.5283
1176,8108.083
1177,7933.3765
1178,7968.184
1179,8371.95
1180,9316.817
1181,8141.094
1182,7150.7646
1183,11338.28
1184,9518.708
1185,9230.843
1186,8998.268
1187,8856.618
1188,7695.2627
1189,6484.46
1190,8255.2705
1191,7973.019
1192,7931.9614
1193,8151.125
1194,8304.645
1195,7363.3184
1196,6531.02
1197,9489.683
1198,8655.6
1199,8562.004
1200,8636.039
1201,8710.84
1202,7326.8955
1203,12555.468
1204,10583.643
1205,10696.132
1206,10798.151
1207,11214.342
1208,8561.392
1209,7432.723
1210,8725.974
1211,8483.527
1212,8693.228
1213,9005.797
1214,9467.886
1215,8572.7
1216,7442.5415
1217,12106.332
1218,10523.18
1219,10671.94
1220,10866.836
1221,11353.019
1222,8599.413
1223,7465.7334
1224,8766.231
1225,8504.7705
1226,8779.736
1227,9507.956
1228,10902.361
1229,9522.268
1230,8287.656
1231,15214.903
1232,10818.232
1233,10926.543
1234,10936.302
1235,11219.627
1236,8648.444
1237,7432.298
1238,8927.366
1239,8571.155
1240,8737.342
1241,9039.558
1242,9503.377
1243,8604.837
1244,7480.3096
1245,11905.515
1246,10461.925
1247,10609.819
1248,10853.505
1249,10710.843
1250,8922.353
1251,14635.55
1252,11539.2
1253,11250.316
1254,11363.418
1255,11831.665
1256,10637.552
1257,8167.265
1258,10351.81
1259,10027.299
1260,10065.425
1261,10343.036
1262,10811.26
1263,8722.687
1264,8178.053
1265,13784.716
1266,11283.08
1267,11261.503
1268,11414.928
1269,11891.386
1270,10684.794
1271,8203.537
1272,10391.497
1273,10028.839
1274,10229.957
1275,10954.414
1276,12423.095
1277,11859.265
1278,9148.6455
1279,16727.047
1280,11641.042
1281,11479.212
1282,11529.421
1283,11829.476
1284,10745.714
1285,8594.207
1286,10689.503
1287,10078.182
1288,10116.502
1289,10381.809
1290,10851.787
1291,10691.532
1292,8219.554
1293,13556.061
1294,11232.058
1295,11210.578
1296,11415.82
1297,5489.9995
1298,5572.3604
1299,8287.877
1300,6653.275
1301,6501.1436
1302,6517.578
1303,6646.139
1304,5057.3193
1305,5244.458
1306,5307.8994
1307,5265.0234
1308,5328.8306
1309,5540.259
1310,5717.2915
1311,5061.141
1312,5248.4214
1313,7865.604
1314,6412.43
1315,6382.8833
1316,6472.7065
1317,6620.2563
1318,5076.318
1319,5264.1597
1320,5402.751
1321,5318.918
1322,5361.6855
1323,5777.5063
1324,6664.205
1325,5563.544
1326,5668.7886
1327,10062.2
1328,6818.7793
1329,6759.7534
1330,6729.036
1331,6772.1055
1332,5252.658
1333,5237.449
1334,5471.4097
1335,5340.5444
1336,5355.874
1337,5564.17
1338,5741.967
1339,5082.985
1340,5275.057
1341,7735.125
1342,6375.849
1343,6346.4707
1344,6465.5244
1345,3812.2742
1346,4644.8354
1347,7702.834
1348,6238.6055
1349,6012.511
1350,6020.333
1351,6061.416
1352,3444.3118
1353,4081.8416
1354,4874.35
1355,4994.6704
1356,4971.9634
1357,5115.432
1358,5224.2124
1359,3444.3118
1360,4081.8416
1361,7256.07
1362,5978.1885
1363,5927.4277
1364,6060.225
1365,6098.1357
1366,3455.0464
1367,4094.5625
1368,4928.7437
1369,5003.826
1370,5022.001
1371,5401.617
1372,6080.844
1373,3827.6443
1374,4688.7363
1375,9349.639
1376,6316.4023
1377,6206.733
1378,6283.179
1379,6259.9033
1380,3538.8538
1381,4141.0854
1382,5062.971
1383,5069.558
1384,5018.113
1385,5153.958
1386,5272.235
1387,3465.5698
1388,4167.8394
1389,7143.9546
1390,5950.2617
1391,5901.0215
1392,6065.4414
1393,4236.2036
1394,4985.6123
1395,6346.5493
1396,5196.153
1397,5065.6377
1398,5007.1016
1399,5113.1
1400,3885.6936
1401,4470.207
1402,4130.7134
1403,4105.243
1404,4143.401
1405,4181.8413
1406,4415.6636
1407,3885.6936
1408,4470.207
1409,6027.872
1410,5023.956
1411,5013.176
1412,5043.4355
1413,5167.3276
1414,3897.8035
1415,4484.1377
1416,4188.724
1417,4151.7964
1418,4186.156
1419,4345.9165
1420,5107.5337
1421,4436.791
1422,5281.2896
1423,7116.7505
1424,5345.3857
1425,5286.1885
1426,5244.908
1427,5307.1147
1428,3997.576
1429,4712.4375
1430,4302.8027
1431,4178.683
1432,4181.8613
1433,4213.3374
1434,4456.2554
1435,3945.6465
1436,4742.882
1437,5934.731
1438,5000.4863
1439,4990.8413
1440,5047.777
1441,6086.136
1442,5820.751
1443,7691.4985
1444,6180.532
1445,6046.033
1446,6101.9526
1447,6414.308
1448,5746.191
1449,5555.992
1450,4863.5474
1451,4946.7544
1452,5034.51
1453,5284.419
1454,5672.164
1455,4780.1025
1456,5563.3315
1457,6978.6084
1458,5984.698
1459,6007.375
1460,6132.755
1461,6446.687
1462,5771.712
1463,5580.6685
1464,4942.5425
1465,5012.4917
1466,5072.242
1467,5502.0835
1468,6654.5186
1469,6373.2407
1470,6197.339
1471,8930.091
1472,6258.3687
1473,6256.531
1474,6328.94
1475,6591.487
1476,5853.377
1477,5555.6743
1478,5092.419
1479,4971.859
1480,5060.06
1481,5304.23
1482,5693.428
1483,5775.352
1484,5591.565
1485,6862.8413
1486,5950.5513
1487,5973.0986
1488,6125.944
1489,8353.317
1490,7173.91
1491,12717.517
1492,10822.051
1493,10508.206
1494,10564.32
1495,10801.932
1496,8036.702
1497,6769.6123
1498,8908.755
1499,8787.98
1500,8785.709
1501,8989.191
1502,9231.406
1503,8047.3184
1504,6778.5547
1505,11973.349
1506,10540.186
1507,10490.361
1508,10637.521
1509,10870.641
1510,8072.3945
1511,6799.678
1512,8915.819
1513,8757.29
1514,8861.78
1515,9497.642
1516,10797.317
1517,8993.119
1518,7488.326
1519,15233.373
1520,11022.0205
1521,10861.748
1522,10841.576
1523,10903.941
1524,8118.4214
1525,7123.501
1526,9169.507
1527,8844.116
1528,8830.293
1529,9022.89
1530,9266.013
1531,8077.4854
1532,6812.954
1533,11774.736
1534,10478.831
1535,10429.297
1536,10624.473
1537,5735.9614
1538,6569.8945
1539,8424.055
1540,6655.845
1541,6546.762
1542,6677.924
1543,7002.4116
1544,5297.1113
1545,6096.9023
1546,5281.9243
1547,5261.3784
1548,5400.685
1549,5756.1035
1550,6183.7695
1551,5304.109
1552,6169.4946
1553,7981.465
1554,6469.5527
1555,6514.0854
1556,6725.411
1557,7094.2905
1558,5320.638
1559,6188.72
1560,5366.091
1561,5342.2407
1562,5470.7417
1563,5992.8784
1564,7012.872
1565,5857.1357
1566,6710.3213
1567,10704.47
1568,6836.656
1569,6855.717
1570,6944.24
1571,7119.8735
1572,5424.449
1573,6096.5537
1574,5385.967
1575,5303.6987
1576,5432.9727
1577,5782.8765
1578,6206.9517
1579,5323.9937
1580,6200.8037
1581,7849.064
1582,6431.891
1583,6476.165
1584,6717.16
1585,5098.6455
1586,6214.1436
1587,7489.012
1588,5806.0347
1589,5705.0293
1590,5687.5503
1591,5916.6724
1592,4594.8325
1593,5711.356
1594,4591.7437
1595,4421.4043
1596,4485.4556
1597,4599.02
1598,5097.9937
1599,4598.305
1600,5776.0957
1601,6921.7437
1602,5581.0894
1603,5608.0107
1604,5647.735
1605,5942.1455
1606,4612.094
1607,5793.416
1608,4649.8936
1609,4443.818
1610,4515.3594
1611,4865.055
1612,5946.948
1613,5284.58
1614,6206.875
1615,8413.359
1616,5875.999
1617,5880.3276
1618,5873.539
1619,6095.8735
1620,4749.406
1621,5703.723
1622,4730.0146
1623,4492.3706
1624,4516.3286
1625,4627.1777
1626,5152.896
1627,4618.152
1628,5805.4087
1629,6831.174
1630,5582.143
1631,5581.031
1632,5646.539
1633,4872.235
1634,5678.9956
1635,7998.2227
1636,6331.796
1637,6236.8623
1638,6267.5625
1639,6441.241
1640,4543.4907
1641,5331.1743
1642,5035.946
1643,5020.234
1644,5119.4985
1645,5246.8745
1646,5448.4946
1647,4662.681
1648,5338.217
1649,7617.0107
1650,6162.784
1651,6179.218
1652,6299.2007
1653,6473.7563
1654,4563.671
1655,5354.8525
1656,5117.7407
1657,5086.9478
1658,5188.491
1659,5484.384
1660,6120.413
1661,4834.5234
1662,5709.379
1663,10713.479
1664,6373.405
1665,6364.408
1666,6467.3623
1667,6541.756
1668,4663.108
1669,5330.869
1670,5132.0835
1671,5045.7114
1672,5145.4795
1673,5266.5454
1674,5468.921
1675,4566.5493
1676,5365.3076
1677,7490.6553
1678,6136.5176
1679,6152.8813
1680,6301.3403
1681,6363.1455
1682,5642.361
1683,9712.57
1684,8062.453
1685,7824.9946
1686,7875.761
1687,7967.7812
1688,5944.623
1689,5055.1006
1690,6624.5137
1691,6724.2627
1692,6720.3643
1693,6968.93
1694,7146.9736
1695,5952.4756
1696,5061.7783
1697,9098.939
1698,7849.7456
1699,7774.927
1700,7919.987
1701,8008.001
1702,5971.0254
1703,5077.5527
1704,6710.4683
1705,6786.538
1706,6830.0337
1707,7278.264
1708,8062.384
1709,6581.7617
1710,5620.247
1711,11657.407
1712,8274.82
1713,8120.853
1714,8075.059
1715,8037.2925
1716,6124.086
1717,5319.3745
1718,6813.6104
1719,6767.2173
1720,6763.294
1721,7004.1953
1722,7183.1396
1723,5974.791
1724,5087.467
1725,8948.004
1726,7814.2476
1727,7739.767
1728,7920.6064
1729,2487.0212
1730,3061.0771
1731,5017.8447
1732,3772.6208
1733,3579.3167
1734,3552.732
1735,3590.8215
1736,2246.785
1737,2818.0916
1738,3048.5518
1739,3010.2136
1740,2987.2134
1741,3005.178
1742,3109.4077
1743,2248.4844
1744,2820.2231
1745,4615.2363
1746,3536.4407
1747,3509.421
1748,3527.8586
1749,3612.8665
1750,2255.2285
1751,2828.6814
1752,3085.8765
1753,3010.001
1754,3005.0173
1755,3141.957
1756,3447.0596
1757,2433.5457
1758,2999.418
1759,5447.289
1760,3889.6506
1761,3776.052
1762,3710.2175
1763,3728.0593
1764,2325.252
1765,2814.325
1766,3149.3152
1767,3045.1277
1768,3006.7522
1769,3022.5498
1770,3113.5544
1771,2258.19
1772,2834.5378
1773,4565.1514
1774,3536.7815
1775,3492.2122
1776,3526.7854
1777,7799.11
1778,5611.0396
1779,10526.011
1780,8857.572
1781,8891.099
1782,8863.699
1783,9084.588
1784,7271.887
1785,5168.6436
1786,7548.405
1787,7453.8296
1788,7556.062
1789,7985.4243
1790,8308.3125
1791,7277.383
1792,5172.55
1793,9854.553
1794,8609.918
1795,8719.476
1796,8801.653
1797,9123.698
1798,7299.2036
1799,5188.0605
1800,7648.5117
1801,7484.0776
1802,7776.551
1803,8441.138
1804,9565.651
1805,8262.494
1806,5507.2764
1807,11715.937
1808,9151.779
1809,9230.535
1810,9121.027
1811,9273.917
1812,7603.0093
1813,5161.7363
1814,7771.442
1815,7551.5303
1816,7594.4062
1817,8019.8867
1818,8344.168
1819,7308.7896
1820,5198.8003
1821,9752.197
1822,8626.045
1823,8692.141
1824,8814.608
1825,4378.1597
1826,5720.57
1827,6449.036
1828,5185.32
1829,5045.091
1830,5045.8076
1831,5201.31
1832,3843.8135
1833,5127.1904
1834,4077.4597
1835,4020.0613
1836,4069.917
1837,4141.366
1838,4500.2495
1839,3846.7185
1840,5185.3096
1841,5982.1416
1842,4949.624
1843,4963.278
1844,5010.484
1845,5223.704
1846,3858.2544
1847,5200.859
1848,4129.098
1849,4034.8677
1850,4098.8887
1851,4332.4272
1852,5183.7173
1853,4295.8716
1854,5548.89
1855,7064.1826
1856,5292.8184
1857,5285.8306
1858,5247.4453
1859,5396.519
1860,3983.8105
1861,5120.3384
1862,4203.073
1863,4077.728
1864,4091.0488
1865,4159.725
1866,4506.56
1867,3863.322
1868,5211.625
1869,5913.1465
1870,4946.688
1871,4935.537
1872,5005.5063
1873,6487.5405
1874,4964.4
1875,10092.582
1876,8229.744
1877,7978.4814
1878,7989.584
1879,8144.348
1880,6257.9688
1881,4832.725
1882,6671.3345
1883,6798.07
1884,6794.1284
1885,7011.8687
1886,7248.0596
1887,4339.939
1888,4839.1094
1889,9362.31
1890,7963.496
1891,7902.3525
1892,8049.79
1893,8201.089
1894,6285.7627
1895,4854.19
1896,6753.9014
1897,6856.972
1898,6929.8623
1899,7389.167
1900,8601.365
1901,7170.681
1902,5560.684
1903,11783.556
1904,8476.07
1905,8333.924
1906,8311.443
1907,8267.815
1908,6446.89
1909,4832.4487
1910,6861.768
1911,6832.5684
1912,6828.607
1913,7038.155
1914,7275.2314
1915,6289.727
1916,4863.668
1917,9207.006
1918,7943.8027
1919,7882.81
1920,8066.991
1921,6620.73
1922,6463.7793
1923,8879.751
1924,6959.1724
1925,6907.7217
1926,7036.8994
1927,7308.8037
1928,6188.5195
1929,6097.333
1930,5536.651
1931,5504.981
1932,5668.654
1933,6017.526
1934,6402.798
1935,4824.237
1936,6105.387
1937,8376.839
1938,6806.556
1939,6859.6475
1940,7072.421
1941,7345.6973
1942,6216.005
1943,6124.413
1944,5626.576
1945,5578.1353
1946,5745.528
1947,6336.0312
1948,7337.9243
1949,6941.6772
1950,6608.528
1951,10832.936
1952,7154.5923
1953,7181.071
1954,7248.6753
1955,7428.5205
1956,6375.344
1957,6096.984
1958,5664.443
1959,5554.588
1960,5697.4214
1961,6040.085
1962,6426.8013
1963,6219.9253
1964,6136.371
1965,8237.88
1966,6794.0703
1967,6847.0645
1968,7092.0713
1969,3982.9556
1970,2598.4514
1971,8750.018
1972,6672.868
1973,6384.0645
1974,6454.2856
1975,6405.437
1976,3578.0945
1977,2245.9768
1978,5573.9336
1979,5305.8394
1980,5275.414
1981,5410.781
1982,5571.898
1983,3580.7988
1984,2247.6758
1985,8012.455
1986,6217.5645
1987,6173.9746
1988,6316.631
1989,6433.0137
1990,3591.5374
1991,2254.4175
1992,5631.8867
1993,5294.646
1994,5250.009
1995,5625.4814
1996,6390.059
1997,3924.7864
1998,2508.6462
1999,10468.612
2000,6759.1665
2001,6565.942
2002,6653.605
2003,6629.159
2004,3772.4336
2005,2275.821
2006,5749.7603
2007,5359.5586
2008,5302.1865
2009,5434.1333
2010,5579.061
2011,3596.255
2012,2259.0854
2013,7919.126
2014,6213.154
2015,6138.754
2016,6309.622
2017,8549.959
2018,6280.6265
2019,10953.379
2020,8995.891
2021,9063.169
2022,9194.615
2023,9630.933
2024,8326.265
2025,6255.6416
2026,7478.405
2027,7396.4297
2028,7545.382
2029,8137.9966
2030,8638.197
2031,8337.264
2032,6263.905
2033,10398.526
2034,8864.857
2035,8996.062
2036,9241.026
2037,9679.546
2038,8363.243
2039,6283.425
2040,7620.4336
2041,7515.0005
2042,7811.222
2043,8660.001
2044,9746.757
2045,9484.651
2046,7250.874
2047,12844.388
2048,8587.455
2049,9259.66
2050,9487.728
2051,9769.233
2052,8706.255
2053,6315.113
2054,7547.073
2055,7390.1816
2056,7604.5615
2057,8230.733
2058,8794.412
2059,8472.264
2060,6361.5557
2061,10168.206
2062,8797.323
2063,8941.443
2064,9287.734
2065,6016.1714
2066,4287.856
2067,10674.699
2068,8180.581
2069,7964.9927
2070,8057.894
2071,8245.45
2072,5766.165
2073,3994.2253
2074,6741.358
2075,6788.9917
2076,6795.7036
2077,7075.3086
2078,7303.828
2079,4041.2852
2080,3824.9836
2081,9912.857
2082,7918.9595
2083,7896.408
2084,8103.1426
2085,8287.071
2086,5791.775
2087,3836.9043
2088,6824.7915
2089,6847.8154
2090,6942.6973
2091,7517.811
2092,8598.035
2093,6604.5264
2094,4345.1084
2095,12465.894
2096,8418.48
2097,8293.666
2098,8339.268
2099,8327.273
2100,5923.3584
2101,4203.0493
2102,6953.791
2103,6823.444
2104,6830.19
2105,7101.8325
2106,7331.2085
2107,5795.4277
2108,4019.8005
2109,9748.422
2110,7888.105
2111,7865.6416
2112,8108.8716
2113,4572.3115
2114,3441.0735
2115,7809.9404
2116,5788.886
2117,5599.747
2118,5613.1646
2119,5719.3535
2120,4130.5796
2121,3140.246
2122,4871.134
2123,4758.4385
2124,4730.1772
2125,4816.852
2126,5071.9473
2127,4136.036
2128,3144.395
2129,7111.465
2130,5609.482
2131,5569.0073
2132,5644.6865
2133,5748.2246
2134,4148.9263
2135,3154.195
2136,4931.424
2137,4799.671
2138,4799.662
2139,5113.222
2140,5922.9287
2141,4644.8623
2142,3650.249
2143,8752.655
2144,5844.7354
2145,5749.3926
2146,5775.936
2147,5814.0757
2148,4206.1816
2149,3140.0664
2150,5147.689
2151,4782.588
2152,4754.183
2153,4834.9106
2154,5090.962
2155,4151.543
2156,3160.3545
2157,6994.308
2158,5577.4756
2159,5537.232
2160,5638.4175
2161,4370.223
2162,4751.898
2163,9090.257
2164,7004.9565
2165,6670.66
2166,6754.9326
2167,6795.6064
2168,4127.09
2169,4576.6704
2170,5941.1084
2171,5865.203
2172,5855.7393
2173,6007.318
2174,6178.8936
2175,4130.209
2176,4628.551
2177,8485.988
2178,6694.243
2179,6605.188
2180,6753.644
2181,6869.718
2182,4142.5947
2183,4642.4307
2184,6039.8315
2185,5912.171
2186,5857.482
2187,6197.274
2188,7004.0547
2189,4478.3755
2190,4839.1416
2191,11203.416
2192,7261.9062
2193,7044.824
2194,7031.385
2195,6947.208
2196,4264.556
2197,4555.242
2198,6140.932
2199,5950.574
2200,5890.7466
2201,6038.668
2202,6205.5605
2203,4148.0356
2204,4652.041
2205,8345.219
2206,6656.055
2207,6567.5073
2208,6746.15
2209,8161.9307
2210,5723.637
2211,10260.503
2212,8818.594
2213,8943.917
2214,8943.021
2215,9215.994
2216,8088.7183
2217,5269.4546
2218,7417.4683
2219,7401.68
2220,7500.4355
2221,8096.777
2222,8386.567
2223,8088.7183
2224,5039.5356
2225,9735.859
2226,8731.651
2227,8852.843
2228,9013.325
2229,9288.443
2230,8113.924
2231,5055.24
2232,7532.446
2233,7502.095
2234,7644.1797
2235,8434.627
2236,9511.711
2237,9098.314
2238,5858.1304
2239,12008.618
2240,9138.242
2241,9213.032
2242,9113.349
2243,9268.319
2244,8171.1455
2245,5270.681
2246,7702.9883
2247,7571.414
2248,7704.252
2249,8115.7427
2250,8525.757
2251,8016.4375
2252,5304.731
2253,9641.098
2254,8730.411
2255,8837.809
2256,8989.655
2257,10001.128
2258,8295.169
2259,14890.775
2260,11543.482
2261,11590.468
2262,11708.8545
2263,12087.595
2264,9664.73
2265,7849.1167
2266,10236.506
2267,9969.843
2268,10216.276
2269,10506.222
2270,10947.99
2271,9677.497
2272,7859.4844
2273,14267.073
2274,11461.084
2275,11623.103
2276,11783.331
2277,12237.069
2278,9707.652
2279,7883.9756
2280,10287.136
2281,9982.154
2282,10355.147
2283,10991.546
2284,12237.209
2285,10563.686
2286,8476.92
2287,17538.756
2288,11662.868
2289,11779.634
2290,11823.013
2291,12110.651
2292,9763.002
2293,7848.6675
2294,10472.757
2295,10072.819
2296,10268.119
2297,10545.605
2298,10989.03
2299,9713.774
2300,7899.3687
2301,14030.417
2302,11394.37
2303,11555.445
2304,11768.876
2305,6895.7275
2306,6240.3257
2307,8871.684
2308,7115.4473
2309,7043.8228
2310,7180.989
2311,7499.8843
2312,6427.672
2313,5845.176
2314,5746.635
2315,5783.097
2316,5897.4873
2317,6265.1895
2318,6716.5454
2319,6436.1626
2320,5914.771
2321,8390.16
2322,6931.5347
2323,6994.802
2324,7217.2373
2325,7537.7427
2326,6456.2188
2327,5933.203
2328,5844.5625
2329,5864.554
2330,6006.292
2331,6585.3096
2332,7643.779
2333,7205.9634
2334,6869.9863
2335,10777.121
2336,7315.255
2337,7351.9985
2338,7426.8413
2339,7625.1157
2340,6621.715
2341,5844.841
2342,5879.273
2343,5835.21
2344,5927.4165
2345,6288.6772
2346,6741.724
2347,6460.2905
2348,5944.7876
2349,8260.271
2350,6924.233
2351,6987.433
2352,7242.9526
2353,7304.8174
2354,5515.693
2355,12535.414
2356,10237.316
2357,9889.051
2358,9829.3955
2359,9698.148
2360,7041.1963
2361,5183.999
2362,8200.4
2363,8017.9673
2364,7981.3354
2365,8080.9224
2366,8111.664
2367,7046.5176
2368,5187.917
2369,11374.955
2370,9797.301
2371,9721.634
2372,9760.591
2373,9739.899
2374,7067.6465
2375,5203.4736
2376,8290.558
2377,8034.8013
2378,8085.155
2379,8366.299
2380,9074.387
2381,7832.499
2382,5727.198
2383,13712.767
2384,10468.463
2385,10205.769
2386,10065.233
2387,9968.093
2388,7272.5947
2389,5448.032
2390,8422.713
2391,8058.6553
2392,8021.8374
2393,8115.797
2394,8146.6714
2395,7076.9287
2396,5214.2456
2397,11242.465
2398,9803.144
2399,9678.808
2400,9762.499
2401,8724.151
2402,7000.415
2403,11019.6455
2404,9564.073
2405,9262.504
2406,9224.902
2407,9376.125
2408,8346.477
2409,6509.26
2410,8148.5986
2411,8118.855
2412,8126.8813
2413,8392.921
2414,8654.41
2415,8357.502
2416,6517.858
2417,10326.299
2418,9242.648
2419,9199.115
2420,9276.703
2421,9423.453
2422,8383.545
2423,6538.169
2424,8271.774
2425,8211.365
2426,8373.587
2427,8907.379
2428,9810.551
2429,9503.341
2430,7436.219
2431,12650.075
2432,8760.414
2433,9612.276
2434,9589.237
2435,9602.206
2436,8534.193
2437,6041.635
2438,8351.589
2439,8118.437
2440,8171.496
2441,8446.389
2442,8695.209
2443,8304.827
2444,5783.3784
2445,10130.492
2446,9178.642
2447,9133.423
2448,9277.27
2449,9035.687
2450,8252.105
2451,12011.104
2452,9734.559
2453,9700.008
2454,9755.463
2455,10213.48
2456,8795.679
2457,8209.345
2458,8153.6597
2459,7995.042
2460,8156.048
2461,8670.497
2462,9165.117
2463,8807.297
2464,8220.188
2465,11349.998
2466,9589.731
2467,9683.637
2468,9804.705
2469,10265.034
2470,8834.741
2471,8245.804
2472,8290.984
2473,8106.0723
2474,8341.63
2475,9093.482
2476,10366.699
2477,9864.285
2478,9253.647
2479,13878.655
2480,9945.813
2481,10002.358
2482,9979.137
2483,10278.613
2484,8907.498
2485,8245.049
2486,8341.845
2487,8077.624
2488,8245.119
2489,8714.371
2490,9240.013
2491,8879.269
2492,8298.311
2493,11161.725
2494,9546.365
2495,9639.847
2496,9805.472
2497,6677.44
2498,6284.174
2499,9450.662
2500,7472.537
2501,7437.666
2502,7548.614
2503,7734.963
2504,6200.36
2505,5907.83
2506,6028.591
2507,6003.984
2508,6155.7104
2509,6541.762
2510,6929.373
2511,6205.046
2512,5912.295
2513,8794.151
2514,7229.894
2515,7321.8936
2516,7520.9663
2517,7768.2627
2518,6223.652
2519,5930.0234
2520,6104.933
2521,6034.4185
2522,6197.2676
2523,6902.5913
2524,8016.6826
2525,7054.244
2526,6288.179
2527,11133.985
2528,7758.5923
2529,7825.3604
2530,7842.9873
2531,7947.622
2532,6521.4897
2533,5895.9014
2534,6257.742
2535,6140.692
2536,6214.73
2537,6599.495
2538,7029.125
2539,6261.145
2540,5958.196
2541,8719.352
2542,7257.205
2543,7312.8135
2544,7546.353
2545,6316.3237
2546,4994.8037
2547,11935.928
2548,10038.753
2549,9827.117
2550,9795.525
2551,9878.729
2552,5875.814
2553,4201.702
2554,7938.243
2555,7898.947
2556,7854.4863
2557,7977.142
2558,8070.5933
2559,5883.5757
2560,4066.2112
2561,11215.005
2562,9882.997
2563,9806.874
2564,9871.118
2565,9977.823
2566,5901.9106
2567,4078.8835
2568,8028.6196
2569,7960.6787
2570,8125.254
2571,8499.937
2572,9186.56
2573,6710.6797
2574,4742.19
2575,14045.841
2576,8487.38
2577,10057.374
2578,9964.233
2579,9853.51
2580,6295.0083
2581,4097.278
2582,8052.04
2583,7852.516
2584,7843.9824
2585,7969.1646
2586,8020.5674
2587,6142.479
2588,3963.588
2589,11008.646
2590,9807.361
2591,9759.697
2592,9807.015
2593,2798.7515
2594,3584.7122
2595,7291.383
2596,5115.0615
2597,4912.4424
2598,4919.725
2599,5022.825
2600,2551.1082
2601,3286.74
2602,4211.172
2603,4163.3135
2604,4116.4546
2605,4166.675
2606,4319.6187
2607,2618.0447
2608,3325.879
2609,6833.2656
2610,4940.5483
2611,4894.183
2612,4947.3535
2613,5048.181
2614,2562.4436
2615,3336.2444
2616,4263.2954
2617,4185.537
2618,4166.385
2619,4401.7017
2620,4924.467
2621,2690.088
2622,3511.0115
2623,8918.7705
2624,5168.555
2625,5073.133
2626,5078.7734
2627,5103.618
2628,2593.1826
2629,3286.552
2630,4331.39
2631,4184.4434
2632,4137.346
2633,4182.2964
2634,4335.8135
2635,2564.0576
2636,3342.7593
2637,6719.909
2638,4915.433
2639,4869.303
2640,4944.952
2641,3275.5874
2642,3308.4995
2643,6304.671
2644,5299.5117
2645,5040.6074
2646,5019.961
2647,5014.6006
2648,2924.602
2649,2996.095
2650,4113.895
2651,4096.391
2652,4094.5703
2653,4122.404
2654,4287.7
2655,2926.814
2656,2998.3596
2657,5768.536
2658,4963.4814
2659,4954.9053
2660,4984.8184
2661,5036.191
2662,2935.5918
2663,3007.3518
2664,4156.671
2665,4088.638
2666,4082.1687
2667,4278.716
2668,4875.0566
2669,3152.1858
2670,3182.8562
2671,6713.81
2672,5401.411
2673,5274.911
2674,5224.302
2675,5183.7026
2676,3033.5588
2677,2992.0903
2678,4244.1675
2679,4138.349
2680,4115.83
2681,4140.6787
2682,4299.943
2683,2939.4463
2684,3013.5781
2685,5702.0044
2686,4960.5376
2687,4927.211
2688,4979.866
2689,4454.181
2690,4862.5405
2691,8459.699
2692,6692.7236
2693,6385.8794
2694,6455.4863
2695,6378.6655
2696,4079.2297
2697,4541.675
2698,5731.231
2699,5443.331
2700,5381.1143
2701,5517.687
2702,5654.4565
2703,4082.3127
2704,4545.1074
2705,7941.3257
2706,6392.6133
2707,6299.1167
2708,6432.5903
2709,6433.1797
2710,4094.5547
2711,4558.737
2712,5820.59
2713,5468.5034
2714,5385.3965
2715,5736.0986
2716,6513.315
2717,4473.547
2718,5108.3765
2719,9974.912
2720,6790.9087
2721,6579.075
2722,6643.801
2723,6609.94
2724,4153.0957
2725,4520.41
2726,5912.7065
2727,5499.082
2728,5408.423
2729,5541.501
2730,5678.8604
2731,4099.9326
2732,4568.1743
2733,7809.5903
2734,6356.1455
2735,6263.182
2736,6425.4526
2737,6474.491
2738,5274.4683
2739,9213.401
2740,7001.5034
2741,6926.717
2742,7007.289
2743,7156.79
2744,6024.848
2745,4714.1235
2746,5908.2417
2747,5867.1333
2748,5977.0884
2749,6198.97
2750,6566.7935
2751,6029.4014
2752,4717.6865
2753,8537.238
2754,6767.456
2755,6829.734
2756,6958.2363
2757,7187.601
2758,6047.481
2759,4731.8335
2760,5983.06
2761,5887.4604
2762,5999.4497
2763,6451.8296
2764,7525.509
2765,6631.246
2766,4703.64
2767,10390.813
2768,7280.896
2769,7281.4307
2770,7226.8394
2771,7431.2344
2772,6205.7915
2773,4707.8237
2774,6129.176
2775,5997.161
2776,6030.8105
2777,6249.964
2778,6657.369
2779,6055.4233
2780,4741.629
2781,8459.595
2782,6788.9854
2783,6817.212
2784,6977.5767
2785,8943.252
2786,7793.8228
2787,12245.837
2788,10646.759
2789,10647.286
2790,10669.6
2791,10821.37
2792,8468.936
2793,7250.0166
2794,9060.93
2795,8753.022
2796,8863.353
2797,9255.811
2798,9594.589
2799,7959.889
2800,7255.495
2801,11506.703
2802,10361.816
2803,10482.17
2804,10594.914
2805,10867.955
2806,8500.748
2807,7277.251
2808,9065.321
2809,8677.72
2810,8881.072
2811,9617.045
2812,10974.084
2813,9572.359
2814,7501.151
2815,14149.073
2816,10919.553
2817,11001.457
2818,10919.448
2819,11033.316
2820,8722.762
2821,7240.328
2822,9328.652
2823,8867.75
2824,8908.33
2825,9295.755
2826,9635.995
2827,8511.911
2828,7292.3145
2829,11315.831
2830,10367.995
2831,10435.993
2832,10596.986
2833,8177.7104
2834,7612.174
2835,10185.241
2836,8527.7
2837,8549.078
2838,8554.959
2839,8991.267
2840,7874.439
2841,7496.8594
2842,7215.344
2843,7170.654
2844,7315.0596
2845,7782.1455
2846,8178.49
2847,7884.8403
2848,7506.762
2849,9628.48
2850,8403.486
2851,8485.777
2852,8598.143
2853,9036.652
2854,7909.4106
2855,7530.1543
2856,7352.3774
2857,7285.6055
2858,7536.0317
2859,8239.97
2860,9423.049
2861,8886.529
2862,8456.465
2863,12124.508
2864,8777.267
2865,8827.169
2866,8785.525
2867,9022.0205
2868,8120.6284
2869,7534.594
2870,7391.2954
2871,7253.9663
2872,7404.385
2873,7831.506
2874,8255.846
2875,7959.4185
2876,7583.2666
2877,9480.844
2878,8376.159
2879,8458.183
2880,8609.787
2881,3980.0083
2882,4220.9004
2883,8802.888
2884,6694.869
2885,6378.5376
2886,6414.62
2887,6542.286
2888,3702.5945
2889,4004.698
2890,5637.4766
2891,5568.8267
2892,5540.5337
2893,5649.119
2894,5862.4736
2895,3705.393
2896,4050.0957
2897,8076.869
2898,6346.973
2899,6294.0
2900,6391.1255
2901,6570.452
2902,3716.5051
2903,4062.2412
2904,5696.09
2905,5565.9644
2906,5542.1826
2907,5827.3228
2908,6755.6797
2909,4041.9136
2910,4259.8237
2911,10654.651
2912,6845.778
2913,6674.498
2914,6635.441
2915,6713.8164
2916,3825.9324
2917,3985.9468
2918,5786.237
2919,5597.088
2920,5568.6514
2921,5673.5005
2922,5887.775
2923,3721.3865
2924,4070.651
2925,7980.3765
2926,6355.4907
2927,6270.941
2928,6397.139
2929,8246.803
2930,6811.1934
2931,10715.758
2932,8953.519
2933,8944.838
2934,8991.49
2935,9240.004
2936,7953.727
2937,6789.84
2938,7390.943
2939,7429.4204
2940,7491.534
2941,7983.1245
2942,8422.23
2943,7959.7373
2944,6567.2007
2945,10039.519
2946,8709.535
2947,8801.662
2948,8958.559
2949,9279.783
2950,7983.6045
2951,6586.8926
2952,7504.7935
2953,7487.2905
2954,7704.6562
2955,8451.578
2956,9478.131
2957,9061.587
2958,7241.0186
2959,12028.116
2960,9238.735
2961,9298.485
2962,9276.854
2963,9496.527
2964,8259.177
2965,6758.0513
2966,7652.1675
2967,7596.9204
2968,7561.707
2969,8051.8174
2970,8533.934
2971,7994.089
2972,6901.65
2973,9919.647
2974,8732.676
2975,8780.935
2976,8978.764
2977,7033.692
2978,6636.2134
2979,10386.84
2980,8275.034
2981,8090.439
2982,8109.622
2983,8271.364
2984,6615.3325
2985,6415.5073
2986,6933.075
2987,7035.4233
2988,7020.0596
2989,7315.276
2990,7574.0938
2991,6788.8555
2992,6491.892
2993,9734.392
2994,8050.0586
2995,8012.1416
2996,8146.384
2997,8313.116
2998,6644.7134
2999,6512.1226
3000,7018.8813
3001,7096.382
3002,7184.003
3003,7640.637
3004,8732.81
3005,7460.6367
3006,7287.6353
3007,12166.313
3008,8515.68
3009,8373.755
3010,8342.457
3011,8303.338
3012,6795.658
3013,6415.14
3014,7159.2544
3015,7071.126
3016,7055.684
3017,7342.699
3018,7602.4873
3019,6648.904
3020,6524.837
3021,9572.916
3022,8045.6987
3023,8007.8022
3024,8179.598
3025,6190.8574
3026,4444.1357
3027,12082.869
3028,10154.89
3029,9959.464
3030,9900.508
3031,10007.712
3032,5743.473
3033,3906.8604
3034,8141.0166
3035,8100.7163
3036,8070.239
3037,8196.264
3038,8247.565
3039,5751.06
3040,3780.8748
3041,11322.266
3042,9970.204
3043,9911.978
3044,9976.91
3045,10108.102
3046,5768.982
3047,3792.658
3048,8233.701
3049,8164.0254
3050,8307.1875
3051,8709.71
3052,9362.516
3053,6559.5254
3054,4207.911
3055,14250.577
3056,10343.392
3057,10181.589
3058,10103.87
3059,10028.743
3060,5889.5444
3061,4111.1177
3062,8373.667
3063,8166.175
3064,8118.4834
3065,8234.384
3066,8278.483
3067,5772.6206
3068,3973.4458
3069,11134.452
3070,9912.167
3071,9854.28
3072,9964.671
3073,2481.6987
3074,3229.2402
3075,5181.898
3076,3873.684
3077,3684.8218
3078,3661.0315
3079,3758.3677
3080,2219.9692
3081,2943.733
3082,3126.0068
3083,3031.3718
3084,3026.2573
3085,3062.3535
3086,3180.5828
3087,2221.6484
3088,2977.1165
3089,4811.681
3090,3665.8857
3091,3629.1633
3092,3651.7988
3093,3765.1714
3094,2228.312
3095,2986.0452
3096,3190.9065
3097,3056.665
3098,3044.2942
3099,3197.0737
3100,3520.6675
3101,2404.502
3102,3462.794
3103,5660.484
3104,4001.4863
3105,3894.7893
3106,3830.6287
3107,3877.4106
3108,2289.8027
3109,2929.9512
3110,3235.506
3111,3072.3965
3112,3041.6177
3113,3075.5723
3114,3194.3115
3115,2231.2383
3116,2992.2273
3117,4739.3003
3118,3650.7053
3119,3614.1348
3120,3653.4854
3121,10759.487
3122,9537.11
3123,16503.283
3124,13775.175
3125,13343.969
3126,13443.581
3127,13323.329
3128,10448.243
3129,9112.948
3130,12015.068
3131,11550.013
3132,11544.628
3133,11680.746
3134,11893.133
3135,10456.139
3136,9119.835
3137,15399.183
3138,13353.44
3139,13221.139
3140,13366.922
3141,13439.39
3142,10487.49
3143,9147.18
3144,11834.9375
3145,11291.498
3146,11286.61
3147,11929.793
3148,12687.786
3149,11055.648
3150,9631.107
3151,18235.6
3152,14035.355
3153,13653.037
3154,13594.993
3155,13473.13
3156,10761.3955
3157,9577.054
3158,12402.779
3159,11682.184
3160,11603.21
3161,11731.154
3162,11944.457
3163,10501.263
3164,9166.114
3165,15143.749
3166,13277.27
3167,13145.722
3168,13352.091
3169,3123.1602
3170,4038.3333
3171,6306.2705
3172,5069.5967
3173,4818.2812
3174,4816.7144
3175,4884.953
3176,2720.823
3177,3532.5295
3178,4077.8213
3179,3873.6768
3180,3841.647
3181,3885.9048
3182,4041.2195
3183,2724.4204
3184,3537.1965
3185,5890.825
3186,4826.897
3187,4795.484
3188,4844.328
3189,4929.2935
3190,2732.912
3191,3548.2205
3192,4128.7754
3193,3902.3088
3194,3895.733
3195,4095.7344
3196,4719.5454
3197,2964.9968
3198,3872.1177
3199,7013.193
3200,5131.261
3201,5051.153
3202,5028.784
3203,5070.1626
3204,2752.4028
3205,3532.3274
3206,4194.722
3207,3893.7898
3208,3861.1445
3209,3900.474
3210,4056.3708
3211,2734.6335
3212,3555.1492
3213,5793.101
3214,4798.797
3215,4767.5664
3216,4838.385
3217,5683.4175
3218,5333.2085
3219,8570.7705
3220,6836.1406
3221,6600.326
3222,6657.2485
3223,6801.0205
3224,5341.497
3225,5083.635
3226,5758.811
3227,5806.804
3228,5783.8916
3229,5917.988
3230,6139.837
3231,5317.381
3232,5144.1646
3233,8074.019
3234,6614.1465
3235,6566.424
3236,6687.4277
3237,6835.3516
3238,5365.2207
3239,5160.1953
3240,5830.086
3241,5857.119
3242,5859.7676
3243,6177.261
3244,7112.1904
3245,5895.609
3246,5824.411
3247,10295.6455
3248,6981.944
3249,6868.0537
3250,6882.54
3251,6875.3813
3252,5431.4697
3253,5083.3438
3254,5929.582
3255,5836.273
3256,5813.2437
3257,5940.174
3258,6162.8545
3259,5368.6045
3260,5170.271
3261,7940.0835
3262,6598.557
3263,6550.9473
3264,6702.498
3265,7796.2314
3266,7305.765
3267,11158.127
3268,9703.395
3269,9354.286
3270,9276.818
3271,9220.927
3272,7388.3
3273,6489.4595
3274,8296.095
3275,8203.991
3276,8168.223
3277,8332.692
3278,8499.499
3279,7393.8833
3280,6494.3633
3281,10308.822
3282,9342.035
3283,9235.511
3284,9248.76
3285,9299.684
3286,7416.0537
3287,6513.837
3288,8416.208
3289,8263.077
3290,8306.142
3291,8722.512
3292,9726.41
3293,8248.974
3294,7563.3013
3295,12283.011
3296,10096.654
3297,9785.479
3298,9549.188
3299,9470.261
3300,7586.9927
3301,6819.969
3302,8576.691
3303,8311.832
3304,8217.054
3305,8376.176
3306,8536.18
3307,7425.793
3308,6527.321
3309,10137.819
3310,9288.744
3311,9182.827
3312,9238.497
3313,4303.131
3314,4866.856
3315,7332.0825
3316,5558.473
3317,5378.8457
3318,5343.3315
3319,5513.699
3320,3925.3704
3321,4469.252
3322,4184.7866
3323,4191.858
3324,4262.1323
3325,4362.156
3326,4609.7104
3327,3930.5562
3328,4522.468
3329,6891.592
3330,5327.1636
3331,5342.027
3332,5370.305
3333,5541.5327
3334,3942.806
3335,4536.5615
3336,4252.7593
3337,4247.566
3338,4325.304
3339,4633.7725
3340,5278.419
3341,4390.028
3342,5120.099
3343,8790.68
3344,5615.751
3345,5608.5137
3346,5599.512
3347,5686.921
3348,4000.414
3349,4468.996
3350,4264.678
3351,4213.1323
3352,4283.7637
3353,4378.5103
3354,4626.9927
3355,3945.2927
3356,4545.4194
3357,6778.057
3358,5296.7676
3359,5311.5464
3360,5364.341
3361,5442.132
3362,6875.703
3363,8429.89
3364,6762.7524
3365,6697.89
3366,6791.9194
3367,6974.0103
3368,5183.233
3369,6216.3784
3370,5288.685
3371,5357.8667
3372,5532.5435
3373,5864.739
3374,6116.754
3375,5183.233
3376,6216.3784
3377,8186.6694
3378,6626.176
3379,6621.7466
3380,6840.941
3381,7075.6797
3382,5199.3857
3383,6235.75
3384,5374.307
3385,5434.2373
3386,5577.231
3387,6144.225
3388,6928.494
3389,5550.9653
3390,6421.121
3391,11163.844
3392,6987.8867
3393,6968.671
3394,7031.854
3395,7176.1206
3396,5233.8384
3397,6217.825
3398,5505.8843
3399,5487.1514
3400,5607.0854
3401,5900.391
3402,6142.473
3403,5136.9126
3404,6257.9927
3405,8074.312
3406,6611.34
3407,6620.086
3408,6836.962
3409,2977.311
3410,3669.01
3411,8332.541
3412,6149.191
3413,5908.529
3414,5913.9927
3415,6124.0454
3416,2660.2148
3417,3225.598
3418,4959.771
3419,4837.429
3420,4797.767
3421,4862.2114
3422,5104.7915
3423,2663.7322
3424,3264.0088
3425,7831.199
3426,5929.916
3427,5887.1294
3428,5952.55
3429,6178.1274
3430,2672.035
3431,3274.1816
3432,5013.8594
3433,4875.9355
3434,4855.3657
3435,5141.7314
3436,5786.1924
3437,2820.3926
3438,3395.1763
3439,10406.037
3440,6175.117
3441,6074.386
3442,6114.0005
3443,6231.5405
3444,2706.2637
3445,3225.4133
3446,5098.519
3447,4870.7246
3448,4826.4507
3449,4884.827
3450,5123.929
3451,2673.7178
3452,3280.5754
3453,7701.291
3454,5895.3955
3455,5852.858
3456,5945.247
3457,6110.5376
3458,4981.0015
3459,9717.426
3460,7546.5474
3461,7485.2056
3462,7596.8623
3463,7815.619
3464,5624.8057
3465,4469.563
3466,6210.529
3467,6208.142
3468,6336.732
3469,6671.042
3470,7074.506
3471,5629.0566
3472,4472.941
3473,9072.016
3474,7366.43
3475,7397.0576
3476,7598.174
3477,7903.7246
3478,5645.9355
3479,4486.354
3480,6324.746
3481,6273.801
3482,6366.1567
3483,6862.913
3484,8052.885
3485,6292.8174
3486,4696.395
3487,11754.383
3488,7874.349
3489,7874.9272
3490,7873.05
3491,8010.0786
3492,5888.427
3493,4448.6357
3494,6430.204
3495,6333.3545
3496,6368.8896
3497,6699.8325
3498,7105.037
3499,5653.351
3500,4495.6416
3501,8921.526
3502,7324.4077
3503,7354.8604
3504,7589.743
3505,5633.794
3506,3875.0813
3507,7407.344
3508,5944.8613
3509,5890.1514
3510,6000.383
3511,6323.7144
3512,5244.793
3513,3505.3057
3514,4881.902
3515,4798.3667
3516,4916.4834
3517,5170.7295
3518,5725.9854
3519,5251.7217
3520,3509.9365
3521,6982.39
3522,5808.5103
3523,5860.9194
3524,6031.3745
3525,6394.3086
3526,5268.0874
3527,3520.8757
3528,4961.7725
3529,4854.935
3530,4954.8013
3531,5408.294
3532,6809.121
3533,5942.242
3534,4077.6697
3535,8807.943
3536,5972.956
3537,6002.335
3538,6148.921
3539,6397.804
3540,5335.5645
3541,3505.105
3542,4975.678
3543,4823.28
3544,4941.4346
3545,5190.1147
3546,5747.4517
3547,5271.41
3548,3527.751
3549,6866.5605
3550,5774.697
3551,5826.8003
3552,6023.975
3553,5707.359
3554,4323.019
3555,7613.902
3556,6079.029
3557,6023.0845
3558,6021.206
3559,6277.2607
3560,5411.2764
3561,4143.7646
3562,4651.8145
3563,4677.118
3564,4770.2046
3565,4961.815
3566,5389.826
3567,4079.7512
3568,4149.239
3569,7014.21
3570,5928.366
3571,5981.8564
3572,6051.601
3573,6308.9478
3574,5435.31
3575,4162.17
3576,4727.3716
3577,4739.273
3578,4815.07
3579,5179.768
3580,6391.1562
3581,6038.996
3582,4650.781
3583,8956.38
3584,5553.311
3585,6068.728
3586,6150.892
3587,6286.686
3588,5615.8154
3589,4120.5366
3590,4795.484
3591,4640.084
3592,4715.6484
3593,4992.303
3594,5401.767
3595,5498.7466
3596,4150.8423
3597,6897.3
3598,5890.0107
3599,5924.703
3600,6051.3125
3601,8146.034
3602,6774.108
3603,10862.422
3604,9139.75
3605,9130.889
3606,9108.387
3607,9390.659
3608,7743.7026
3609,6517.0933
3610,7790.203
3611,7714.973
3612,7779.4736
3613,8206.762
3614,8671.274
3615,7760.8716
3616,6590.965
3617,10281.123
3618,8912.206
3619,9006.476
3620,9075.027
3621,9431.087
3622,7772.791
3623,6610.728
3624,7910.2026
3625,7762.656
3626,8024.7456
3627,8620.979
3628,9726.884
3629,8758.384
3630,6995.809
3631,12191.078
3632,9413.778
3633,9474.66
3634,9374.775
3635,9531.19
3636,8012.501
3637,6486.5815
3638,8020.384
3639,7816.096
3640,7818.9517
3641,8242.179
3642,8708.696
3643,7782.999
3644,6624.4126
3645,10110.579
3646,8948.652
3647,8998.1045
3648,9108.491
3649,8394.322
3650,5881.545
3651,10366.462
3652,8761.442
3653,8762.01
3654,8727.555
3655,9091.982
3656,7998.253
3657,5655.519
3658,7470.2563
3659,7435.3257
3660,7570.093
3661,8015.329
3662,8396.772
3663,8008.8184
3664,5415.9033
3665,9746.469
3666,8579.931
3667,8673.508
3668,8788.357
3669,9155.323
3670,8033.775
3671,5432.781
3672,7596.0728
3673,7538.5835
3674,7740.092
3675,8359.599
3676,9506.958
3677,8966.697
3678,6051.5835
3679,12254.249
3680,7955.373
3681,8964.679
3682,9085.715
3683,9282.146
3684,8416.505
3685,5641.0854
3686,7529.242
3687,7419.577
3688,7619.743
3689,8088.402
3690,8510.71
3691,8152.4854
3692,5682.5723
3693,9589.914
3694,8539.812
3695,8606.149
3696,8812.876
3697,6781.756
3698,7492.034
3699,10519.798
3700,9162.592
3701,8903.565
3702,8895.306
3703,8987.589
3704,6337.373
3705,6685.4375
3706,7788.4126
3707,7708.3237
3708,7661.0186
3709,7750.375
3710,7883.389
3711,6345.744
3712,6694.269
3713,10015.8955
3714,8952.537
3715,8878.007
3716,8955.347
3717,9052.888
3718,6365.519
3719,6790.1445
3720,7878.0
3721,7781.893
3722,7802.413
3723,8058.2554
3724,8741.359
3725,6908.295
3726,7168.4243
3727,13022.916
3728,8216.379
3729,8967.852
3730,9035.997
3731,8981.556
3732,6543.734
3733,6281.471
3734,7916.558
3735,7676.159
3736,7663.0063
3737,7759.177
3738,7884.7803
3739,6383.2974
3740,6012.9644
3741,9784.265
3742,8841.249
3743,8775.551
3744,8916.21
3745,3665.8997
3746,3533.318
3747,7751.9424
3748,5915.1997
3749,5638.5894
3750,5624.4087
3751,5798.137
3752,3324.0295
3753,3239.002
3754,4641.142
3755,4628.2812
3756,4606.9893
3757,4664.674
3758,4843.007
3759,3328.4211
3760,3243.2812
3761,7215.668
3762,5636.288
3763,5603.156
3764,5655.9937
3765,5827.4062
3766,3338.7947
3767,3253.3894
3768,4698.5864
3769,4668.386
3770,4650.9937
3771,4972.4946
3772,5667.1885
3773,3745.5867
3774,3754.1753
3775,9318.817
3776,5461.388
3777,5776.542
3778,5832.728
3779,5900.633
3780,3446.948
3781,3128.632
3782,4740.173
3783,4619.165
3784,4623.397
3785,4689.0093
3786,4851.3984
3787,3375.0837
3788,3151.6445
3789,7061.468
3790,5576.231
3791,5553.115
3792,5650.51
3793,6934.054
3794,6036.439
3795,10835.013
3796,8428.169
3797,8083.79
3798,8052.562
3799,8145.9253
3800,6582.691
3801,5844.3726
3802,6872.333
3803,6914.241
3804,6891.283
3805,7080.8447
3806,7334.013
3807,6587.6655
3808,5910.62
3809,9869.791
3810,7937.5317
3811,7891.1455
3812,7996.194
3813,8180.9946
3814,6607.4185
3815,5928.3438
3816,6943.783
3817,6910.6875
3818,6958.2764
3819,7443.3438
3820,8462.411
3821,7447.9385
3822,6646.7036
3823,11934.994
3824,8718.536
3825,8497.343
3826,8408.321
3827,8456.255
3828,6873.198
3829,5818.6304
3830,7113.8457
3831,7014.0693
3832,6955.8345
3833,7141.7744
3834,7374.198
3835,6599.6904
3836,5922.3643
3837,9751.946
3838,7958.6216
3839,7872.5615
3840,8014.2285
3841,11712.674
3842,11662.301
3843,15728.18
3844,13136.647
3845,13143.102
3846,13241.784
3847,13600.519
3848,11408.518
3849,11762.535
3850,11733.627
3851,11205.0625
3852,11343.753
3853,11494.111
3854,12109.161
3855,10722.802
3856,11771.424
3857,14758.705
3858,12893.322
3859,13048.839
3860,13193.288
3861,13659.067
3862,11451.371
3863,11806.719
3864,11525.737
3865,10925.271
3866,11218.279
3867,11848.151
3868,13038.861
3869,12246.328
3870,12187.067
3871,17139.525
3872,13353.364
3873,13459.464
3874,13423.454
3875,13750.472
3876,11711.076
3877,11707.47
3878,12080.312
3879,11351.925
3880,11401.316
3881,11543.714
3882,12161.418
3883,11466.409
3884,11831.157
3885,14513.894
3886,12901.011
3887,12991.356
3888,13195.868
3889,6428.15
3890,4933.5176
3891,9052.715
3892,7639.1577
3893,7310.5396
3894,7306.2246
3895,7400.6284
3896,6073.61
3897,4719.4326
3898,6273.1963
3899,6338.5396
3900,6326.387
3901,6461.899
3902,6751.3574
3903,6078.1997
3904,4722.9995
3905,8253.278
3906,7214.243
3907,7154.0327
3908,7255.08
3909,7432.4893
3910,6096.426
3911,4737.1626
3912,6338.4185
3913,6335.2817
3914,6294.0537
3915,6678.58
3916,7594.312
3917,6677.1597
3918,4984.642
3919,10096.616
3920,7874.6943
3921,7639.2964
3922,7573.0176
3923,7595.6377
3924,6376.78
3925,4713.1255
3926,6471.83
3927,6403.4575
3928,6359.232
3929,6490.5425
3930,6782.8364
3931,6104.432
3932,4746.9688
3933,8158.0938
3934,7209.9644
3935,7114.0493
3936,7247.873
3937,3523.762
3938,2195.78
3939,7698.265
3940,5983.631
3941,5670.4814
3942,5643.0015
3943,5617.321
3944,3120.2297
3945,1870.7139
3946,4601.306
3947,4582.7295
3948,4556.45
3949,4642.568
3950,4883.164
3951,3122.5881
3952,1872.129
3953,6857.28
3954,5522.5894
3955,5483.871
3956,5522.647
3957,5641.5054
3958,3131.953
3959,1877.7448
3960,4649.1484
3961,4573.0615
3962,4534.5063
3963,4883.3223
3964,5534.227
3965,3450.0105
3966,2143.6182
3967,8244.207
3968,6061.017
3969,5887.747
3970,5872.844
3971,5838.166
3972,3289.7075
3973,1895.574
3974,4746.4575
3975,4629.1294
3976,4579.5747
3977,4662.6055
3978,4863.705
3979,3136.067
3980,1881.6332
3981,6777.4043
3982,5518.6714
3983,5452.5864
3984,5516.519
3985,7293.7754
3986,6509.688
3987,9570.15
3988,7609.7783
3989,7561.1807
3990,7674.285
3991,8015.0845
3992,6848.4097
3993,6168.359
3994,6021.4243
3995,6106.8257
3996,6288.389
3997,6702.14
3998,7142.585
3999,6857.456
4000,6176.5073
4001,9072.95
4002,7427.833
4003,7522.8965
4004,7727.751
4005,8070.9243
4006,6878.825
4007,6195.755
4008,6119.222
4009,6187.9766
4010,6373.666
4011,7114.0356
4012,8285.285
4013,7792.4175
4014,6898.938
4015,11804.939
4016,7858.3154
4017,7926.516
4018,7971.7495
4019,8148.272
4020,7108.7725
4021,6202.3296
4022,6179.99
4023,6189.523
4024,6377.2783
4025,6757.471
4026,7262.1836
4027,6935.476
4028,6242.3975
4029,8950.8125
4030,7417.7515
4031,7512.6855
4032,7752.926
4033,6243.63
4034,6817.4067
4035,9473.079
4036,7434.6094
4037,7095.265
4038,7174.0127
4039,7230.756
4040,5885.95
4041,6554.51
4042,6183.5337
4043,6081.099
4044,6067.657
4045,6238.0703
4046,6509.3154
4047,5890.3984
4048,6628.805
4049,8505.63
4050,7017.529
4051,6979.034
4052,7123.7935
4053,7261.8857
4054,5908.061
4055,6648.6816
4056,6247.8237
4057,6077.9736
4058,6088.9814
4059,6553.103
4060,7360.0674
4061,6506.0503
4062,7050.679
4063,10387.483
4064,7653.978
4065,7462.48
4066,7451.612
4067,7500.056
4068,6099.136
4069,6528.7153
4070,6409.9473
4071,6177.674
4072,6133.2056
4073,6300.6973
4074,6554.291
4075,5909.5435
4076,6645.106
4077,8416.023
4078,7046.1816
4079,6972.5005
4080,7150.0146
4081,6408.8594
4082,4938.358
4083,8226.581
4084,6883.4395
4085,6770.187
4086,6899.906
4087,7106.7046
4088,5855.3594
4089,4341.1807
4090,5551.548
4091,5563.496
4092,5667.7617
4093,6056.232
4094,6387.8286
4095,4247.7563
4096,4344.462
4097,7662.0054
4098,6606.5303
4099,6652.5005
4100,6874.634
4101,7137.3003
4102,5877.3555
4103,4357.4897
4104,5621.85
4105,5582.7715
4106,5662.817
4107,6294.7563
4108,7315.5967
4109,6507.8936
4110,4590.2544
4111,9458.806
4112,6996.877
4113,7016.9067
4114,7160.5522
4115,7381.9883
4116,6082.77
4117,4320.855
4118,5693.2925
4119,5614.4336
4120,5696.525
4121,6082.3696
4122,6415.397
4123,5885.0747
4124,4366.5107
4125,7534.9033
4126,6609.4546
4127,6622.1763
4128,6874.9224
4129,8314.837
4130,6492.0654
4131,10766.057
4132,8761.793
4133,8827.32
4134,8977.017
4135,9443.607
4136,8206.323
4137,6423.063
4138,7210.769
4139,7314.083
4140,7461.377
4141,8047.395
4142,8590.675
4143,6609.637
4144,6150.933
4145,10325.452
4146,8655.0625
4147,8783.162
4148,9022.33
4149,9491.275
4150,8242.769
4151,6170.101
4152,7347.7153
4153,7431.334
4154,7723.315
4155,8476.2
4156,9723.535
4157,9311.2295
4158,7092.078
4159,12810.145
4160,8951.939
4161,9047.484
4162,9157.777
4163,9443.644
4164,8355.907
4165,6422.6953
4166,7377.1953
4167,7379.9893
4168,7499.2407
4169,8077.5625
4170,8622.878
4171,8247.967
4172,6464.186
4173,10154.173
4174,8626.918
4175,8754.601
4176,9034.55
4177,2453.9238
4178,2687.829
4179,5373.41
4180,4202.7124
4181,3997.8123
4182,3967.1929
4183,4067.3982
4184,2129.5227
4185,2376.9578
4186,3266.9214
4187,3180.8042
4188,3175.553
4189,3193.9033
4190,3316.5544
4191,2131.1335
4192,2403.909
4193,4965.077
4194,3971.5852
4195,3931.8013
4196,3951.5337
4197,4053.725
4198,2137.5256
4199,2411.1191
4200,3335.0862
4201,3207.6714
4202,3186.6204
4203,3348.683
4204,3686.8892
4205,2317.16
4206,2770.0576
4207,5830.2915
4208,4324.7764
4209,4209.461
4210,4148.4634
4211,4196.2427
4212,2211.5984
4213,2373.7805
4214,3387.874
4215,3230.066
4216,3191.6707
4217,3207.6897
4218,3330.87
4219,2140.3328
4220,2416.1116
4221,4890.389
4222,3955.139
4223,3915.5198
4224,3953.3586
4225,7256.471
4226,5156.618
4227,11115.386
4228,9070.675
4229,9108.534
4230,9079.643
4231,9242.728
4232,6953.7847
4233,4838.703
4234,7602.9224
4235,7307.0054
4236,7390.5625
4237,7673.839
4238,7927.2495
4239,6959.0396
4240,4631.0723
4241,10395.779
4242,8858.519
4243,8957.0205
4244,9016.085
4245,9282.519
4246,6979.9062
4247,4644.9595
4248,7703.7524
4249,7349.2437
4250,7590.3296
4251,8107.7656
4252,8983.869
4253,7889.9263
4254,5328.4644
4255,12654.649
4256,9427.462
4257,9446.066
4258,9285.166
4259,9347.775
4260,7250.6943
4261,4832.2363
4262,7866.8945
4263,7449.6934
4264,7437.7725
4265,7717.0264
4266,7973.6885
4267,6989.073
4268,4866.935
4269,10274.692
4270,8863.801
4271,8917.5625
4272,9017.848
4273,4976.006
4274,3784.9128
4275,8315.646
4276,6503.407
4277,6202.3003
4278,6239.927
4279,6366.539
4280,4600.5557
4281,3542.8833
4282,5602.6377
4283,5305.0903
4284,5267.575
4285,5375.4404
4286,5676.472
4287,4604.0327
4288,3545.561
4289,7604.322
4290,6148.141
4291,6096.827
4292,6196.245
4293,6393.9487
4294,4617.839
4295,3556.1938
4296,5660.889
4297,5302.364
4298,5250.5894
4299,5546.022
4300,6669.604
4301,5096.0054
4302,4010.4705
4303,9542.569
4304,6598.8154
4305,6401.5522
4306,6433.6216
4307,6518.5356
4308,4771.943
4309,3538.1482
4310,5780.042
4311,5359.426
4312,5294.924
4313,5399.2686
4314,5711.2144
4315,4623.904
4316,3563.5564
4317,7516.6206
4318,6144.4946
4319,6062.7515
4320,6190.09
4321,8025.8403
4322,6868.3027
4323,9840.736
4324,8350.681
4325,8368.478
4326,8298.943
4327,8661.958
4328,7626.4614
4329,6558.412
4330,7089.8735
4331,7053.484
4332,7224.8203
4333,7603.1396
4334,8033.1694
4335,7636.535
4336,6636.498
4337,9322.871
4338,8211.984
4339,8283.949
4340,8356.761
4341,8722.304
4342,7660.332
4343,6657.1787
4344,7209.2837
4345,7151.44
4346,7416.86
4347,7909.041
4348,9075.305
4349,8554.698
4350,7448.2085
4351,11664.837
4352,8623.413
4353,8663.603
4354,8556.624
4355,8740.525
4356,7916.6714
4357,6594.757
4358,7271.9287
4359,7161.269
4360,7339.5205
4361,7679.0664
4362,8174.349
4363,7723.683
4364,6707.525
4365,9183.248
4366,8207.536
4367,8279.463
4368,8390.832
4369,7516.1333
4370,4600.1606
4371,13011.593
4372,11191.669
4373,10831.23
4374,10837.813
4375,10579.071
4376,7017.0005
4377,4008.9023
4378,8834.303
4379,8645.55
4380,8622.204
4381,8830.133
4382,8860.598
4383,7022.303
4384,4011.9321
4385,11866.189
4386,10571.376
4387,10509.419
4388,10606.684
4389,10624.614
4390,7043.3594
4391,4023.9631
4392,8824.0205
4393,8545.85
4394,8600.504
4395,9153.892
4396,9870.506
4397,7727.213
4398,4218.018
4399,14595.655
4400,11500.087
4401,11176.404
4402,11065.101
4403,10852.812
4404,7333.1177
4405,4274.779
4406,9119.696
4407,8744.786
4408,8677.579
4409,8880.132
4410,8912.81
4411,7052.6094
4412,4032.2937
4413,11728.38
4414,10578.042
4415,10463.481
4416,10609.121
4417,4101.29
4418,5808.051
4419,6617.4404
4420,5697.802
4421,5424.915
4422,5485.901
4423,5502.9966
4424,3662.2542
4425,5289.366
4426,4581.1606
4427,4548.434
4428,4539.5093
4429,4646.028
4430,4719.4775
4431,3665.022
4432,5349.323
4433,6176.625
4434,5391.734
4435,5348.502
4436,5469.865
4437,5493.0376
4438,3676.013
4439,5365.3643
4440,4665.862
4441,4576.1816
4442,4544.015
4443,4834.067
4444,5543.4043
4445,3995.9746
4446,5729.411
4447,7460.8784
4448,5815.4956
4449,5671.866
4450,5720.4717
4451,5650.0786
4452,3767.7512
4453,5264.6016
4454,4739.707
4455,4608.1274
4456,4562.548
4457,4666.08
4458,4739.847
4459,3680.8413
4460,5376.4707
4461,6074.16
4462,5360.975
4463,5317.9893
4464,5463.7954
4465,4897.452
4466,5481.8154
4467,7675.998
4468,6415.2383
4469,6378.2334
4470,6442.7715
4471,6580.437
4472,4586.0005
4473,4984.0576
4474,4793.7686
4475,4902.4766
4476,5062.102
4477,5341.787
4478,5542.648
4479,4586.0005
4480,5036.748
4481,7352.8335
4482,6251.2095
4483,6295.603
4484,6481.801
4485,6687.772
4486,4600.2925
4487,5052.4443
4488,4865.77
4489,4933.979
4490,5105.5317
4491,5627.822
4492,6308.99
4493,5044.8403
4494,5575.008
4495,9658.243
4496,6547.9175
4497,6557.3735
4498,6679.803
4499,6771.195
4500,4632.8794
4501,4985.218
4502,4970.4604
4503,5000.4673
4504,5121.1733
4505,5364.694
4506,5588.6216
4507,4545.0166
4508,5070.4673
4509,7285.2095
4510,6245.548
4511,6280.1113
4512,6466.4985
4513,5708.932
4514,6226.2466
4515,7943.7344
4516,6779.641
4517,6651.333
4518,6740.3804
4519,6979.254
4520,5272.597
4521,5788.7593
4522,5035.5615
4523,5128.868
4524,5182.1553
4525,5524.233
4526,5800.09
4527,5248.792
4528,5857.683
4529,7525.164
4530,6591.782
4531,6589.8584
4532,6774.4053
4533,7014.4844
4534,5296.015
4535,5875.9375
4536,5117.35
4537,5197.0254
4538,5251.992
4539,5848.912
4540,6691.958
4541,5885.5684
4542,6572.314
4543,9828.317
4544,6824.1924
4545,6794.4526
4546,6962.5254
4547,7070.836
4548,5411.4053
4549,5788.428
4550,5131.692
4551,5154.897
4552,5208.4546
4553,5544.943
4554,5821.8335
4555,5299.355
4556,5887.41
4557,7408.708
4558,6561.5903
4559,6559.676
4560,6774.541
4561,8206.832
4562,6765.901
4563,10853.433
4564,8731.602
4565,8746.43
4566,8862.566
4567,9268.328
4568,7931.5605
4569,6687.9253
4570,7214.278
4571,7317.6416
4572,7465.0073
4573,8022.1743
4574,8533.615
4575,7942.0376
4576,6404.575
4577,10436.62
4578,8591.797
4579,8702.677
4580,8907.303
4581,9315.111
4582,7966.7856
4583,6424.5337
4584,7335.783
4585,7419.2656
4586,7672.6675
4587,8402.372
4588,9625.2295
4589,8968.057
4590,7233.7153
4591,12920.749
4592,8921.093
4593,8999.469
4594,9076.214
4595,9328.901
4596,8111.726
4597,6717.0127
4598,7380.7847
4599,7393.2275
4600,7546.533
4601,8062.7686
4602,8627.9795
4603,8006.9395
4604,6760.405
4605,10263.497
4606,8552.943
4607,8663.321
4608,8907.999
4609,7349.531
4610,5397.173
4611,11006.074
4612,9359.917
4613,9072.665
4614,9040.781
4615,9230.2
4616,7043.5073
4617,5267.726
4618,7955.2744
4619,7949.29
4620,7914.384
4621,8119.575
4622,8275.058
4623,7011.708
4624,5097.867
4625,10348.029
4626,9095.243
4627,9032.378
4628,9091.549
4629,9276.792
4630,7074.789
4631,5113.754
4632,8058.4937
4633,8022.9087
4634,8189.9185
4635,8567.289
4636,9312.598
4637,7916.46
4638,5762.13
4639,13052.037
4640,9578.314
4641,9397.846
4642,9320.817
4643,9286.272
4644,7171.9053
4645,5267.4243
4646,8205.955
4647,7989.63
4648,7954.5464
4649,8150.013
4650,8306.078
4651,7079.251
4652,5357.4985
4653,10176.375
4654,9072.76
4655,9010.05
4656,9110.984
4657,5231.263
4658,6062.59
4659,7338.6943
4660,5401.8545
4661,5287.908
4662,5268.8667
4663,5541.258
4664,4849.1777
4665,5652.7847
4666,4459.074
4667,4218.807
4668,4339.8604
4669,4464.42
4670,4948.8496
4671,4855.5835
4672,5660.252
4673,6854.023
4674,5220.337
4675,5255.911
4676,5295.4644
4677,5569.2305
4678,4870.7153
4679,5677.8906
4680,4531.5015
4681,4274.8726
4682,4393.3164
4683,4755.8203
4684,5863.0215
4685,5643.0176
4686,6653.5225
4687,8619.68
4688,5474.62
4689,5489.5073
4690,5489.5757
4691,5688.977
4692,4953.7944
4693,5669.9624
4694,4541.675
4695,4247.845
4696,4389.4165
4697,4489.218
4698,5006.672
4699,4889.447
4700,5706.5913
4701,6730.5254
4702,5194.612
4703,5230.0107
4704,5293.722
4705,4491.9854
4706,4625.96
4707,6420.166
4708,4910.5825
4709,4761.976
4710,4749.297
4711,4861.9653
4712,4019.1372
4713,4225.3555
4714,4127.905
4715,3945.2852
4716,3993.7378
4717,4030.4402
4718,4352.7163
4719,4022.1748
4720,4228.549
4721,6006.8423
4722,4711.471
4723,4685.2983
4724,4716.5977
4725,4836.285
4726,4034.2366
4727,4241.2295
4728,4201.6743
4729,3980.1755
4730,4022.1672
4731,4216.3853
4732,5048.947
4733,4431.652
4734,4464.454
4735,6920.4233
4736,5065.0337
4737,5016.409
4738,4951.366
4739,5013.989
4740,4151.012
4741,4219.7085
4742,4255.0723
4743,4001.8796
4744,4014.0068
4745,4047.8362
4746,4371.5034
4747,4039.5354
4748,4250.01
4749,5907.1934
4750,4684.5923
4751,4658.569
4752,4711.3633
4753,8197.21
4754,7792.797
4755,9848.492
4756,8428.82
4757,8403.463
4758,8417.123
4759,8764.835
4760,7860.7217
4761,7293.8867
4762,7173.862
4763,7140.317
4764,7269.7373
4765,7744.973
4766,8159.9927
4767,5426.3745
4768,7303.5215
4769,9404.113
4770,8300.258
4771,8364.998
4772,8475.764
4773,8825.897
4774,7895.6323
4775,7326.2803
4776,7294.687
4777,7239.4785
4778,7445.033
4779,8090.717
4780,9336.396
4781,8860.064
4782,8528.839
4783,11717.065
4784,8696.918
4785,8729.104
4786,8666.5205
4787,8840.937
4788,8053.0845
4789,7293.469
4790,7339.4365
4791,7204.6577
4792,7306.629
4793,7774.0073
4794,8190.582
4795,7900.612
4796,7340.5845
4797,9248.115
4798,8267.918
4799,8332.406
4800,8481.756
4801,6263.935
4802,6139.2925
4803,8392.713
4804,6643.7563
4805,6540.6953
4806,6667.906
4807,7024.9624
4808,5954.793
4809,5864.8228
4810,5418.921
4811,5428.6885
4812,5536.07
4813,5859.1807
4814,6292.163
4815,5962.6587
4816,5934.652
4817,8004.8623
4818,6465.9253
4819,6510.433
4820,6701.5645
4821,7060.424
4822,5981.24
4823,5953.146
4824,5511.2646
4825,5505.1543
4826,5612.292
4827,6107.3213
4828,7156.121
4829,6600.88
4830,6471.114
4831,10275.4375
4832,6803.434
4833,6822.403
4834,6910.2393
4835,7096.5376
4836,6090.2476
4837,5889.4263
4838,5533.5566
4839,5480.174
4840,5613.748
4841,5906.9453
4842,6391.1196
4843,6019.7534
4844,5990.1353
4845,7880.9385
4846,6450.685
4847,6495.0884
4848,6716.667
4849,4521.135
4850,2916.0684
4851,8634.376
4852,7419.761
4853,7269.869
4854,7281.0693
4855,7373.882
4856,4480.418
4857,2759.811
4858,6050.8335
4859,6157.5312
4860,6186.8315
4861,6388.974
4862,6502.3594
4863,3135.944
4864,2759.811
4865,8277.181
4866,7223.091
4867,7169.416
4868,7328.461
4869,7417.688
4870,4494.381
4871,2768.4128
4872,6121.2593
4873,6171.749
4874,6228.6523
4875,6683.7227
4876,7241.0117
4877,4863.663
4878,3043.478
4879,10828.308
4880,7635.501
4881,7510.9517
4882,7542.575
4883,7523.65
4884,4538.1543
4885,3051.4905
4886,6293.9756
4887,6258.8047
4888,6253.929
4889,6423.59
4890,6560.326
4891,4446.205
4892,3071.2068
4893,8164.586
4894,7211.987
4895,7159.951
4896,7340.9487
4897,6340.4985
4898,6968.664
4899,9663.735
4900,7776.425
4901,7536.3477
4902,7571.0747
4903,7723.4473
4904,5862.714
4905,6535.195
4906,6292.8833
4907,6385.7817
4908,6392.821
4909,6567.683
4910,6809.7188
4911,5836.245
4912,6613.005
4913,9012.25
4914,7515.4663
4915,7480.0674
4916,7605.3955
4917,7762.434
4918,5888.7524
4919,6633.6123
4920,6370.767
4921,6441.1123
4922,6506.5903
4923,7014.752
4924,7915.0103
4925,6659.3506
4926,7297.359
4927,11664.647
4928,8009.185
4929,7875.7007
4930,7839.7866
4931,7804.4077
4932,6039.7046
4933,6534.821
4934,6498.18
4935,6418.188
4936,6425.2627
4937,6592.304
4938,6835.247
4939,5892.4663
4940,6646.564
4941,8862.753
4942,7511.138
4943,7475.7593
4944,7636.142
4945,5388.2637
4946,5590.2583
4947,9669.913
4948,7503.863
4949,7280.278
4950,7378.3843
4951,7526.88
4952,5057.951
4953,5273.2207
4954,6248.992
4955,6216.7993
4956,6223.652
4957,6450.328
4958,6663.8047
4959,5035.1147
4960,5336.0073
4961,8999.606
4962,7267.9277
4963,7233.6943
4964,7419.818
4965,7564.874
4966,5080.416
4967,5352.636
4968,6326.3325
4969,6270.666
4970,6334.4116
4971,6889.41
4972,7745.4165
4973,5745.254
4974,6209.664
4975,12193.159
4976,7728.466
4977,7599.6597
4978,7631.781
4979,7597.341
4980,5210.651
4981,5272.919
4982,6445.912
4983,6248.348
4984,6255.236
4985,6474.51
4986,6688.786
4987,5083.62
4988,5363.0874
4989,8850.318
4990,7263.742
4991,7229.5283
4992,7449.814
4993,7286.641
4994,6910.4697
4995,10062.93
4996,8549.331
4997,8342.123
4998,8400.346
4999,8526.871
5000,7000.375
5001,6157.66
5002,7348.4233
5003,7459.0713
5004,7451.7114
5005,7779.6074
5006,7962.5396
5007,7009.622
5008,6165.7944
5009,9484.751
5010,8364.456
5011,8308.63
5012,8463.646
5013,8586.275
5014,7031.4653
5015,6185.0083
5016,7443.7695
5017,7528.1504
5018,7632.5015
5019,8132.8286
5020,9102.976
5021,7832.8354
5022,7169.9014
5023,11762.939
5024,8797.952
5025,8634.252
5026,8618.077
5027,8545.092
5028,7190.2207
5029,6492.4497
5030,7589.6562
5031,7516.298
5032,7508.882
5033,7828.9517
5034,8013.0435
5035,7054.083
5036,6209.409
5037,9339.318
5038,8337.255
5039,8281.611
5040,8475.108
5041,5800.0454
5042,5569.9263
5043,7876.865
5044,6864.046
5045,6728.94
5046,6847.234
5047,7089.8936
5048,5417.1636
5049,5259.3765
5050,5057.179
5051,5156.2344
5052,5258.855
5053,5626.63
5054,5907.599
5055,5424.32
5056,5266.324
5057,7461.7896
5058,6630.5127
5059,6669.776
5060,6881.798
5061,7125.6826
5062,5441.2236
5063,5282.736
5064,5139.319
5065,5224.7554
5066,5305.6724
5067,5934.771
5068,6741.0107
5069,5980.7095
5070,5839.536
5071,9897.005
5072,6218.1987
5073,6837.6924
5074,7061.609
5075,7143.457
5076,5676.5044
5077,5245.954
5078,5074.1104
5079,5115.4077
5080,5198.711
5081,5661.202
5082,5920.6865
5083,5521.6304
5084,5284.535
5085,7338.2744
5086,6587.615
5087,6606.0513
5088,6881.4697
5089,3261.0488
5090,4392.2227
5091,6157.772
5092,4862.262
5093,4601.0254
5094,4576.1816
5095,4647.805
5096,2938.6895
5097,4033.4824
5098,4096.934
5099,3863.0786
5100,3847.1333
5101,3869.5146
5102,4006.6963
5103,2940.9119
5104,4036.5308
5105,5679.4995
5106,4570.5845
5107,4537.003
5108,4559.95
5109,4623.256
5110,2949.732
5111,4048.6355
5112,4160.8164
5113,3875.5913
5114,3851.9216
5115,4030.8245
5116,4639.8716
5117,3199.9968
5118,4316.093
5119,6515.409
5120,5001.3545
5121,4881.129
5122,4810.589
5123,4815.5474
5124,3010.4175
5125,4014.5967
5126,4226.67
5127,3902.6475
5128,3866.6587
5129,3886.2163
5130,4023.99
5131,2953.6052
5132,4057.017
5133,5585.2803
5134,4544.5093
5135,4511.119
5136,4554.89
5137,6270.995
5138,6001.476
5139,8991.01
5140,7096.2056
5141,7026.712
5142,7090.4277
5143,7280.375
5144,5784.2334
5145,5645.5806
5146,5937.251
5147,5937.5337
5148,6016.8545
5149,6325.126
5150,6659.471
5151,5788.605
5152,5709.5747
5153,8450.168
5154,6866.272
5155,6899.392
5156,7064.4585
5157,7311.7183
5158,5805.9624
5159,5726.6953
5160,6017.164
5161,5972.3237
5162,6058.711
5163,6601.705
5164,7571.768
5165,6452.876
5166,6292.4873
5167,10935.321
5168,7306.3086
5169,7311.6904
5170,7329.782
5171,7456.432
5172,6073.766
5173,5619.1484
5174,6131.8306
5175,6048.4155
5176,6073.917
5177,6380.29
5178,6713.0547
5179,5813.588
5180,5738.5503
5181,8361.1455
5182,6885.3105
5183,6883.9385
5184,7081.2095
5185,5865.1245
5186,4555.129
5187,11302.467
5188,8560.591
5189,8238.775
5190,8355.374
5191,8485.154
5192,5463.347
5193,4191.93
5194,6925.8315
5195,6895.0176
5196,6906.9116
5197,7150.0146
5198,7394.2783
5199,3858.821
5200,4012.0469
5201,10204.532
5202,8165.419
5203,8148.156
5204,8324.772
5205,8521.684
5206,5483.871
5207,4024.0784
5208,6997.838
5209,6880.472
5210,7039.632
5211,7585.994
5212,8580.185
5213,6248.366
5214,4409.846
5215,12233.347
5216,8821.563
5217,8630.012
5218,8631.032
5219,8641.098
5220,5692.994
5221,4172.3027
5222,7129.0884
5223,6930.008
5224,6941.962
5225,7180.872
5226,7426.19
5227,5491.073
5228,4216.389
5229,10035.259
5230,8180.714
5231,8122.6113
5232,8337.024
5233,6404.276
5234,6001.6763
5235,10678.926
5236,9178.948
5237,8946.698
5238,8867.936
5239,8984.271
5240,6484.1753
5241,5179.8423
5242,7651.6494
5243,7631.861
5244,7633.455
5245,7778.9766
5246,7925.435
5247,6005.3413
5248,5179.8423
5249,10016.383
5250,8925.654
5251,8876.39
5252,8942.697
5253,9054.899
5254,6504.3813
5255,5195.9844
5256,7740.7046
5257,7700.101
5258,7872.9897
5259,8261.706
5260,9004.226
5261,7321.0625
5262,6143.223
5263,12345.222
5264,9453.195
5265,9279.721
5266,9176.874
5267,9106.893
5268,6616.7397
5269,6090.9854
5270,8024.585
5271,7798.7007
5272,7748.6675
5273,7845.9053
5274,7994.104
5275,6503.029
5276,5825.4443
5277,9916.157
5278,8951.76
5279,8894.33
5280,8978.652
5281,7500.4854
5282,5177.5254
5283,9976.272
5284,8362.892
5285,8434.2
5286,8579.809
5287,8974.594
5288,7244.542
5289,4881.0312
5290,6852.6113
5291,6927.4565
5292,7101.135
5293,7588.4185
5294,8007.764
5295,7254.1113
5296,4674.2236
5297,9439.546
5298,8306.641
5299,8416.225
5300,8645.401
5301,9097.17
5302,7276.7163
5303,4688.79
5304,6976.9175
5305,7038.309
5306,7296.5796
5307,8002.244
5308,9181.768
5309,8141.63
5310,5589.768
5311,11900.712
5312,8622.533
5313,8700.751
5314,8757.724
5315,8993.171
5316,7408.623
5317,4880.752
5318,7019.7183
5319,7007.944
5320,7137.171
5321,7616.8657
5322,8037.783
5323,7281.3057
5324,4912.283
5325,9282.961
5326,8258.287
5327,8367.232
5328,8634.796
5329,8416.071
5330,5753.8804
5331,10292.887
5332,8783.288
5333,8802.157
5334,8783.255
5335,9046.138
5336,8050.765
5337,5389.6055
5338,7756.032
5339,7653.854
5340,7763.53
5341,8204.68
5342,8652.769
5343,8056.849
5344,5158.34
5345,9760.721
5346,8659.249
5347,8708.381
5348,8790.453
5349,9105.851
5350,8081.007
5351,5173.808
5352,7908.4526
5353,7755.8623
5354,7897.312
5355,8507.675
5356,9772.439
5357,9020.196
5358,5800.914
5359,11522.792
5360,9182.381
5361,9196.922
5362,9024.258
5363,9143.071
5364,8381.298
5365,5364.3716
5366,8035.56
5367,7813.271
5368,7802.927
5369,8240.088
5370,8690.11
5371,8091.6196
5372,5421.051
5373,9598.809
5374,8609.853
5375,8658.704
5376,8780.7
5377,5250.254
5378,4547.41
5379,8505.217
5380,6385.9277
5381,6326.4233
5382,6367.687
5383,6679.816
5384,4930.173
5385,4298.6714
5386,5290.527
5387,5253.5903
5388,5357.509
5389,5568.439
5390,5877.221
5391,4907.9136
5392,4349.857
5393,8039.976
5394,6242.9985
5395,6285.972
5396,6399.8306
5397,6713.5347
5398,4952.0703
5399,4363.4126
5400,5376.4556
5401,5323.405
5402,5427.006
5403,5807.735
5404,6803.973
5405,5361.8237
5406,4806.883
5407,10965.714
5408,6511.731
5409,6529.886
5410,6541.706
5411,6758.4062
5412,5022.14
5413,4298.4253
5414,5391.523
5415,5280.252
5416,5384.6978
5417,5589.3145
5418,5899.254
5419,4955.1934
5420,4371.933
5421,7906.605
5422,6219.397
5423,6262.2085
5424,6405.1006
5425,7440.6465
5426,6190.5327
5427,12729.445
5428,10069.15
5429,10102.858
5430,10129.7295
5431,10165.404
5432,6989.733
5433,5656.188
5434,8129.7266
5435,7947.4404
5436,8038.32
5437,8369.891
5438,8620.913
5439,6995.015
5440,5660.468
5441,11598.01
5442,9713.136
5443,9821.14
5444,9913.698
5445,10209.166
5446,7015.9897
5447,5677.4414
5448,8237.542
5449,7980.6196
5450,8174.942
5451,8728.3125
5452,9699.721
5453,7847.9414
5454,6057.0293
5455,13896.603
5456,10388.494
5457,10408.995
5458,10292.484
5459,10408.488
5460,7290.896
5461,5731.3296
5462,8411.987
5463,8102.633
5464,8089.6675
5465,8416.995
5466,8671.415
5467,7025.204
5468,5689.194
5469,11462.921
5470,9718.927
5471,9777.875
5472,9915.637
5473,3537.7026
5474,4477.295
5475,8392.209
5476,6312.2583
5477,6030.966
5478,6057.3413
5479,6132.4272
5480,3232.6614
5481,4172.5254
5482,5236.7847
5483,5074.483
5484,5023.2373
5485,5105.366
5486,5265.47
5487,3235.1047
5488,4219.825
5489,7753.525
5490,6029.206
5491,5949.025
5492,6035.8574
5493,6169.895
5494,3244.807
5495,4232.4795
5496,5318.436
5497,5097.9497
5498,5027.235
5499,5282.4736
5500,6068.4736
5501,3510.3318
5502,4696.1934
5503,9973.352
5504,6404.8623
5505,6213.4263
5506,6234.043
5507,6268.31
5508,3341.86
5509,4152.989
5510,5402.607
5511,5126.457
5512,5048.73
5513,5127.401
5514,5288.196
5515,3249.069
5516,4241.2417
5517,7624.905
5518,5994.8105
5519,5915.087
5520,6029.1597
5521,2922.782
5522,3159.652
5523,8683.481
5524,6962.0005
5525,6840.08
5526,6919.222
5527,7001.6304
5528,2752.4001
5529,2765.5818
5530,5714.7236
5531,5802.1094
5532,5791.7476
5533,6024.3022
5534,6143.686
5535,2752.4001
5536,2794.8237
5537,8367.392
5538,6812.584
5539,6766.1396
5540,6973.099
5541,7072.3535
5542,2760.979
5543,2803.535
5544,5785.155
5545,5819.4463
5546,5839.3745
5547,6235.982
5548,6799.6714
5549,2919.105
5550,2810.8071
5551,11180.062
5552,7190.509
5553,7033.692
5554,7145.14
5555,7115.624
5556,2782.2207
5557,2721.0164
5558,6018.301
5559,5970.894
5560,5894.687
5561,6081.2036
5562,6228.557
5563,2685.777
5564,2767.5574
5565,8348.021
5566,6871.232
5567,6783.535
5568,6992.3604
5569,7759.362
5570,6520.7993
5571,11842.209
5572,9735.042
5573,9730.753
5574,9724.24
5575,9978.214
5576,7314.927
5577,6073.193
5578,8139.9375
5579,8006.8477
5580,8098.4062
5581,8518.06
5582,8903.752
5583,7320.455
5584,6077.782
5585,11011.608
5586,9492.615
5587,9598.168
5588,9688.626
5589,10021.17
5590,7342.4053
5591,6096.007
5592,8247.889
5593,8035.338
5594,8276.825
5595,8877.516
5596,10109.972
5597,8342.569
5598,6499.3335
5599,13223.472
5600,9979.508
5601,10049.435
5602,9966.344
5603,10154.231
5604,7540.4536
5605,6022.085
5606,8422.552
5607,8163.1997
5608,8150.1377
5609,8565.998
5610,8955.91
5611,7324.4707
5612,6085.7124
5613,10883.349
5614,9498.275
5615,9555.885
5616,9690.5205
5617,7149.36
5618,6787.7354
5619,9477.245
5620,7519.661
5621,7446.731
5622,7564.268
5623,7896.235
5624,6671.0674
5625,6364.584
5626,5977.681
5627,6010.963
5628,6156.979
5629,6567.42
5630,7037.0273
5631,6186.5957
5632,6440.363
5633,8990.735
5634,7344.6606
5635,7409.026
5636,7616.9673
5637,7951.2466
5638,6700.6953
5639,6460.432
5640,6074.7686
5641,6090.8403
5642,6265.644
5643,7009.3545
5644,8201.292
5645,7647.476
5646,7519.1733
5647,11512.455
5648,7765.2554
5649,7801.446
5650,7852.3438
5651,8022.2124
5652,6872.4575
5653,6364.2197
5654,6115.6514
5655,6065.129
5656,6188.2246
5657,6592.04
5658,7063.4077
5659,6704.9214
5660,6473.0464
5661,8841.595
5662,7340.4307
5663,7404.759
5664,7647.7607
5665,7640.732
5666,6301.749
5667,12961.604
5668,10363.536
5669,9991.899
5670,9945.984
5671,10110.907
5672,7376.2383
5673,5986.1826
5674,8587.218
5675,8369.643
5676,8376.151
5677,8480.664
5678,8691.055
5679,7381.8125
5680,5990.7065
5681,11761.425
5682,9969.3955
5683,9882.903
5684,9922.506
5685,10145.306
5686,7403.947
5687,6008.67
5688,8725.241
5689,8440.365
5690,8443.304
5691,8788.551
5692,9745.2705
5693,8207.732
5694,6582.609
5695,14273.756
5696,10665.795
5697,10365.592
5698,10192.704
5699,10206.742
5700,7571.8765
5701,6269.99
5702,8883.631
5703,8465.422
5704,8418.657
5705,8517.264
5706,8728.5625
5707,7413.6704
5708,6021.1084
5709,11566.328
5710,9912.526
5711,9826.527
5712,9911.496
5713,8757.34
5714,6742.1743
5715,10689.687
5716,9141.484
5717,9206.593
5718,9246.255
5719,9647.132
5720,8691.669
5721,6429.959
5722,7603.8286
5723,7592.603
5724,7718.035
5725,8404.096
5726,8927.435
5727,8691.669
5728,6149.4136
5729,10142.007
5730,8940.497
5731,9086.963
5732,9301.183
5733,9704.44
5734,8718.753
5735,6168.5767
5736,7738.0176
5737,7711.876
5738,7950.382
5739,8930.568
5740,10089.482
5741,9869.264
5742,7077.664
5743,12307.309
5744,9406.66
5745,9507.059
5746,9526.383
5747,9731.774
5748,8853.645
5749,6386.982
5750,7906.597
5751,7776.625
5752,7937.88
5753,8426.265
5754,9058.424
5755,8677.885
5756,6428.2417
5757,10056.107
5758,8950.633
5759,9083.106
5760,9279.491
5761,7190.3027
5762,6091.7695
5763,10377.274
5764,8460.498
5765,8451.627
5766,8495.706
5767,8765.805
5768,6810.888
5769,5964.189
5770,6837.875
5771,6850.396
5772,6884.4243
5773,7301.446
5774,7708.9785
5775,6776.3115
5776,6031.7944
5777,9660.031
5778,8223.945
5779,8288.486
5780,8436.236
5781,8803.543
5782,6836.473
5783,6049.881
5784,6928.56
5785,6889.9946
5786,7082.4385
5787,7714.995
5788,8879.167
5789,7750.789
5790,6643.148
5791,11919.648
5792,8751.136
5793,8783.941
5794,8742.352
5795,8948.49
5796,7121.0215
5797,5956.2188
5798,7039.9204
5799,6940.188
5800,6919.361
5801,7332.957
5802,7742.248
5803,6845.451
5804,6062.405
5805,9499.789
5806,8245.796
5807,8268.967
5808,8455.263
5809,6046.4717
5810,5104.202
5811,8226.244
5812,6583.287
5813,6474.9727
5814,6600.622
5815,6823.4634
5816,5534.6655
5817,4554.4644
5818,5501.616
5819,5210.3076
5820,5280.5444
5821,5633.8154
5822,6038.414
5823,5538.848
5824,4557.9062
5825,7713.1045
5826,6329.6885
5827,6373.733
5828,6576.4463
5829,6852.84
5830,5555.457
5831,4571.574
5832,5571.2866
5833,5228.36
5834,5275.9375
5835,5855.7056
5836,6890.7573
5837,6129.5093
5838,4815.7725
5839,9566.071
5840,6691.7793
5841,6710.9355
5842,6837.803
5843,7075.194
5844,5711.089
5845,4510.241
5846,5671.093
5847,5285.044
5848,5307.9604
5849,5658.789
5850,6066.5693
5851,5535.299
5852,4557.898
5853,7624.1484
5854,6325.9346
5855,6338.1104
5856,6569.9136
5857,6304.328
5858,5234.4478
5859,9531.891
5860,8038.4194
5861,7699.8076
5862,7715.7383
5863,7764.5
5864,5946.217
5865,4998.5547
5866,6560.9897
5867,6602.9204
5868,6629.4565
5869,6840.6147
5870,7078.292
5871,5950.7104
5872,5002.3325
5873,8802.938
5874,7699.881
5875,7601.588
5876,7709.4194
5877,7802.9565
5878,5968.554
5879,5017.333
5880,6676.752
5881,6655.547
5882,6652.38
5883,7051.6074
5884,7845.1797
5885,6522.348
5886,5260.8267
5887,10598.704
5888,8353.4375
5889,8084.823
5890,7963.785
5891,7895.8506
5892,6224.899
5893,4975.1514
5894,6797.9595
5895,6688.8057
5896,6663.099
5897,6870.137
5898,7108.8403
5899,5976.3926
5900,5027.719
5901,8656.912
5902,7655.9565
5903,7558.2246
5904,7700.865
5905,7702.5913
5906,5435.336
5907,10453.785
5908,8739.292
5909,8817.846
5910,8855.959
5911,9229.998
5912,7431.6104
5913,5363.5835
5914,7133.768
5915,7089.5825
5916,7216.0874
5917,7591.191
5918,7956.1167
5919,7441.427
5920,5136.334
5921,9856.47
5922,8638.593
5923,8752.555
5924,8900.661
5925,9276.588
5926,7464.6157
5927,5152.341
5928,7253.9175
5929,7184.462
5930,7449.949
5931,8061.2305
5932,9186.437
5933,8433.235
5934,5918.795
5935,12536.227
5936,8976.932
5937,9058.363
5938,9066.636
5939,9248.133
5940,7663.9565
5941,5390.582
5942,7307.7305
5943,7171.953
5944,7304.204
5945,7639.3403
5946,8073.9883
5947,7511.8115
5948,5425.4062
5949,9716.322
5950,8620.247
5951,8733.967
5952,8922.804
5953,4446.663
5954,5423.342
5955,9678.014
5956,7898.4644
5957,7712.7217
5958,7748.261
5959,7891.6646
5960,4171.3433
5961,5112.4272
5962,6282.9873
5963,6390.4126
5964,6337.2095
5965,6473.435
5966,6612.4814
5967,4152.5093
5968,5119.181
5969,9098.488
5970,7727.7065
5971,7663.372
5972,7791.771
5973,7931.5
5974,4189.871
5975,5135.134
5976,6365.7495
5977,6438.4526
5978,6442.655
5979,6717.66
5980,7479.2754
5981,4608.8135
5982,5494.725
5983,12466.631
5984,8119.242
5985,7977.8726
5986,7956.7847
5987,7908.317
5988,4297.2817
5989,5112.135
5990,6462.337
5991,6422.8423
5992,6369.3696
5993,6497.703
5994,6637.2705
5995,4192.5137
5996,5145.1606
5997,8947.561
5998,7703.3555
5999,7639.2236
6000,7803.113
6001,3353.7183
6002,3902.3684
6003,5916.159
6004,4696.2744
6005,4564.755
6006,4555.533
6007,4753.707
6008,2988.6213
6009,3491.7656
6010,3941.9597
6011,3809.7402
6012,3810.06
6013,3847.4194
6014,4110.0864
6015,2975.1277
6016,3533.3452
6017,5631.79
6018,4554.4863
6019,4542.6284
6020,4581.1167
6021,4777.7046
6022,3001.8972
6023,3544.3572
6024,3990.752
6025,3837.4534
6026,3863.7017
6027,4068.1665
6028,4775.9824
6029,3300.568
6030,4230.667
6031,6665.82
6032,4766.5703
6033,4710.595
6034,4695.634
6035,4822.1895
6036,3023.3083
6037,3491.566
6038,4054.4946
6039,3829.076
6040,3829.3975
6041,3861.8445
6042,4125.496
6043,3003.7908
6044,3551.2783
6045,5538.3623
6046,4531.3325
6047,4519.535
6048,4578.893
6049,5063.3384
6050,3164.3215
6051,7532.568
6052,6130.714
6053,5938.395
6054,5935.971
6055,6055.568
6056,4685.379
6057,2954.9934
6058,5050.045
6059,4907.375
6060,4885.3677
6061,4948.184
6062,5171.9824
6063,4691.5684
6064,2958.9004
6065,7092.092
6066,5947.2207
6067,5912.261
6068,5970.0
6069,6110.5317
6070,4706.189
6071,2968.1226
6072,5113.144
6073,4950.474
6074,4932.031
6075,5195.147
6076,6169.6123
6077,5304.1343
6078,3453.3066
6079,8923.075
6080,6153.2334
6081,6061.011
6082,6082.689
6083,6154.102
6084,4766.47
6085,2954.8242
6086,5194.81
6087,4932.854
6088,4910.161
6089,4966.735
6090,5191.372
6091,4709.157
6092,2973.9187
6093,6974.4424
6094,5912.5996
6095,5877.8433
6096,5962.676
6097,6151.925
6098,4282.4805
6099,11376.029
6100,9560.498
6101,9232.525
6102,9146.796
6103,9157.568
6104,5838.1436
6105,3991.6582
6106,7834.1655
6107,7728.827
6108,7660.558
6109,7749.466
6110,7835.391
6111,5842.5557
6112,3860.7578
6113,10444.487
6114,9165.703
6115,9084.744
6116,9113.296
6117,9196.992
6118,5860.075
6119,3872.3357
6120,7920.2964
6121,7732.691
6122,7811.2817
6123,8134.264
6124,8965.115
6125,6577.049
6126,4329.5063
6127,12481.383
6128,9833.015
6129,9575.546
6130,9421.071
6131,9317.102
6132,6083.542
6133,4180.92
6134,8046.551
6135,7768.048
6136,7699.433
6137,7782.91
6138,7869.206
6139,5867.7715
6140,4057.3965
6141,10319.781
6142,9190.056
6143,9063.35
6144,9133.851
6145,5056.118
6146,5867.0776
6147,7674.5854
6148,6256.483
6149,6228.5156
6150,6327.751
6151,6468.96
6152,4738.7036
6153,5305.5864
6154,4796.0464
6155,4852.597
6156,5010.5986
6157,5264.8877
6158,5514.4673
6159,4738.7036
6160,5305.5864
6161,7464.0176
6162,6166.8237
6163,6162.7017
6164,6366.0835
6165,6581.2217
6166,4753.471
6167,5322.12
6168,4868.082
6169,4883.779
6170,5053.587
6171,5546.075
6172,6343.638
6173,5224.4014
6174,5885.619
6175,9720.059
6176,6363.892
6177,6353.4966
6178,6490.8584
6179,6627.029
6180,4753.5117
6181,5306.8213
6182,4979.016
6183,4955.756
6184,5075.3833
6185,5294.0503
6186,5543.4727
6187,4696.355
6188,5341.1045
6189,7349.3975
6190,6142.8364
6191,6157.848
6192,6358.9653
6193,3270.9597
6194,3794.804
6195,5936.379
6196,4860.0923
6197,4690.2217
6198,4680.7466
6199,4735.0664
6200,2881.946
6201,3357.1753
6202,3838.2441
6203,3705.3472
6204,3703.718
6205,3740.035
6206,3941.9973
6207,2885.7566
6208,3361.6106
6209,5619.6626
6210,4689.479
6211,4671.1523
6212,4710.73
6213,4781.242
6214,2894.7507
6215,3372.0876
6216,3888.8047
6217,3735.2322
6218,3755.8625
6219,3966.001
6220,4631.713
6221,3159.6973
6222,3702.3262
6223,6685.106
6224,4938.0044
6225,4873.634
6226,4843.824
6227,4858.178
6228,2915.3967
6229,3356.9832
6230,3950.9194
6231,3727.078
6232,3722.5156
6233,3754.0571
6234,3956.7769
6235,2896.574
6236,3378.6724
6237,5526.436
6238,4662.178
6239,4643.9585
6240,4704.95
6241,5137.848
6242,4364.495
6243,10614.911
6244,8307.251
6245,7954.159
6246,8026.4907
6247,8107.1934
6248,4871.914
6249,3879.1162
6250,6818.467
6251,6815.2876
6252,6777.986
6253,6982.65
6254,7221.0933
6255,4875.596
6256,3751.9055
6257,9711.273
6258,7965.1675
6259,7865.5366
6260,8029.1094
6261,8156.6855
6262,4890.217
6263,3763.157
6264,6913.1
6265,6847.1294
6266,6835.3384
6267,7275.0645
6268,8345.784
6269,5494.6255
6270,4371.791
6271,12157.208
6272,8648.626
6273,8372.701
6274,8323.97
6275,8246.857
6276,5071.952
6277,4063.0435
6278,7049.0923
6279,6904.876
6280,6818.506
6281,7019.089
6282,7252.2573
6283,4896.639
6284,3943.0015
6285,9550.182
6286,7919.73
6287,7820.6675
6288,8020.2
6289,7050.8203
6290,6448.1753
6291,9718.945
6292,7449.5083
6293,7158.517
6294,7237.994
6295,7374.4517
6296,6641.634
6297,6128.4395
6298,6290.5605
6299,6272.8135
6300,6267.3354
6301,6462.8916
6302,6699.251
6303,6611.649
6304,6136.5347
6305,8894.924
6306,7170.893
6307,7123.032
6308,7270.805
6309,7411.6763
6310,6671.131
6311,6266.5166
6312,6368.416
6313,6327.1655
6314,6369.971
6315,6846.9336
6316,7732.344
6317,7506.218
6318,7106.1284
6319,11306.144
6320,7661.779
6321,7519.2163
6322,7524.805
6323,7585.56
6324,6780.637
6325,6128.089
6326,6505.2
6327,6313.788
6328,6308.274
6329,6496.526
6330,6734.115
6331,6675.3384
6332,6167.677
6333,8760.055
6334,7177.4004
6335,7129.496
6336,7311.0347
6337,5219.1367
6338,5375.302
6339,8454.037
6340,6579.778
6341,6314.7153
6342,6323.425
6343,6580.688
6344,4714.7666
6345,4777.8184
6346,5319.912
6347,5399.0674
6348,5377.763
6349,5462.92
6350,5782.2036
6351,4727.89
6352,4834.7075
6353,7594.211
6354,6334.756
6355,6289.049
6356,6358.9346
6357,6613.9067
6358,4735.7075
6359,4849.7744
6360,5385.756
6361,5437.1562
6362,5432.0244
6363,5707.9355
6364,6598.2554
6365,5287.222
6366,5561.7134
6367,9436.692
6368,6700.0244
6369,6590.7324
6370,6576.854
6371,6760.798
6372,4794.1895
6373,4777.545
6374,5621.9414
6375,5426.4673
6376,5405.055
6377,5483.4004
6378,5803.8804
6379,4738.6943
6380,4859.244
6381,7468.2334
6382,6310.8076
6383,6265.2734
6384,6364.1714
6385,6065.4297
6386,7209.4487
6387,8157.4404
6388,6685.7056
6389,6565.7036
6390,6646.526
6391,6809.2705
6392,5614.8887
6393,6806.498
6394,5374.333
6395,5313.9023
6396,5377.6763
6397,5697.5083
6398,6023.234
6399,5619.1323
6400,6883.6494
6401,7625.9087
6402,6440.6514
6403,6463.0454
6404,6622.1826
6405,6838.586
6406,5635.9814
6407,6904.29
6408,5442.3916
6409,5340.84
6410,5410.8325
6411,5983.2485
6412,6914.34
6413,6279.8774
6414,7211.9937
6415,9424.424
6416,6890.4746
6417,6851.8857
6418,6853.245
6419,6950.303
6420,5822.6055
6421,6774.6313
6422,5539.889
6423,5390.1245
6424,5405.5967
6425,5722.764
6426,6051.3184
6427,5643.384
6428,6918.582
6429,7537.958
6430,6436.8315
6431,6426.924
6432,6615.604
6433,3540.4104
6434,4331.832
6435,7896.6865
6436,6049.004
6437,5744.591
6438,5762.855
6439,5879.054
6440,3210.5889
6441,4013.4595
6442,5089.5493
6443,4875.6987
6444,4852.139
6445,4933.3574
6446,5094.3335
6447,3213.0156
6448,4058.9565
6449,7286.3423
6450,5702.38
6451,5656.4795
6452,5742.416
6453,5842.01
6454,3222.6514
6455,4071.1284
6456,5168.905
6457,4891.49
6458,4855.7363
6459,5059.244
6460,5907.8247
6461,3552.6167
6462,4599.393
6463,9134.747
6464,6165.312
6465,6012.8555
6466,6009.364
6467,6013.647
6468,3324.9492
6469,3994.6672
6470,5250.71
6471,4925.6367
6472,4876.7637
6473,4954.65
6474,5116.3203
6475,3226.8843
6476,4079.5566
6477,7165.471
6478,5669.8486
6479,5624.21
6480,5736.044
6481,6138.426
6482,6186.0054
6483,9973.855
6484,8555.669
6485,8229.61
6486,8163.8774
6487,8159.4243
6488,5712.7725
6489,5538.8325
6490,7078.8794
6491,7008.913
6492,7005.431
6493,7084.1006
6494,7203.297
6495,5717.09
6496,5543.018
6497,9247.833
6498,8222.424
6499,8113.0415
6500,8145.5527
6501,8164.765
6502,5734.233
6503,5559.6396
6504,7199.1553
6505,7046.6724
6506,7021.66
6507,7294.2974
6508,7895.0674
6509,6216.4434
6510,5783.0693
6511,11694.78
6512,8861.206
6513,8596.321
6514,8398.791
6515,8340.285
6516,5949.8306
6517,5801.434
6518,7303.02
6519,7089.9478
6520,7040.9814
6521,7114.674
6522,7234.3843
6523,5741.764
6524,5571.1484
6525,9094.428
6526,8175.5186
6527,8066.7607
6528,8136.514
6529,7453.0547
6530,7234.35
6531,9573.984
6532,7977.956
6533,7955.9805
6534,8001.061
6535,8212.932
6536,6968.1924
6537,6898.05
6538,6541.8867
6539,6563.8755
6540,6680.9883
6541,7132.7544
6542,7580.9307
6543,6973.458
6544,6671.863
6545,8983.347
6546,7739.4717
6547,7805.9043
6548,7945.0527
6549,8248.289
6550,6994.368
6551,6691.8687
6552,6628.647
6553,6601.0503
6554,6770.6133
6555,7404.8438
6556,8410.655
6557,7763.996
6558,7205.503
6559,11173.441
6560,8355.987
6561,8351.478
6562,8256.065
6563,8364.767
6564,7319.2817
6565,6888.8315
6566,6768.728
6567,6707.525
6568,6739.2104
6569,7189.48
6570,7636.1055
6571,7003.5537
6572,7011.641
6573,8870.347
6574,7755.019
6575,7782.487
6576,7957.8247
6577,3641.8667
6578,3622.861
6579,9482.779
6580,7364.632
6581,7131.591
6582,7207.929
6583,7299.4336
6584,3358.7256
6585,3357.5276
6586,6214.0664
6587,6309.0864
6588,6228.563
6589,6431.265
6590,6535.083
6591,3368.0754
6592,3397.509
6593,8945.47
6594,7158.9473
6595,7067.579
6596,7248.4053
6597,7336.28
6598,3373.6448
6599,3408.098
6600,6295.9214
6601,6346.3677
6602,6293.033
6603,6633.163
6604,7329.964
6605,3731.6387
6606,3671.741
6607,12038.595
6608,7495.2646
6609,7331.8027
6610,7425.007
6611,7367.182
6612,3528.7102
6613,3357.3354
6614,6391.4487
6615,6341.1035
6616,6260.172
6617,6455.3755
6618,6559.582
6619,3375.773
6620,3414.753
6621,8797.079
6622,7136.49
6623,7045.4087
6624,7259.06
6625,5263.4116
6626,5152.906
6627,7644.785
6628,6113.394
6629,6002.077
6630,6004.585
6631,6259.933
6632,4897.485
6633,4847.328
6634,4580.8374
6635,4608.224
6636,4699.94
6637,4856.6074
6638,5201.9946
6639,4903.9546
6640,4853.7314
6641,6974.11
6642,5925.9014
6643,5960.9927
6644,6034.896
6645,6291.5327
6646,4919.237
6647,4868.8574
6648,4655.2417
6649,4669.464
6650,4744.1445
6651,5113.4272
6652,6069.232
6653,5401.3857
6654,5376.476
6655,9057.664
6656,5584.705
6657,6084.279
6658,6171.1543
6659,6307.3955
6660,5114.593
6661,4849.9272
6662,4722.8643
6663,4572.2676
6664,4722.2427
6665,4887.0176
6666,5287.767
6667,5007.9707
6668,4885.596
6669,6858.6665
6670,5887.5615
6671,5904.039
6672,6034.6084
6673,3288.2769
6674,3831.261
6675,7367.2383
6676,5556.48
6677,5263.045
6678,5243.653
6679,5377.681
6680,2934.7559
6681,3490.7266
6682,4480.3667
6683,4410.566
6684,4365.515
6685,4404.6963
6686,4678.363
6687,2919.85
6688,3530.2996
6689,6684.889
6690,5229.482
6691,5185.859
6692,5224.4463
6693,5400.8345
6694,2945.7837
6695,3540.8865
6696,4526.952
6697,4408.299
6698,4375.888
6699,4625.479
6700,5373.692
6701,3302.543
6702,4081.242
6703,8136.8247
6704,5650.9517
6705,5509.588
6706,5463.8423
6707,5571.882
6708,3036.8713
6709,3474.3816
6710,4598.599
6711,4432.9497
6712,4387.671
6713,4423.7075
6714,4698.5547
6715,2949.6519
6716,3548.2173
6717,6573.994
6718,5229.652
6719,5160.102
6720,5222.523
6721,5856.605
6722,5202.625
6723,8379.46
6724,6761.578
6725,6663.252
6726,6752.813
6727,7010.672
6728,5431.972
6729,4885.475
6730,5398.9595
6731,5397.523
6732,5513.526
6733,5847.964
6734,6239.391
6735,5436.0776
6736,4889.167
6737,7823.316
6738,6564.1445
6739,6576.779
6740,6746.2466
6741,7044.3135
6742,5452.3784
6743,4903.828
6744,5509.6353
6745,5466.861
6746,5525.2344
6747,6028.0674
6748,7034.363
6749,5969.613
6750,5029.3403
6751,10105.527
6752,7016.371
6753,7001.2827
6754,7010.498
6755,7131.0537
6756,5652.607
6757,4862.601
6758,5579.652
6759,5489.0884
6760,5541.5063
6761,5873.203
6762,6266.3193
6763,5459.539
6764,4913.98
6765,7693.538
6766,6526.698
6767,6539.2603
6768,6738.7607
6769,3247.848
6770,3122.0967
6771,5612.0884
6772,4497.473
6773,4330.762
6774,4320.224
6775,4403.2305
6776,2889.3872
6777,2800.187
6778,3576.4668
6779,3526.6946
6780,3513.1826
6781,3546.163
6782,3740.117
6783,2876.34
6784,2803.8892
6785,5307.606
6786,4333.3325
6787,4305.1304
6788,4339.8105
6789,4425.459
6790,2902.225
6791,2812.6284
6792,3620.7363
6793,3552.349
6794,3562.6453
6795,3749.6301
6796,4324.376
6797,3209.762
6798,3382.0906
6799,6296.588
6800,4564.794
6801,4493.528
6802,4477.402
6803,4507.699
6804,2922.9229
6805,2800.0266
6806,3682.5342
6807,3544.594
6808,3531.0134
6809,3559.459
6810,3754.1396
6811,2904.053
6812,2818.121
6813,5219.555
6814,4321.3535
6815,4293.2295
6816,4347.816
6817,5093.6387
6818,3985.3652
6819,9094.688
6820,7240.19
6821,6894.669
6822,6959.604
6823,7065.382
6824,4727.7505
6825,3552.827
6826,5955.991
6827,5912.8022
6828,5901.466
6829,6077.533
6830,6307.931
6831,4731.323
6832,3555.5122
6833,8318.954
6834,6843.989
6835,6786.868
6836,6934.114
6837,7095.8
6838,4745.511
6839,3566.1748
6840,6017.916
6841,5900.329
6842,5870.1226
6843,6280.0635
6844,7099.198
6845,5223.893
6846,3654.545
6847,10625.323
6848,7481.2017
6849,7257.565
6850,7249.7676
6851,7190.2754
6852,4919.786
6853,3536.1912
6854,6160.4565
6855,5988.7925
6856,5947.4307
6857,6120.2437
6858,6353.715
6859,4751.744
6860,3573.5579
6861,8244.255
6862,6857.6
6863,6766.372
6864,6945.121
6865,5714.5493
6866,6867.831
6867,8329.935
6868,7136.7764
6869,7049.0386
6870,7111.3086
6871,7298.1455
6872,5384.7183
6873,6143.1235
6874,5654.926
6875,5765.5547
6876,5834.926
6877,6201.6553
6878,6417.864
6879,5384.7183
6880,6143.1235
6881,8079.3423
6882,6983.782
6883,6960.0684
6884,7153.555
6885,7341.502
6886,5401.499
6887,6162.2666
6888,5742.5854
6889,5805.359
6890,5897.206
6891,6451.823
6892,7087.9263
6893,5822.2114
6894,6406.488
6895,10833.163
6896,7364.2456
6897,7323.9536
6898,7374.1772
6899,7498.318
6900,5528.197
6901,6144.553
6902,5887.163
6903,5904.6753
6904,6017.2676
6905,6247.276
6906,6500.189
6907,5336.5977
6908,6184.2476
6909,7978.5728
6910,6976.9907
6911,6967.1553
6912,7158.469
6913,8652.645
6914,7472.8433
6915,10986.494
6916,9410.07
6917,9400.947
6918,9355.143
6919,9642.293
6920,8221.804
6921,7339.3105
6922,7938.266
6923,7818.154
6924,7883.517
6925,8316.519
6926,8859.8955
6927,8228.018
6928,7098.6562
6929,10345.967
6930,9122.984
6931,9219.484
6932,9289.657
6933,9683.803
6934,8252.688
6935,7119.942
6936,8060.5464
6937,7879.052
6938,8119.118
6939,8830.933
6940,10135.344
6941,9478.502
6942,7925.7603
6943,12521.254
6944,9666.611
6945,9729.129
6946,9611.194
6947,9843.243
6948,8596.174
6949,7329.5024
6950,8218.833
6951,7994.417
6952,7957.3613
6953,8388.079
6954,8930.15
6955,8263.526
6956,7460.167
6957,10222.437
6958,9147.224
6959,9197.772
6960,9310.608
6961,7371.259
6962,7753.059
6963,10592.529
6964,8734.592
6965,8536.815
6966,8572.308
6967,8740.2
6968,6903.8687
6969,7395.2305
6970,7240.8457
6971,7335.3003
6972,7319.2817
6973,7621.255
6974,7843.6685
6975,6872.6997
6976,7483.2783
6977,9899.479
6978,8509.347
6979,8469.267
6980,8611.167
6981,8784.318
6982,6934.5303
6983,7506.597
6984,7334.7964
6985,7403.2334
6986,7585.6104
6987,8122.7666
6988,9068.227
6989,7823.7334
6990,8522.302
6991,12459.761
6992,8966.457
6993,8817.021
6994,8805.76
6995,8761.384
6996,7079.447
6997,7394.807
6998,7477.064
6999,7372.5244
7000,7356.425
7001,7649.825
7002,7873.0723
7003,6938.904
7004,7521.2534
7005,9735.265
7006,8510.239
7007,8470.155
7008,8651.868
7009,6615.5977
7010,6971.3564
7011,9767.491
7012,7820.5776
7013,7581.871
7014,7673.063
7015,7819.7124
7016,6065.1865
7017,6482.2397
7018,6455.954
7019,6508.5146
7020,6482.8335
7021,6709.348
7022,6937.693
7023,5968.992
7024,6490.8027
7025,9107.892
7026,7594.4136
7027,7539.619
7028,7722.5635
7029,7874.1914
7030,6092.124
7031,6511.0293
7032,6535.856
7033,6564.908
7034,6598.2046
7035,7166.059
7036,8127.726
7037,6930.464
7038,7205.276
7039,11616.476
7040,8054.659
7041,7923.2734
7042,7945.394
7043,7909.539
7044,6248.2886
7045,6481.8687
7046,6647.3945
7047,6541.544
7048,6515.7324
7049,6734.5005
7050,6963.7007
7051,6095.9663
7052,6523.7417
7053,8956.808
7054,7590.0396
7055,7535.277
7056,7753.7837
7057,12560.905
7058,11827.152
7059,16724.99
7060,13758.998
7061,13905.233
7062,14073.303
7063,14503.626
7064,12528.278
7065,11441.534
7066,12037.618
7067,11738.888
7068,11959.481
7069,12232.892
7070,12786.562
7071,10861.386
7072,11456.647
7073,15991.687
7074,13703.98
7075,13897.703
7076,14144.338
7077,14576.833
7078,12583.916
7079,11492.346
7080,11617.328
7081,11290.486
7082,11657.541
7083,12437.107
7084,13245.005
7085,12904.432
7086,11742.326
7087,19077.686
7088,13910.274
7089,14049.538
7090,14175.588
7091,14450.84
7092,12681.6045
7093,11440.88
7094,12315.434
7095,11844.66
7096,12020.169
7097,12278.747
7098,12834.493
7099,12591.852
7100,11514.783
7101,15726.425
7102,13642.012
7103,13834.858
7104,14145.443
7105,3791.4714
7106,3920.5056
7107,8701.996
7108,6153.175
7109,5869.882
7110,5823.261
7111,5871.4385
7112,3409.018
7113,3598.5781
7114,4934.2188
7115,4833.352
7116,4772.426
7117,4803.3535
7118,5011.4976
7119,3411.5945
7120,3601.2979
7121,7789.9355
7122,5846.575
7123,5783.798
7124,5801.932
7125,5896.717
7126,3421.8257
7127,3612.098
7128,4985.522
7129,4830.8677
7130,4800.5317
7131,5024.9814
7132,5705.8564
7133,3697.4907
7134,4008.6191
7135,9844.116
7136,6246.352
7137,6075.383
7138,6010.1777
7139,6055.487
7140,3509.5215
7141,3581.7283
7142,5203.414
7143,4857.8813
7144,4796.646
7145,4824.085
7146,5033.127
7147,3426.3203
7148,3619.576
7149,7700.0938
7150,5843.1074
7151,5751.4717
7152,5796.1685
7153,5517.6294
7154,5837.0747
7155,7270.4653
7156,5966.2715
7157,5898.568
7158,5915.1094
7159,6167.553
7160,5128.6724
7161,5189.402
7162,4451.7515
7163,4497.216
7164,4560.7637
7165,4845.7144
7166,5302.4243
7167,5128.6724
7168,5189.402
7169,6655.693
7170,5776.371
7171,5825.1997
7172,5950.2505
7173,6204.194
7174,5144.6553
7175,5205.5737
7176,4518.0913
7177,4525.588
7178,4581.414
7179,5058.5977
7180,6306.3066
7181,5815.2734
7182,5996.7324
7183,8191.004
7184,6088.7666
7185,6105.7427
7186,6192.83
7187,6374.785
7188,5163.4497
7189,5091.8022
7190,4741.9546
7191,4586.5605
7192,4667.9277
7193,4861.7104
7194,5338.838
7195,5092.3076
7196,5124.697
7197,6606.2715
7198,5781.459
7199,5821.2563
7200,5940.9897
7201,9336.272
7202,9173.032
7203,13220.772
7204,11634.837
7205,11228.073
7206,11219.573
7207,11262.168
7208,9031.767
7209,8731.769
7210,9757.286
7211,9429.27
7212,9445.399
7213,9660.427
7214,9893.306
7215,9038.592
7216,8738.366
7217,12351.936
7218,11192.352
7219,11105.594
7220,11193.089
7221,11268.229
7222,9065.693
7223,8764.567
7224,9602.142
7225,9173.47
7226,9251.494
7227,9833.784
7228,11185.415
7229,9794.209
7230,9173.968
7231,15132.935
7232,11974.171
7233,11647.994
7234,11497.883
7235,11465.063
7236,9130.775
7237,9145.724
7238,10094.084
7239,9537.174
7240,9493.331
7241,9702.117
7242,9936.001
7243,9077.599
7244,8782.71
7245,12147.044
7246,11128.507
7247,11042.244
7248,11180.669
7249,7374.6904
7250,7245.2466
7251,9389.585
7252,7926.214
7253,7872.1484
7254,7916.7544
7255,8081.385
7256,6743.93
7257,6757.149
7258,6617.333
7259,6639.575
7260,6728.2725
7261,7102.2393
7262,7470.05
7263,6749.027
7264,6833.741
7265,8776.974
7266,7669.485
7267,7723.654
7268,7861.3364
7269,8116.1763
7270,6769.2637
7271,6854.2324
7272,6705.0938
7273,6677.1787
7274,6818.5317
7275,7393.6787
7276,8171.738
7277,7410.9697
7278,7025.7935
7279,11173.559
7280,8260.745
7281,8243.838
7282,8149.656
7283,8247.802
7284,7083.722
7285,6748.119
7286,6843.284
7287,6781.4067
7288,6783.4316
7289,7155.056
7290,7520.565
7291,6778.154
7292,6868.421
7293,8662.132
7294,7680.9565
7295,7696.54
7296,7869.9414
7297,8558.493
7298,6132.708
7299,10763.541
7300,9062.822
7301,9150.121
7302,9211.907
7303,9723.989
7304,8328.401
7305,6103.786
7306,7641.6064
7307,7619.8594
7308,7764.3296
7309,8250.847
7310,8792.91
7311,8339.402
7312,5845.181
7313,10350.181
7314,8975.964
7315,9104.348
7316,9258.406
7317,9773.073
7318,8365.389
7319,5863.3965
7320,7770.308
7321,7725.6797
7322,7980.3154
7323,8629.304
7324,9903.256
7325,9403.046
7326,6706.245
7327,12829.402
7328,8364.168
7329,9322.711
7330,9417.7295
7331,9740.81
7332,8662.173
7333,6088.209
7334,7711.773
7335,7613.423
7336,7825.226
7337,8344.869
7338,8951.922
7339,8488.999
7340,6132.983
7341,10120.932
7342,8907.583
7343,9049.072
7344,9305.202
7345,7398.518
7346,9076.43
7347,10067.345
7348,8724.035
7349,8376.088
7350,8302.031
7351,8352.346
7352,6903.4404
7353,8207.74
7354,7508.0293
7355,7424.6743
7356,7424.6104
7357,7577.6777
7358,7816.0884
7359,6908.6577
7360,8300.772
7361,9269.61
7362,8351.23
7363,8263.904
7364,8289.877
7365,8388.296
7366,6929.373
7367,8325.661
7368,7617.621
7369,7479.0186
7370,7480.331
7371,7842.9053
7372,8498.777
7373,7510.013
7374,8689.372
7375,10831.189
7376,9068.21
7377,8797.139
7378,8571.09
7379,8495.787
7380,7226.9775
7381,8596.8545
7382,7762.878
7383,7523.1475
7384,7468.9956
7385,7617.2217
7386,7849.8203
7387,6938.4736
7388,8342.8955
7389,9115.844
7390,8303.591
7391,8216.764
7392,8280.679
7393,5603.1187
7394,5758.311
7395,7573.371
7396,6073.164
7397,5959.3154
7398,5984.613
7399,6385.4224
7400,5090.0103
7401,5156.0967
7402,4669.1743
7403,4705.179
7404,4798.728
7405,4991.751
7406,5549.5835
7407,5096.7344
7408,5217.4893
7409,6891.2896
7410,5882.661
7411,5923.155
7412,6019.5293
7413,6461.0054
7414,5112.6177
7415,5233.7485
7416,4737.5645
7417,4763.8203
7418,4855.635
7419,5212.2764
7420,6552.5283
7421,5732.04
7422,6007.9136
7423,8758.024
7424,5550.494
7425,6066.0024
7426,6161.3203
7427,6540.8013
7428,5201.4443
7429,5121.4717
7430,4788.8193
7431,4655.046
7432,4782.337
7433,5009.562
7434,5554.4185
7435,5093.0117
7436,5213.6787
7437,6707.32
7438,5803.122
7439,5852.177
7440,6007.7817
7441,6765.2427
7442,6012.3506
7443,9149.108
7444,7204.7676
7445,7127.81
7446,7233.7495
7447,7380.5874
7448,6303.035
7449,5671.309
7450,5915.341
7451,5831.287
7452,5940.5703
7453,6264.5083
7454,6657.312
7455,6307.799
7456,5675.595
7457,8495.099
7458,6929.5845
7459,6993.354
7460,7183.1123
7461,7412.3623
7462,6326.713
7463,5692.614
7464,5990.2495
7465,5860.8467
7466,5980.6753
7467,6587.326
7468,7569.616
7469,7078.2046
7470,5958.27
7471,10495.145
7472,7447.3984
7473,7485.363
7474,7489.605
7475,7691.975
7476,6590.5625
7477,5648.99
7478,6137.255
7479,5961.2144
7480,5994.662
7481,6316.776
7482,6714.393
7483,6328.3003
7484,5689.5522
7485,8418.817
7486,6952.4385
7487,6981.344
7488,7203.9155
7489,5632.354
7490,5303.188
7491,8189.903
7492,6565.234
7493,6344.098
7494,6387.4507
7495,6626.0493
7496,5323.7144
7497,5057.845
7498,5447.211
7499,5465.8647
7500,5444.297
7501,5570.5215
7502,5826.6445
7503,5299.6787
7504,5118.068
7505,7571.934
7506,6346.095
7507,6300.3066
7508,6416.4067
7509,6659.4966
7510,5347.3594
7511,5134.0176
7512,5514.6304
7513,5513.226
7514,5508.022
7515,5827.612
7516,6837.3926
7517,5906.0947
7518,5777.016
7519,9707.662
7520,6630.348
7521,6522.1924
7522,6581.818
7523,6764.8877
7524,5423.0215
7525,5057.5557
7526,5608.7437
7527,5493.6035
7528,5471.9263
7529,5591.405
7530,5848.4883
7531,5350.732
7532,5144.042
7533,7446.326
7534,6322.104
7535,6276.4883
7536,6421.691
7537,6450.9004
7538,5248.7617
7539,10178.579
7540,8791.502
7541,8488.902
7542,8415.405
7543,8500.229
7544,6038.2646
7545,4711.5566
7546,7398.4053
7547,7382.657
7548,7379.4824
7549,7596.036
7550,7715.834
7551,6046.2407
7552,4717.781
7553,9446.751
7554,8472.014
7555,8402.846
7556,8473.719
7557,8554.298
7558,6065.0825
7559,4732.4834
7560,7494.4
7561,7446.4253
7562,7485.491
7563,7825.1367
7564,8648.535
7565,6629.096
7566,5194.156
7567,12320.145
7568,9005.729
7569,8850.36
7570,8728.912
7571,8674.311
7572,6220.554
7573,4957.874
7574,7609.5894
7575,7429.8174
7576,7416.9307
7577,7624.512
7578,7744.759
7579,6068.9077
7580,4741.724
7581,9290.047
7582,8422.696
7583,8353.932
7584,8463.323
7585,8279.944
7586,7534.9033
7587,15215.049
7588,12617.157
7589,12170.12
7590,12227.969
7591,12254.588
7592,8073.788
7593,7282.5903
7594,10651.786
7595,10310.268
7596,10215.683
7597,10316.957
7598,10411.09
7599,8079.8896
7600,7365.1377
7601,14173.642
7602,12194.706
7603,12082.835
7604,12183.186
7605,12307.344
7606,8104.1167
7607,7387.2217
7608,10439.647
7609,10016.029
7610,10004.21
7611,10459.989
7612,10985.635
7613,8328.434
7614,7587.955
7615,17038.459
7616,12877.089
7617,12472.946
7618,12386.489
7619,12306.521
7620,8287.925
7621,7627.8506
7622,10988.118
7623,10445.792
7624,10298.229
7625,10392.469
7626,10480.2705
7627,8114.76
7628,7402.513
7629,13986.567
7630,12211.524
7631,12039.02
7632,12195.102
7633,4655.5347
7634,3618.8337
7635,9963.625
7636,7866.0317
7637,7625.334
7638,7686.1963
7639,7838.9414
7640,4377.7837
7641,3434.1936
7642,6418.4575
7643,6545.4443
7644,6518.8774
7645,6695.482
7646,6851.7876
7647,4383.567
7648,3438.7305
7649,9330.032
7650,7631.606
7651,7576.543
7652,7729.358
7653,7878.5107
7654,4397.228
7655,3449.4478
7656,6503.0044
7657,6594.65
7658,6600.7227
7659,6973.9106
7660,7761.0566
7661,4829.2554
7662,3872.2876
7663,12826.588
7664,8079.466
7665,7947.6753
7666,7929.828
7667,7927.242
7668,4509.953
7669,3433.997
7670,6619.4985
7671,6605.043
7672,6578.2344
7673,6747.5337
7674,6941.6973
7675,4400.0015
7676,3456.1836
7677,9200.036
7678,7617.6064
7679,7562.645
7680,7750.8335
7681,3029.5676
7682,4296.4497
7683,4463.5044
7684,3669.409
7685,3633.8643
7686,3661.3564
7687,3806.1006
7688,2753.326
7689,3810.111
7690,2689.0217
7691,2719.0027
7692,2772.3708
7693,2889.608
7694,3049.6077
7695,2753.326
7696,3810.111
7697,4290.261
7698,3591.6436
7699,3585.8271
7700,3683.1104
7701,3828.7144
7702,2761.9077
7703,3821.9854
7704,2729.0964
7705,2736.1562
7706,2807.5483
7707,3056.662
7708,3450.9321
7709,3055.767
7710,4407.34
7711,5035.5522
7712,3754.5837
7713,3744.8828
7714,3782.9382
7715,3899.5476
7716,2786.3645
7717,3785.3352
7718,2780.3594
7719,2765.6082
7720,2842.677
7721,2910.7349
7722,3105.542
7723,2749.4622
7724,3809.7913
7725,4219.3423
7726,3573.4111
7727,3578.7363
7728,3683.0789
7729,3484.8042
7730,3324.8923
7731,6451.947
7732,5353.223
7733,5091.6953
7734,5082.917
7735,5178.716
7736,3059.168
7737,2850.3132
7738,4201.522
7739,4192.774
7740,4190.9106
7741,4229.4487
7742,4537.6133
7743,3061.4802
7744,2852.469
7745,5903.29
7746,5013.7876
7747,5005.1245
7748,5047.3335
7749,5201.0127
7750,3070.6619
7751,2861.024
7752,4245.2085
7753,4184.8384
7754,4178.217
7755,4389.8184
7756,5204.5806
7757,3405.9397
7758,3122.3647
7759,6888.3193
7760,5446.588
7761,5319.0293
7762,5289.8203
7763,5304.529
7764,3173.1304
7765,2846.5034
7766,4334.5684
7767,4235.7188
7768,4212.6704
7769,4248.1978
7770,4520.0566
7771,3074.6953
7772,2866.9475
7773,5835.204
7774,5010.814
7775,4977.15
7776,5042.3193
7777,7853.617
7778,5598.775
7779,10837.421
7780,9206.751
7781,9277.093
7782,9278.137
7783,9650.536
7784,7609.437
7785,5294.732
7786,7474.497
7787,7464.6084
7788,7635.2827
7789,7941.0303
7790,8452.618
7791,7619.489
7792,5070.3994
7793,10304.468
7794,9150.609
7795,9263.176
7796,9354.981
7797,9788.53
7798,7643.232
7799,5086.2007
7800,7600.385
7801,7574.39
7802,7843.773
7803,8425.621
7804,9673.279
7805,8696.486
7806,6065.7017
7807,13139.38
7808,9410.824
7809,9487.846
7810,9418.43
7811,9658.188
7812,7781.7817
7813,5294.4287
7814,7647.0093
7815,7541.712
7816,7674.029
7817,7970.799
7818,8484.305
7819,7648.0522
7820,5328.6323
7821,10133.537
7822,9097.343
7823,9209.254
7824,9343.506
7825,8923.654
7826,6748.518
7827,11536.867
7828,9480.835
7829,9531.427
7830,9553.625
7831,10037.001
7832,8622.492
7833,6640.88
7834,8012.9673
7835,7902.262
7836,8098.391
7837,8570.182
7838,9214.025
7839,8633.882
7840,6719.9478
7841,10842.973
7842,9415.808
7843,9534.909
7844,9653.648
7845,10202.605
7846,8660.785
7847,6740.8887
7848,8161.962
7849,8055.2275
7850,8337.709
7851,8978.404
7852,10386.919
7853,9770.817
7854,7743.496
7855,13438.9795
7856,9744.1455
7857,9827.268
7858,9775.059
7859,10124.6875
7860,8779.661
7861,6640.5
7862,8219.413
7863,8023.6895
7864,8146.803
7865,8610.041
7866,9248.565
7867,8666.247
7868,6754.05
7869,10663.109
7870,9360.997
7871,9479.406
7872,9641.806
7873,6338.9146
7874,6795.12
7875,9259.324
7876,7745.173
7877,7756.4688
7878,7805.1377
7879,8019.1294
7880,6171.684
7881,6201.454
7882,6142.4497
7883,6236.898
7884,6266.2773
7885,6729.89
7886,6968.5776
7887,5715.923
7888,6201.454
7889,8936.967
7890,7651.5254
7891,7673.7363
7892,7866.4966
7893,8082.171
7894,6190.9165
7895,6332.8105
7896,6242.57
7897,6326.4834
7898,6367.4077
7899,6985.4873
7900,7703.7007
7901,6779.0205
7902,6711.5435
7903,12067.655
7904,8051.556
7905,8058.1094
7906,8039.286
7907,8145.389
7908,6269.368
7909,6202.898
7910,6404.484
7911,6397.1577
7912,6417.821
7913,6756.3115
7914,7023.3613
7915,6116.532
7916,6242.9688
7917,8804.517
7918,7666.1426
7919,7703.7153
7920,7886.488
7921,7319.512
7922,8477.372
7923,9066.592
7924,7655.869
7925,7682.5244
7926,7647.5635
7927,7866.8643
7928,6835.788
7929,7637.606
7930,6146.8335
7931,6135.6743
7932,6366.5513
7933,6624.6274
7934,7032.1626
7935,6835.788
7936,7637.606
7937,8710.142
7938,7600.4136
7939,7622.476
7940,7729.8887
7941,8009.6587
7942,6857.09
7943,7661.406
7944,6254.0605
7945,6253.655
7946,6469.2993
7947,6918.5557
7948,7808.0713
7949,7600.8413
7950,8219.476
7951,10968.109
7952,7988.4565
7953,8003.908
7954,7876.009
7955,8050.174
7956,6943.982
7957,7639.384
7958,6407.875
7959,6315.2393
7960,6443.927
7961,6649.3667
7962,7050.128
7963,6774.7026
7964,7688.7334
7965,8562.126
7966,7558.2603
7967,7603.807
7968,7700.4683
7969,4858.011
7970,5495.7
7971,7004.3423
7972,5590.2637
7973,5412.443
7974,5425.3394
7975,5622.6226
7976,4481.5425
7977,5179.7188
7978,4678.077
7979,4464.722
7980,4510.986
7981,4620.0947
7982,5004.442
7983,4484.929
7984,5238.4336
7985,6540.458
7986,5324.8726
7987,5328.805
7988,5405.468
7989,5646.8296
7990,4498.3784
7991,5254.1416
7992,4737.3203
7993,4481.166
7994,4540.813
7995,4738.794
7996,5824.433
7997,5056.3496
7998,5844.2446
7999,7944.341
8000,5727.99
8001,5680.366
8002,5671.9526
8003,5751.345
8004,4624.998
8005,5155.4673
8006,4822.1895
8007,4528.766
8008,4534.407
8009,4640.575
8010,4985.0796
8011,4504.2866
8012,5265.018
8013,6465.025
8014,5321.714
8015,5299.0215
8016,5400.0977
8017,3069.7568
8018,3246.2002
8019,7539.1445
8020,5433.698
8021,5186.3286
8022,5195.0625
8023,5253.119
8024,2766.3628
8025,2955.1624
8026,4409.148
8027,4342.266
8028,4322.2896
8029,4383.7007
8030,4550.061
8031,1938.6844
8032,2959.0684
8033,7051.432
8034,5188.3574
8035,5157.858
8036,5224.2373
8037,5279.6377
8038,2778.6543
8039,2968.291
8040,4463.7217
8041,4379.893
8042,4370.4653
8043,4537.8164
8044,5118.5024
8045,2982.216
8046,3302.2847
8047,9125.116
8048,5014.29
8049,5355.8076
8050,5366.5107
8051,5352.074
8052,2873.6934
8053,2861.7417
8054,4494.051
8055,4324.8794
8056,4328.842
8057,4398.6333
8058,4558.0454
8059,2816.029
8060,2882.7944
8061,6913.4697
8062,5143.139
8063,5111.7935
8064,5209.771
8065,2289.3015
8066,2280.0015
8067,4557.9673
8068,3486.5466
8069,3345.8315
8070,3342.5967
8071,3366.527
8072,2093.3708
8073,2124.5889
8074,2910.6653
8075,2856.3618
8076,2846.0974
8077,2880.0483
8078,2949.1736
8079,2094.9543
8080,2148.68
8081,4270.7153
8082,3329.447
8083,3296.0938
8084,3316.6526
8085,3355.3694
8086,2101.238
8087,2155.1248
8088,2960.0212
8089,2869.458
8090,2857.8445
8091,3001.2815
8092,3282.0278
8093,2283.707
8094,2553.4507
8095,4874.527
8096,3602.9507
8097,3506.8777
8098,3441.2114
8099,3424.0298
8100,2166.4824
8101,2121.7488
8102,3006.8872
8103,2889.492
8104,2860.5435
8105,2892.479
8106,2961.9023
8107,2103.9976
8108,2159.5874
8109,4206.47
8110,3315.6592
8111,3282.4443
8112,3318.1843
8113,3149.5615
8114,3582.1245
8115,7580.5405
8116,5380.5137
8117,5090.904
8118,5063.5073
8119,5099.7153
8120,2810.6812
8121,3263.4265
8122,4358.8325
8123,4281.582
8124,4233.796
8125,4264.5195
8126,4366.5605
8127,2812.807
8128,3265.893
8129,6931.945
8130,5072.852
8131,5000.0186
8132,5028.645
8133,5072.7793
8134,2821.243
8135,3275.6875
8136,4426.7974
8137,4301.383
8138,4243.856
8139,4411.1924
8140,4992.641
8141,3122.737
8142,3759.9026
8143,8672.49
8144,5515.498
8145,5344.9014
8146,5275.887
8147,5269.6357
8148,2918.2544
8149,3259.0647
8150,4496.86
8151,4325.4365
8152,4255.283
8153,4282.926
8154,4385.407
8155,2824.9475
8156,3282.4692
8157,6816.9517
8158,5043.9116
8159,4971.494
8160,5023.065
8161,5983.1685
8162,5100.961
8163,8881.429
8164,6865.4536
8165,6795.6646
8166,6883.124
8167,7111.7563
8168,5489.9473
8169,4562.57
8170,5616.244
8171,5565.8105
8172,5670.119
8173,5917.401
8174,6332.0557
8175,5494.096
8176,4566.0176
8177,8147.448
8178,6620.932
8179,6667.0024
8180,6834.941
8181,7142.374
8182,5510.571
8183,4579.71
8184,5687.3657
8185,5585.0938
8186,5673.089
8187,6136.6987
8188,7131.7407
8189,6103.5474
8190,4751.5986
8191,9970.309
8192,7094.46
8193,7079.2036
8194,7095.854
8195,7207.4756
8196,5732.1387
8197,4556.472
8198,5789.251
8199,5645.645
8200,5699.5576
8201,5943.631
8202,6361.5796
8203,5517.808
8204,4589.191
8205,8053.484
8206,6617.005
8207,6629.741
8208,6828.151
8209,7413.649
8210,5697.8506
8211,10503.006
8212,8101.79
8213,8117.4766
8214,8242.926
8215,8652.372
8216,7109.322
8217,5333.046
8218,6542.3984
8219,6623.9575
8220,6744.0205
8221,7239.2646
8222,7663.0356
8223,7118.7124
8224,5340.091
8225,9929.947
8226,7978.215
8227,8080.3213
8228,8300.353
8229,8712.65
8230,7140.8955
8231,5356.7324
8232,6652.5894
8233,6715.949
8234,6950.025
8235,7598.8623
8236,8732.135
8237,8016.3535
8238,6346.3677
8239,12813.664
8240,8359.486
8241,8432.037
8242,8487.162
8243,8718.827
8244,7283.299
8245,5332.7407
8246,6693.4004
8247,6683.646
8248,6778.2446
8249,7266.403
8250,7691.7627
8251,7145.3994
8252,5367.1914
8253,9777.688
8254,7952.2705
8255,8054.0444
8256,8311.594
8257,5941.8
8258,7155.227
8259,9617.622
8260,7604.837
8261,7271.1313
8262,7320.79
8263,7362.539
8264,5492.9487
8265,6746.105
8266,6271.282
8267,6199.9404
8268,6168.4414
8269,6330.8843
8270,6590.94
8271,5497.0996
8272,6751.203
8273,8818.703
8274,7218.194
8275,7157.95
8276,7293.977
8277,7394.236
8278,5513.5835
8279,6771.4463
8280,6341.4663
8281,6201.626
8282,6203.643
8283,6665.1333
8284,7565.271
8285,6143.2876
8286,7265.5854
8287,11281.444
8288,7840.168
8289,7644.012
8290,7587.7236
8291,7620.4624
8292,5700.0903
8293,6689.335
8294,6465.506
8295,6282.1724
8296,6219.0117
8297,6377.966
8298,6600.4834
8299,5500.756
8300,6760.011
8301,8703.315
8302,7228.9907
8303,7132.8223
8304,7301.9614
8305,4174.9224
8306,5053.1675
8307,8267.957
8308,6567.8647
8309,6259.6885
8310,6295.0986
8311,6456.2744
8312,3851.3486
8313,4754.124
8314,5451.25
8315,5424.4956
8316,5373.892
8317,5479.2124
8318,5717.973
8319,3854.2593
8320,4808.0156
8321,7611.644
8322,6265.632
8323,6182.278
8324,6277.6797
8325,6475.6025
8326,3865.8176
8327,4822.433
8328,5527.5537
8329,5453.845
8330,5375.4917
8331,5693.2656
8332,6587.7344
8333,4179.3213
8334,5070.361
8335,9677.211
8336,6724.7505
8337,6523.723
8338,6502.713
8339,6575.0728
8340,3979.6326
8341,4731.8647
8342,5620.081
8343,5489.272
8344,5406.0195
8345,5507.8066
8346,5742.6514
8347,3870.8953
8348,4832.416
8349,7485.377
8350,6229.888
8351,6147.0093
8352,6270.714
8353,8148.925
8354,6399.4033
8355,9982.593
8356,8613.195
8357,8680.187
8358,8741.301
8359,9097.065
8360,8070.316
8361,5843.6313
8362,7177.0103
8363,7177.3594
8364,7418.9824
8365,7949.29
8366,8455.65
8367,8070.316
8368,5588.664
8369,9552.231
8370,8507.05
8371,8629.354
8372,8832.786
8373,9285.954
8374,8095.464
8375,5606.08
8376,7297.561
8377,7245.5854
8378,7590.1196
8379,8357.47
8380,9636.087
8381,9044.412
8382,6647.832
8383,11587.981
8384,8914.773
8385,8992.142
8386,8955.731
8387,9177.845
8388,8138.051
8389,5844.9917
8390,7462.786
8391,7351.3184
8392,7488.9478
8393,7949.715
8394,8471.27
8395,7998.1997
8396,5882.751
8397,9459.257
8398,8494.742
8399,8603.458
8400,8789.473
8401,8600.562
8402,5841.8315
8403,11640.153
8404,10322.075
8405,10387.474
8406,10471.408
8407,10822.103
8408,8180.1675
8409,5471.6133
8410,8498.462
8411,8392.449
8412,8542.199
8413,9012.379
8414,9420.299
8415,8190.9727
8416,5478.8413
8417,11168.86
8418,10200.941
8419,10335.512
8420,10524.264
8421,10876.729
8422,8216.497
8423,5495.915
8424,8636.484
8425,8490.393
8426,8765.245
8427,9525.574
8428,10794.918
8429,9300.091
8430,6265.405
8431,14100.576
8432,10529.244
8433,10624.756
8434,10677.438
8435,10845.703
8436,8329.275
8437,5471.3003
8438,8694.604
8439,8479.136
8440,8635.487
8441,9057.983
8442,9547.677
8443,8221.679
8444,5506.646
8445,10983.592
8446,10154.8125
8447,10288.774
8448,10525.087
8449,8413.11
8450,6248.4556
8451,10251.953
8452,8824.164
8453,8782.593
8454,8715.103
8455,8945.879
8456,8010.224
8457,6023.28
8458,7634.7217
8459,7534.1416
8460,7588.831
8461,7970.0767
8462,8403.431
8463,8016.2773
8464,5764.829
8465,9588.68
8466,8495.123
8467,8573.297
8468,8654.097
8469,8984.392
8470,8040.3135
8471,5782.115
8472,7735.9736
8473,7576.8105
8474,7707.118
8475,8168.309
8476,9416.4
8477,8907.863
8478,6209.1074
8479,11163.972
8480,9181.461
8481,9182.136
8482,9002.311
8483,9161.464
8484,8413.809
8485,6015.2305
8486,7900.989
8487,7682.422
8488,7638.4585
8489,8016.1396
8490,8453.933
8491,8050.8726
8492,6058.422
8493,9478.421
8494,8501.47
8495,8536.815
8496,8657.094
8497,5653.8306
8498,4823.2383
8499,7860.1743
8500,6322.5684
8501,6350.788
8502,6417.674
8503,6554.8037
8504,5255.0137
8505,4379.1494
8506,4895.042
8507,4949.69
8508,5016.567
8509,5430.092
8510,5624.5215
8511,3956.5127
8512,4379.1494
8513,7586.8047
8514,6208.0
8515,6256.656
8516,6455.8003
8517,6593.744
8518,5271.39
8519,4392.797
8520,4967.986
8521,4980.916
8522,5039.281
8523,5757.6357
8524,6471.4844
8525,5877.462
8526,4906.79
8527,9962.998
8528,6452.3774
8529,6466.4185
8530,6621.096
8531,6690.9688
8532,5318.172
8533,4380.169
8534,5066.759
8535,5039.9634
8536,5126.2417
8537,5444.6553
8538,5672.0557
8539,5208.052
8540,4408.467
8541,7517.574
8542,6207.4316
8543,6246.346
8544,6445.8076
8545,9141.572
8546,7816.126
8547,13250.627
8548,11209.081
8549,10829.062
8550,10829.764
8551,11042.455
8552,8839.672
8553,7491.4194
8554,9582.069
8555,9353.51
8556,9337.857
8557,9580.178
8558,9902.019
8559,8846.352
8560,7576.3335
8561,12393.118
8562,10714.889
8563,10696.958
8564,10790.101
8565,11089.992
8566,8872.877
8567,7599.051
8568,9579.748
8569,9250.268
8570,9366.409
8571,10075.799
8572,11402.458
8573,9830.914
8574,8321.493
8575,15027.253
8576,11388.308
8577,11145.949
8578,11066.262
8579,11221.019
8580,9040.074
8581,7817.155
8582,9906.156
8583,9476.459
8584,9413.312
8585,9650.297
8586,9943.585
8587,8851.213
8588,7586.2256
8589,12229.544
8590,10729.666
8591,10658.168
8592,10800.654
8593,8326.011
8594,8324.129
8595,12860.716
8596,10935.916
8597,10937.021
8598,10940.256
8599,11121.366
8600,8074.096
8601,8419.918
8602,9048.985
8603,8692.108
8604,8753.54
8605,8903.208
8606,9227.771
8607,8080.1978
8608,8515.3545
8609,12212.98
8610,10795.845
8611,10826.181
8612,10922.969
8613,11167.934
8614,8104.426
8615,8540.887
8616,8911.066
8617,8527.57
8618,8651.002
8619,9124.081
8620,10162.205
8621,8797.0625
8622,9137.667
8623,15046.986
8624,11319.793
8625,11305.432
8626,11155.69
8627,11225.332
8628,8288.232
8629,8380.499
8630,9356.864
8631,8876.745
8632,8805.869
8633,8949.668
8634,9267.595
8635,8115.0693
8636,8558.566
8637,12010.394
8638,10734.262
8639,10764.424
8640,10910.85
8641,3799.6396
8642,3923.2517
8643,8183.008
8644,6229.793
8645,6029.0103
8646,6020.247
8647,6237.582
8648,3501.5425
8649,3633.1365
8650,4944.037
8651,4984.0386
8652,4938.7344
8653,5005.0195
8654,5229.926
8655,3506.1685
8656,3676.399
8657,7546.245
8658,6045.399
8659,6001.7793
8660,6054.0547
8661,6269.0693
8662,3517.0957
8663,3687.8567
8664,5005.2295
8665,5027.225
8666,5006.0176
8667,5264.6265
8668,6105.9116
8669,3862.795
8670,4196.331
8671,10079.652
8672,6254.1616
8673,6152.1416
8674,6185.9346
8675,6308.4062
8676,3562.5671
8677,3632.9285
8678,5221.8257
8679,5018.343
8680,4972.727
8681,5032.82
8682,5282.136
8683,3519.7239
8684,3695.0579
8685,7410.277
8686,6015.609
8687,5972.204
8688,6052.063
8689,7548.1025
8690,7965.684
8691,10268.148
8692,8888.733
8693,8717.838
8694,8621.505
8695,8727.972
8696,7203.5513
8697,7333.663
8698,7668.5195
8699,7648.687
8700,7688.601
8701,7904.961
8702,8147.0522
8703,7203.5513
8704,7333.663
8705,9783.826
8706,8709.336
8707,8644.618
8708,8709.194
8709,8811.767
8710,7225.9985
8711,7356.516
8712,7757.5635
8713,7745.1577
8714,7807.6763
8715,8249.202
8716,8959.404
8717,7887.977
8718,7781.7075
8719,11608.512
8720,9260.641
8721,9109.586
8722,8935.322
8723,8914.051
8724,7327.161
8725,8108.57
8726,7993.0444
8727,7819.011
8728,7788.16
8729,7956.132
8730,8205.932
8731,7148.542
8732,8160.95
8733,9645.99
8734,8680.649
8735,8618.02
8736,8699.722
8737,4798.4033
8738,4056.042
8739,6816.347
8740,5748.044
8741,5570.75
8742,5534.523
8743,5573.4766
8744,4438.9585
8745,3805.6687
8746,4444.7803
8747,4413.3896
8748,4463.922
8749,4556.1113
8750,4848.484
8751,4442.3135
8752,3808.545
8753,6375.411
8754,5503.3115
8755,5485.304
8756,5514.893
8757,5591.5225
8758,4455.635
8759,3819.966
8760,4524.211
8761,4458.5684
8762,4481.568
8763,4709.162
8764,5716.801
8765,4922.518
8766,4172.975
8767,7743.3335
8768,5869.512
8769,5826.511
8770,5771.481
8771,5821.1006
8772,4573.4717
8773,3787.849
8774,4581.707
8775,4476.6973
8776,4486.5767
8777,4575.776
8778,4869.41
8779,4461.487
8780,3827.8745
8781,6269.6494
8782,5471.916
8783,5454.0117
8784,5508.7734
8785,6905.1133
8786,6847.012
8787,8850.217
8788,7310.296
8789,7214.6904
8790,7312.618
8791,7462.9995
8792,6458.516
8793,6483.897
8794,5869.798
8795,5854.7676
8796,5988.41
8797,6306.932
8798,6662.7114
8799,6463.397
8800,6488.797
8801,8314.409
8802,7123.236
8803,7130.87
8804,7315.0527
8805,7487.1763
8806,6482.778
8807,6508.254
8808,5990.124
8809,5937.7266
8810,6028.838
8811,6558.212
8812,7531.483
8813,7178.2153
8814,7109.9453
8815,10166.412
8816,7625.6904
8817,7602.8135
8818,7575.0474
8819,7745.114
8820,6737.6616
8821,6453.5405
8822,6090.0034
8823,5985.218
8824,6018.8003
8825,6334.152
8826,6691.4663
8827,6491.2915
8828,6521.726
8829,8176.486
8830,7082.6006
8831,7090.1914
8832,7306.9355
8833,3645.346
8834,4942.9526
8835,6479.0874
8836,4586.237
8837,4536.6655
8838,4569.46
8839,4774.256
8840,3390.0757
8841,4615.615
8842,3735.7454
8843,3597.0474
8844,3673.4612
8845,3779.49
8846,4089.8938
8847,3394.5544
8848,4670.573
8849,6140.639
8850,4479.8413
8851,4512.126
8852,4592.528
8853,4798.3574
8854,3405.134
8855,4685.1284
8856,3796.426
8857,3639.8247
8858,3724.6396
8859,3977.587
8860,4730.218
8861,3688.4758
8862,5084.7744
8863,7751.3804
8864,4655.974
8865,4670.453
8866,4698.2637
8867,4843.034
8868,3442.7415
8869,4632.7383
8870,3810.0566
8871,3618.1433
8872,3711.6511
8873,3796.64
8874,4143.0454
8875,3420.517
8876,4711.9614
8877,6043.5137
8878,4457.2583
8879,4489.381
8880,4590.4956
8881,5761.443
8882,5311.759
8883,10344.95
8884,8927.468
8885,8751.428
8886,8662.058
8887,8715.128
8888,5769.2075
8889,4856.8345
8890,7350.295
8891,7309.1313
8892,7296.6074
8893,7374.564
8894,7420.6104
8895,5343.163
8896,4856.8345
8897,9875.158
8898,8797.331
8899,8731.96
8900,8735.083
8901,8783.64
8902,5787.186
8903,4871.97
8904,7435.8433
8905,7326.008
8906,7404.2715
8907,7648.6943
8908,8158.771
8909,6313.535
8910,5546.874
8911,12254.0625
8912,9244.174
8913,9083.22
8914,8963.542
8915,8851.247
8916,5849.3193
8917,5382.649
8918,7686.372
8919,7468.917
8920,7406.737
8921,7455.444
8922,7502.446
8923,5738.5664
8924,5417.422
8925,9730.075
8926,8799.379
8927,8726.123
8928,8808.851
8929,4203.5103
8930,3843.953
8931,7732.3
8932,5817.415
8933,5665.767
8934,5632.467
8935,5804.473
8936,3939.847
8937,3626.886
8938,4381.343
8939,4366.3105
8940,4467.2314
8941,4560.372
8942,4794.8433
8943,3945.052
8944,3631.6777
8945,7250.12
8946,5620.204
8947,5627.639
8948,5661.5586
8949,5875.293
8950,3957.3467
8951,3642.996
8952,4453.026
8953,4422.6484
8954,4525.1816
8955,4824.3286
8956,5544.52
8957,4244.921
8958,3933.0354
8959,9733.612
8960,5851.3394
8961,5835.2485
8962,5837.4033
8963,5984.339
8964,4015.1672
8965,3626.6785
8966,4465.506
8967,4388.981
8968,4489.9033
8969,4577.4697
8970,4812.82
8971,3959.8428
8972,3650.1099
8973,7129.85
8974,5587.4863
8975,5594.878
8976,5654.613
8977,9082.717
8978,8599.692
8979,12759.311
8980,10463.591
8981,10059.0625
8982,10012.839
8983,10333.363
8984,8924.369
8985,8314.473
8986,8810.893
8987,8616.581
8988,8631.444
8989,8869.856
8990,9264.907
8991,8931.113
8992,8320.756
8993,11688.714
8994,9976.034
8995,9936.352
8996,9976.168
8997,10377.849
8998,8957.893
8999,8345.704
9000,8926.591
9001,8635.463
9002,8723.636
9003,9285.697
9004,10408.568
9005,9806.173
9006,8924.472
9007,13835.967
9008,10705.491
9009,10453.477
9010,10304.095
9011,10500.462
9012,9094.914
9013,8675.981
9014,9115.026
9015,8715.186
9016,8686.58
9017,8919.774
9018,9296.526
9019,8936.013
9020,8331.611
9021,11552.569
9022,9981.983
9023,9892.579
9024,9978.118
9025,7697.9717
9026,6761.9653
9027,9353.786
9028,8103.761
9029,8060.638
9030,8106.312
9031,8320.97
9032,7161.003
9033,6415.2134
9034,6798.485
9035,6821.3354
9036,6943.0415
9037,7355.8286
9038,7755.788
9039,7166.4146
9040,6204.8564
9041,8750.06
9042,7841.282
9043,7908.5884
9044,8049.5674
9045,8356.792
9046,7187.903
9047,6223.462
9048,6888.6475
9049,6859.9683
9050,7036.1816
9051,7606.542
9052,8520.456
9053,7902.541
9054,6637.0806
9055,10641.905
9056,8446.074
9057,8441.516
9058,8345.076
9059,8492.611
9060,7521.8057
9061,6406.6406
9062,7030.8613
9063,6967.2886
9064,7000.201
9065,7410.7856
9066,7808.503
9067,7197.343
9068,6520.8555
9069,8635.866
9070,7853.2803
9071,7881.096
9072,8058.6553
9073,7794.462
9074,6597.4243
9075,10998.236
9076,9257.435
9077,9335.693
9078,9359.444
9079,9659.257
9080,7967.0063
9081,6331.0894
9082,7447.448
9083,7420.2637
9084,7525.882
9085,8036.9937
9086,8359.431
9087,7967.0063
9088,6331.0894
9089,10525.107
9090,9172.997
9091,9236.683
9092,9415.044
9093,9716.638
9094,7991.8325
9095,6350.8184
9096,7562.89
9097,7471.4893
9098,7736.092
9099,8429.946
9100,9386.926
9101,9040.911
9102,7192.628
9103,12928.626
9104,9485.71
9105,9542.342
9106,9531.881
9107,9704.829
9108,8044.6475
9109,6364.8027
9110,7747.847
9111,7603.894
9112,7744.109
9113,8070.1157
9114,8439.472
9115,7940.727
9116,6405.9194
9117,10363.348
9118,9149.135
9119,9241.344
9120,9406.983
9121,8156.2886
9122,6231.142
9123,10896.03
9124,9463.345
9125,9249.068
9126,9185.333
9127,9292.652
9128,7748.2095
9129,5676.6616
9130,8148.2646
9131,8118.522
9132,8126.548
9133,8392.577
9134,8560.306
9135,7758.4443
9136,5684.1606
9137,10208.202
9138,9203.003
9139,9159.655
9140,9236.911
9141,9339.559
9142,7782.6206
9143,5701.874
9144,8253.987
9145,8193.708
9146,8342.067
9147,8859.685
9148,9882.338
9149,8759.712
9150,6486.5195
9151,12398.592
9152,9747.649
9153,9585.195
9154,9455.504
9155,9369.546
9156,7967.9106
9157,5973.4233
9158,8415.751
9159,8180.807
9160,8188.895
9161,8445.809
9162,8614.601
9163,7787.529
9164,5713.007
9165,10051.678
9166,9173.075
9167,9129.87
9168,9249.421
9169,5693.602
9170,4287.459
9171,7926.41
9172,6159.317
9173,6052.1665
9174,6115.8843
9175,6343.6504
9176,5195.7417
9177,3813.9875
9178,5191.2036
9179,4913.652
9180,4969.332
9181,5164.6123
9182,5707.397
9183,5199.668
9184,3816.87
9185,7326.0146
9186,5920.6865
9187,5949.246
9188,6073.0713
9189,6370.9614
9190,5215.2603
9191,3828.3164
9192,5256.944
9193,4930.6763
9194,4967.469
9195,5362.3403
9196,6759.5986
9197,5862.9487
9198,4021.0315
9199,9173.426
9200,6247.502
9201,6220.8506
9202,6298.636
9203,6550.9346
9204,5370.5254
9205,3808.8901
9206,5351.1196
9207,4984.1333
9208,4995.133
9209,5187.5063
9210,5734.009
9211,5222.11
9212,3836.242
9213,7215.8813
9214,5896.222
9215,5895.047
9216,6045.5547
9217,7762.515
9218,7199.3545
9219,11899.997
9220,10463.602
9221,10534.015
9222,10466.196
9223,10679.241
9224,8174.3022
9225,6860.367
9226,8062.222
9227,7936.941
9228,8007.39
9229,8405.114
9230,8675.659
9231,8174.3022
9232,6932.89
9233,11548.879
9234,10342.898
9235,10473.426
9236,10528.37
9237,10742.681
9238,8199.774
9239,6954.494
9240,8083.9517
9241,7890.957
9242,8127.0674
9243,8840.557
9244,9901.103
9245,9237.053
9246,7980.0645
9247,14187.843
9248,10721.053
9249,10783.301
9250,10703.0
9251,10794.177
9252,8188.4966
9253,6908.3545
9254,8404.673
9255,8169.2905
9256,8266.727
9257,8487.404
9258,8863.125
9259,8156.0244
9260,7026.484
9261,11396.663
9262,10329.708
9263,10432.112
9264,10551.582
9265,17822.326
9266,21350.877
9267,23119.0
9268,20450.682
9269,19851.13
9270,19998.707
9271,19762.234
9272,17600.89
9273,20773.402
9274,18223.43
9275,17754.566
9276,17782.664
9277,17958.826
9278,18197.273
9279,17614.191
9280,20789.1
9281,21921.521
9282,19828.104
9283,19770.719
9284,19951.5
9285,19873.238
9286,17667.002
9287,20851.43
9288,18429.867
9289,17820.982
9290,17809.293
9291,18373.898
9292,19250.846
9293,18399.186
9294,21470.578
9295,24787.863
9296,20655.775
9297,20235.46
9298,20186.904
9299,20044.86
9300,17761.24
9301,21758.16
9302,18717.434
9303,17867.973
9304,17872.898
9305,18036.326
9306,18275.8
9307,17690.203
9308,20894.588
9309,21557.904
9310,19715.002
9311,19657.943
9312,19929.363
9313,7805.532
9314,7507.3276
9315,13263.359
9316,11401.4795
9317,11518.584
9318,11546.346
9319,11809.568
9320,8140.8926
9321,6928.9966
9322,8999.323
9323,8764.25
9324,9053.674
9325,9343.1045
9326,9658.17
9327,8140.8926
9328,6928.9966
9329,12923.018
9330,11277.646
9331,11454.899
9332,11630.11
9333,12016.467
9334,8166.2603
9335,6950.5884
9336,8859.405
9337,8622.805
9338,8976.777
9339,9611.194
9340,10616.673
9341,8663.091
9342,7257.537
9343,15921.06
9344,11531.73
9345,11647.184
9346,11737.433
9347,11929.361
9348,8053.1997
9349,6523.854
9350,9365.329
9351,8984.032
9352,9158.223
9353,9385.144
9354,9703.616
9355,8012.593
9356,6565.9917
9357,12717.032
9358,11190.751
9359,11348.948
9360,11624.532
9361,3851.4036
9362,3192.8735
9363,8125.4165
9364,6965.0293
9365,6802.8765
9366,6860.564
9367,6890.678
9368,3625.6372
9369,2897.3064
9370,5323.293
9371,5441.452
9372,5439.7446
9373,5644.428
9374,5704.67
9375,3625.6372
9376,2897.3064
9377,7799.4
9378,6756.8203
9379,6706.61
9380,6906.022
9381,6932.421
9382,3636.937
9383,2906.337
9384,5382.6953
9385,5451.427
9386,5465.166
9387,5855.5605
9388,6362.308
9389,3811.2234
9390,3120.694
9391,10403.387
9392,7073.588
9393,6958.203
9394,7123.5757
9395,7082.7627
9396,3713.0713
9397,3237.5562
9398,5548.514
9399,5542.246
9400,5509.3306
9401,5685.939
9402,5746.969
9403,3636.1807
9404,3258.474
9405,7708.118
9406,6750.855
9407,6702.1465
9408,6922.3247
9409,3300.9712
9410,4295.0483
9411,4439.7124
9412,3588.2705
9413,3525.45
9414,3562.3157
9415,3717.6646
9416,3025.6223
9417,3952.9023
9418,2711.8345
9419,2735.064
9420,2781.491
9421,2861.7485
9422,3044.143
9423,3029.6226
9424,3958.1245
9425,4242.5933
9426,3493.345
9427,3498.5508
9428,3580.3003
9429,3736.433
9430,3039.0652
9431,3970.46
9432,2755.8882
9433,2767.5903
9434,2826.557
9435,3033.686
9436,3450.2441
9437,3387.1372
9438,4640.7036
9439,5141.785
9440,3403.7505
9441,3629.5754
9442,3679.8127
9443,3778.4302
9444,3095.6477
9445,3933.2756
9446,2736.3545
9447,2728.8035
9448,2810.2292
9449,2882.221
9450,3088.2412
9451,3032.7456
9452,3962.2043
9453,4185.6445
9454,3481.7937
9455,3476.1553
9456,3586.9666
9457,6286.1104
9458,5535.605
9459,8360.986
9460,6908.7764
9461,6974.2363
9462,7110.488
9463,7331.8447
9464,6009.4097
9465,5151.088
9466,5470.6685
9467,5534.7075
9468,5761.4316
9469,6187.0557
9470,6544.3706
9471,6009.4097
9472,5151.088
9473,8025.534
9474,6832.4116
9475,6904.8037
9476,7172.042
9477,7470.684
9478,6028.136
9479,5167.14
9480,5571.5576
9481,5589.053
9482,5789.1846
9483,6461.412
9484,7313.3643
9485,6582.7974
9486,5438.074
9487,10295.1455
9488,7193.053
9489,7228.432
9490,7333.027
9491,7477.3706
9492,6068.08
9493,5152.2866
9494,5677.864
9495,5650.8657
9496,5819.341
9497,6203.6494
9498,6588.099
9499,5955.7075
9500,5185.572
9501,7952.301
9502,6826.7183
9503,6888.3125
9504,7155.6294
9505,7470.8623
9506,5307.4287
9507,11184.797
9508,9404.444
9509,9207.331
9510,9178.546
9511,9228.062
9512,7137.865
9513,4703.2
9514,7873.7256
9515,7856.9663
9516,7827.809
9517,7964.9243
9518,8061.692
9519,7147.294
9520,4709.4136
9521,10477.442
9522,9247.966
9523,9172.463
9524,9249.827
9525,9304.492
9526,7169.5664
9527,4724.09
9528,7975.8867
9529,7924.8306
9530,8002.3125
9531,8310.556
9532,9213.226
9533,8069.392
9534,5533.1084
9535,13058.4375
9536,8799.572
9537,9356.508
9538,9405.458
9539,9279.756
9540,7381.242
9541,4418.992
9542,8039.8457
9543,7841.4614
9544,7845.4043
9545,7989.8203
9546,8086.4043
9547,7189.5894
9548,4230.086
9549,10259.016
9550,9154.311
9551,9077.599
9552,9220.565
9553,4897.812
9554,5015.3374
9555,8165.5903
9556,6580.0605
9557,6359.147
9558,6367.918
9559,6621.008
9560,4509.209
9561,4543.2134
9562,5350.7065
9563,5430.32
9564,5424.4956
9565,5510.392
9566,5827.1836
9567,4210.1475
9568,4597.3096
9569,7348.451
9570,6360.979
9571,6333.3
9572,6403.6772
9573,6654.4297
9574,4529.237
9575,4611.6367
9576,5416.931
9577,5468.629
9578,5486.885
9579,5721.8306
9580,6737.167
9581,4973.3154
9582,5040.1313
9583,9187.155
9584,6681.275
9585,6572.289
9586,6549.298
9587,6687.013
9588,4585.165
9589,4542.953
9590,5670.7954
9591,5457.8784
9592,5452.0244
9593,5531.0503
9594,5849.0293
9595,4532.0938
9596,4620.641
9597,7226.5503
9598,6336.1943
9599,6308.623
9600,6408.205
9601,11310.587
9602,13531.686
9603,15707.014
9604,13175.056
9605,13078.218
9606,13190.269
9607,13348.22
9608,11060.437
9609,13802.266
9610,11886.362
9611,11249.275
9612,11333.934
9613,11500.043
9614,11953.278
9615,11068.795
9616,13812.695
9617,14858.402
9618,12931.019
9619,12984.419
9620,13141.961
9621,13405.683
9622,11101.982
9623,13854.109
9624,11675.768
9625,10952.753
9626,11152.286
9627,11794.743
9628,12853.774
9629,11820.679
9630,14592.356
9631,17366.2
9632,13337.988
9633,13338.599
9634,13371.231
9635,13609.523
9636,11139.742
9637,13686.126
9638,12242.824
9639,11443.411
9640,11425.516
9641,11584.213
9642,11969.192
9643,11074.866
9644,13830.716
9645,14662.291
9646,12948.853
9647,12937.335
9648,13154.814
9649,18214.846
9650,27961.879
9651,23528.46
9652,21698.148
9653,21340.393
9654,21512.781
9655,21803.861
9656,18024.236
9657,28896.107
9658,19473.934
9659,19046.615
9660,18881.488
9661,19074.738
9662,19716.602
9663,18037.857
9664,28917.941
9665,22711.205
9666,21388.195
9667,21198.48
9668,21362.203
9669,21897.72
9670,18091.94
9671,29004.643
9672,19738.709
9673,19135.742
9674,18984.139
9675,19563.102
9676,20713.537
9677,18876.176
9678,30403.146
9679,24787.508
9680,21952.611
9681,21669.402
9682,21644.389
9683,21995.846
9684,18492.514
9685,28857.496
9686,19957.666
9687,19278.459
9688,19034.049
9689,19214.344
9690,19899.867
9691,18115.697
9692,29064.676
9693,22299.436
9694,21310.639
9695,21121.611
9696,21383.096
9697,3810.3
9698,2516.6685
9699,5807.7793
9700,4880.3657
9701,4681.4385
9702,4656.0186
9703,4775.3306
9704,3481.9863
9705,2277.0027
9706,3907.5574
9707,3876.1125
9708,3875.9944
9709,3917.728
9710,4167.1675
9711,2675.541
9712,2280.0134
9713,5444.2812
9714,4660.818
9715,4633.419
9716,4677.127
9717,4799.4375
9718,3497.453
9719,2256.3552
9720,3955.9238
9721,3904.3083
9722,3914.773
9723,4115.371
9724,4857.585
9725,3811.696
9726,2619.064
9727,6411.7817
9728,4953.4165
9729,4879.174
9730,4868.3096
9731,4906.9536
9732,3539.4106
9733,2276.8723
9734,4023.4412
9735,3895.7852
9736,3895.666
9737,3932.4165
9738,4182.791
9739,3499.659
9740,2291.5874
9741,5353.964
9742,4647.9336
9743,4620.6104
9744,4685.7544
9745,3234.4382
9746,3517.8206
9747,7980.125
9748,6420.5884
9749,6171.9077
9750,6254.7764
9751,6410.4917
9752,2983.8865
9753,3266.9836
9754,5199.46
9755,5251.216
9756,5204.665
9757,5349.956
9758,5535.8584
9759,2987.8289
9760,3305.8872
9761,7610.9395
9762,6169.648
9763,6126.5225
9764,6283.131
9765,6442.851
9766,2997.1414
9767,3316.1907
9768,5263.813
9769,5286.5366
9770,5265.43
9771,5590.1943
9772,6280.848
9773,3104.4224
9774,3546.0042
9775,10480.91
9776,6433.3145
9777,6329.8096
9778,6483.3716
9779,6540.2275
9780,3040.9358
9781,3266.7969
9782,5350.671
9783,5287.3584
9784,5240.4873
9785,5379.672
9786,5591.122
9787,2999.0317
9788,3322.6663
9789,7473.8057
9790,6139.2456
9791,6096.3325
9792,6281.064
9793,8972.583
9794,9013.463
9795,13769.671
9796,10572.132
9797,10543.102
9798,10516.297
9799,10813.539
9800,8708.281
9801,9124.699
9802,9204.767
9803,8904.508
9804,8957.081
9805,9234.533
9806,9672.265
9807,8714.861
9808,9228.123
9809,12838.093
9810,10289.187
9811,10379.601
9812,10442.685
9813,10860.091
9814,8740.992
9815,9255.793
9816,9335.444
9817,8964.243
9818,9142.618
9819,9754.672
9820,10867.665
9821,9604.688
9822,9693.044
9823,15358.599
9824,10851.828
9825,10848.165
9826,10716.289
9827,10971.143
9828,8969.28
9829,9112.506
9830,9517.945
9831,9093.656
9832,9029.458
9833,9302.123
9834,9736.537
9835,8752.472
9836,9274.951
9837,12668.6455
9838,10303.377
9839,10341.961
9840,10452.898
9841,4046.6433
9842,4937.2695
9843,7684.371
9844,6026.262
9845,5709.417
9846,5780.1577
9847,5857.443
9848,3649.2952
9849,4549.007
9850,5140.3877
9851,4877.4243
9852,4840.776
9853,4954.362
9854,5181.7896
9855,3652.0532
9856,4600.573
9857,7030.9287
9858,5644.1587
9859,5612.345
9860,5739.6943
9861,5882.661
9862,3663.0054
9863,4614.369
9864,5193.834
9865,4868.1934
9866,4845.5806
9867,5127.014
9868,5947.8955
9869,3918.199
9870,4840.716
9871,8572.757
9872,6110.083
9873,5973.4863
9874,6015.437
9875,5999.7417
9876,3734.5623
9877,4481.5938
9878,5303.1577
9879,4927.3804
9880,4865.909
9881,4976.3237
9882,5161.741
9883,3618.7163
9884,4561.4946
9885,6949.8394
9886,5640.811
9887,5580.9775
9888,5733.992
9889,7416.888
9890,6014.5933
9891,11112.269
9892,9613.321
9893,9263.141
9894,9215.59
9895,9123.289
9896,7103.35
9897,5541.982
9898,8018.885
9899,7830.8784
9900,7797.8306
9901,7932.2715
9902,7972.1753
9903,7108.7183
9904,5546.1704
9905,10284.4375
9906,9230.667
9907,9099.165
9908,9186.305
9909,9151.377
9910,7130.0337
9911,5562.801
9912,8152.8975
9913,7902.0137
9914,7858.0605
9915,8100.299
9916,9033.964
9917,7820.675
9918,6065.5454
9919,12355.576
9920,10006.1
9921,9697.714
9922,9527.437
9923,9379.712
9924,7296.5376
9925,5824.244
9926,8277.022
9927,7925.473
9928,7837.4014
9929,7966.505
9930,8006.5806
9931,7139.3975
9932,5574.3164
9933,10113.839
9934,9178.012
9935,9047.26
9936,9176.112
9937,4087.8462
9938,3867.7837
9939,9554.3545
9940,7642.809
9941,7399.217
9942,7433.3115
9943,7567.3203
9944,3697.258
9945,3441.9993
9946,6373.32
9947,6496.4326
9948,6442.347
9949,6594.732
9950,6736.479
9951,3702.1426
9952,3482.9863
9953,8945.043
9954,7413.5923
9955,7351.8726
9956,7475.053
9957,7605.519
9958,3713.6804
9959,3493.8416
9960,6457.272
9961,6534.821
9962,6539.086
9963,6809.121
9964,7542.87
9965,4071.3188
9966,3610.441
9967,12117.642
9968,7809.114
9969,7673.1436
9970,7665.097
9971,7648.738
9972,3814.3113
9973,3446.3035
9974,6551.603
9975,6549.6914
9976,6495.1626
9977,6640.025
9978,6812.616
9979,3721.3154
9980,3505.2422
9981,8783.874
9982,7386.7
9983,7325.2046
9984,7482.358
9985,5346.849
9986,3948.655
9987,10390.109
9988,8369.116
9989,8007.7334
9990,7983.673
9991,8063.945
9992,5047.2954
9993,3586.118
9994,6769.496
9995,6824.3096
9996,6802.013
9997,6962.0205
9998,7199.76
9999,5051.11
10000,3432.225
10001,9474.606
10002,7979.516
10003,7873.365
10004,7985.0513
10005,8111.9272
10006,5066.2563
10007,3442.5183
10008,6878.563
10009,6855.141
10010,6836.9424
10011,7181.838
10012,8476.8545
10013,5739.9736
10014,3877.259
10015,11904.379
10016,8711.063
10017,8450.667
10018,8340.183
10019,8262.92
10020,5283.8545
10021,3756.1562
10022,6987.42
10023,6906.7466
10024,6836.5317
10025,6992.067
10026,7230.8315
10027,5072.91
10028,3607.0432
10029,9317.439
10030,7933.997
10031,7828.451
10032,7976.191
10033,5814.1533
10034,6307.125
10035,8046.528
10036,6472.898
10037,6337.8745
10038,6392.7476
10039,6689.603
10040,5479.798
10041,5984.099
10042,5294.232
10043,5369.547
10044,5440.746
10045,5599.464
10046,5935.173
10047,5487.0366
10048,6055.348
10049,7323.22
10050,6252.975
10051,6300.907
10052,6428.6465
10053,6723.3716
10054,5504.1357
10055,6074.2183
10056,5380.221
10057,5440.902
10058,5489.1826
10059,5842.511
10060,6946.4595
10061,6085.956
10062,6770.7554
10063,9247.304
10064,6546.2314
10065,6550.341
10066,6630.551
10067,6874.385
10068,5589.1016
10069,5990.6553
10070,5559.825
10071,5412.7373
10072,5509.215
10073,5637.057
10074,6001.333
10075,5514.5986
10076,6093.0947
10077,7199.5605
10078,6229.3354
10079,6277.087
10080,6433.9404
10081,6943.7236
10082,7140.991
10083,9431.356
10084,7445.1753
10085,7411.2666
10086,7528.244
10087,7819.131
10088,6321.4346
10089,6532.7954
10090,5919.958
10091,5957.5195
10092,6075.36
10093,6480.3604
10094,6924.2
10095,6292.895
10096,6541.4253
10097,8904.805
10098,7315.604
10099,7359.6885
10100,7566.245
10101,7858.6
10102,6349.5103
10103,6561.8096
10104,6020.8384
10105,6041.433
10106,6187.4453
10107,6921.8755
10108,8084.6304
10109,7221.892
10110,7611.041
10111,11845.395
10112,7688.3374
10113,7703.2085
10114,7753.466
10115,7910.595
10116,6512.2715
10117,6532.422
10118,6056.596
10119,6011.204
10120,6106.191
10121,6504.6543
10122,6950.1577
10123,6353.5146
10124,6574.621
10125,8757.089
10126,7311.3906
10127,7355.4497
10128,7596.8335
10129,6762.1523
10130,5573.482
10131,8633.148
10132,7081.716
10133,7147.5396
10134,7243.8096
10135,7485.684
10136,6415.33
10137,5156.038
10138,5711.2417
10139,5820.4287
10140,5972.221
10141,6444.2896
10142,6762.4746
10143,4747.5303
10144,5156.038
10145,8329.26
10146,6960.4272
10147,7044.7974
10148,7286.843
10149,7530.1543
10150,6435.3213
10151,5172.106
10152,5796.345
10153,5895.907
10154,5996.275
10155,6658.9126
10156,7503.999
10157,6923.883
10158,5733.079
10159,10880.671
10160,7352.4897
10161,7399.8096
10162,7490.248
10163,7614.113
10164,6489.484
10165,5157.238
10166,5911.5845
10167,5926.5796
10168,6102.7847
10169,6455.2397
10170,6798.044
10171,6358.001
10172,5190.555
10173,8253.255
10174,6973.405
10175,7046.9478
10176,7282.653
10177,6039.808
10178,4011.7522
10179,9657.433
10180,8428.596
10181,8092.43
10182,8109.1733
10183,8141.886
10184,5606.2354
10185,3582.579
10186,7101.0537
10187,7162.0273
10188,7168.9165
10189,7397.255
10190,7567.349
10191,5610.472
10192,3428.8381
10193,8836.94
10194,7983.5737
10195,7939.7803
10196,8052.4087
10197,8176.938
10198,5627.2954
10199,3439.1208
10200,7179.126
10201,7162.581
10202,7193.705
10203,7625.414
10204,8253.326
10205,6100.521
10206,3577.3472
10207,11088.374
10208,8745.387
10209,8483.965
10210,8356.952
10211,8294.631
10212,5888.713
10213,3765.0637
10214,7346.174
10215,7243.989
10216,7214.7114
10217,7438.886
10218,7611.68
10219,5634.686
10220,3603.4836
10221,8734.009
10222,7988.3345
10223,7904.8027
10224,8053.9834
10225,9051.411
10226,7573.068
10227,13778.6045
10228,11165.335
10229,11210.781
10230,11291.251
10231,11710.675
10232,8925.706
10233,7708.0005
10234,9462.216
10235,9199.325
10236,9372.2
10237,9625.469
10238,10021.371
10239,8385.488
10240,7718.182
10241,13344.897
10242,11015.116
10243,11170.831
10244,11348.244
10245,11769.785
10246,8965.346
10247,7742.233
10248,9509.017
10249,9213.375
10250,9468.328
10251,10141.03
10252,11210.685
10253,9644.417
10254,8274.252
10255,16698.166
10256,11288.096
10257,11401.109
10258,11482.321
10259,11779.881
10260,9016.463
10261,7707.5596
10262,9680.599
10263,9282.217
10264,9419.76
10265,9661.551
10266,10058.9375
10267,8971.0
10268,7757.349
10269,13123.536
10270,10965.306
10271,11120.316
10272,11349.132
10273,6641.3296
10274,5417.1123
10275,9187.383
10276,7295.7373
10277,7274.385
10278,7437.73
10279,7744.818
10280,6153.8965
10281,4805.5625
10282,5838.634
10283,5886.652
10284,6061.6704
10285,6458.4424
10286,6874.1816
10287,6162.026
10288,4811.9106
10289,8663.082
10290,7132.4756
10291,7223.7593
10292,7475.2744
10293,7783.912
10294,6181.228
10295,4826.9062
10296,5933.4634
10297,5955.355
10298,6134.0654
10299,6820.893
10300,7860.1143
10301,6921.473
10302,5148.072
10303,10975.528
10304,6796.3647
10305,7312.604
10306,7610.9614
10307,7766.981
10308,6463.6743
10309,5047.7095
10310,5875.3433
10311,5857.1523
10312,5986.457
10313,6504.803
10314,6899.004
10315,6260.9062
10316,5084.8325
10317,8469.703
10318,7076.888
10319,7178.633
10320,7511.733
10321,6291.833
10322,5139.495
10323,8150.8604
10324,6688.2695
10325,6591.009
10326,6712.8945
10327,6852.8594
10328,5824.144
10329,4816.6772
10330,5377.979
10331,5317.863
10332,5417.5254
10333,5774.7847
10334,6163.3306
10335,5828.546
10336,4820.3174
10337,7594.2324
10338,6421.5376
10339,6466.221
10340,6665.903
10341,6882.363
10342,5846.023
10343,4834.7725
10344,5446.084
10345,5344.82
10346,5429.0303
10347,5976.6494
10348,6976.645
10349,6407.71
10350,4964.031
10351,9468.048
10352,6901.064
10353,6886.2236
10354,6929.657
10355,7026.3965
10356,6081.076
10357,4810.24
10358,5550.0386
10359,5400.3604
10360,5451.931
10361,5807.0703
10362,6199.207
10363,5853.7007
10364,4844.781
10365,7515.302
10366,6425.128
10367,6437.4946
10368,6666.958
10369,7160.6343
10370,5675.7085
10371,10141.91
10372,8577.354
10373,8315.154
10374,8357.55
10375,8545.434
10376,6772.2666
10377,5003.511
10378,7324.785
10379,7431.667
10380,7379.5176
10381,7683.975
10382,7914.293
10383,6280.447
10384,4842.1704
10385,9536.027
10386,8352.466
10387,8272.855
10388,8411.466
10389,8604.968
10390,6802.344
10391,4857.2607
10392,7419.8247
10393,7500.4927
10394,7571.3057
10395,8046.405
10396,8989.878
10397,7583.7656
10398,5655.859
10399,11874.001
10400,8826.79
10401,8662.554
10402,8630.177
10403,8611.068
10404,6937.997
10405,5265.0884
10406,7541.9854
10407,7469.3804
10408,7416.9663
10409,7712.781
10410,7943.962
10411,6806.6343
10412,5088.782
10413,9377.843
10414,8321.2
10415,8241.888
10416,8418.705
10417,4856.8994
10418,5075.6255
10419,8326.551
10420,6241.0996
10421,6097.1
10422,6099.9214
10423,6395.199
10424,4512.5864
10425,4738.8574
10426,4801.045
10427,4823.928
10428,4887.3857
10429,5076.303
10430,5352.0796
10431,4492.2124
10432,4795.2827
10433,7692.856
10434,6054.095
10435,6068.89
10436,6130.714
10437,6427.4814
10438,4532.63
10439,4810.2266
10440,4879.025
10441,4888.034
10442,4950.7856
10443,5277.699
10444,6149.4604
10445,4902.9253
10446,5255.6455
10447,10377.72
10448,6328.5293
10449,6318.192
10450,6315.601
10451,6494.1714
10452,4588.604
10453,4738.586
10454,5026.976
10455,4848.41
10456,4912.1895
10457,5095.3345
10458,5372.1445
10459,4535.4883
10460,4819.6187
10461,7565.242
10462,6019.5522
10463,6034.263
10464,6123.905
10465,5324.3135
10466,5505.979
10467,8324.836
10468,6560.345
10469,6248.2173
10470,6266.7676
10471,6445.66
10472,4985.0273
10473,5266.862
10474,5660.4194
10475,5359.4463
10476,5297.5713
10477,5398.99
10478,5748.6797
10479,4988.795
10480,5326.564
10481,7624.752
10482,6211.767
10483,6151.6665
10484,6243.8145
10485,6473.4106
10486,5003.7544
10487,5342.5366
10488,5719.2715
10489,5356.6914
10490,5294.3887
10491,5584.982
10492,6771.8276
10493,5594.227
10494,6024.09
10495,9684.339
10496,6612.614
10497,6438.5264
10498,6490.5054
10499,6682.212
10500,5075.732
10501,5171.43
10502,5839.653
10503,5414.338
10504,5325.0757
10505,5422.923
10506,5726.439
10507,4943.2593
10508,5281.32
10509,7536.815
10510,6208.083
10511,6117.2847
10512,6237.612
10513,8292.9375
10514,7125.9136
10515,11052.19
10516,8548.075
10517,8577.697
10518,8647.092
10519,9161.639
10520,7975.955
10521,6979.7866
10522,7034.752
10523,7144.3633
10524,7249.7397
10525,7750.9517
10526,8388.8
10527,7939.9473
10528,7062.8887
10529,10599.877
10530,8443.948
10531,8534.788
10532,8690.74
10533,9207.884
10534,8011.3774
10535,7084.898
10536,7164.118
10537,7254.6025
10538,7450.7944
10539,8123.549
10540,9565.049
10541,9022.89
10542,7987.588
10543,12982.834
10544,8733.584
10545,8791.636
10546,8821.21
10547,9161.674
10548,8121.341
10549,6979.387
10550,7197.116
10551,7208.7407
10552,7286.53
10553,7780.0083
10554,8420.247
10555,8016.43
10556,7098.731
10557,10424.046
10558,8435.109
10559,8525.8545
10560,8721.764
10561,4750.484
10562,4576.627
10563,8119.242
10564,6150.053
10565,6017.193
10566,6053.691
10567,6287.8193
10568,4389.856
10569,4257.423
10570,4710.604
10571,4763.5386
10572,4856.649
10573,5011.0386
10574,5273.3667
10575,4370.0356
10576,4263.0474
10577,7482.9355
10578,5961.436
10579,5976.005
10580,6084.2495
10581,6319.56
10582,4409.354
10583,4276.333
10584,4787.1157
10585,4826.842
10586,4922.1
10587,5242.3174
10588,6135.821
10589,4778.9487
10590,4664.7896
10591,10202.674
10592,5573.216
10593,6092.4556
10594,6214.333
10595,6351.5273
10596,4569.7827
10597,4246.557
10598,4842.2905
10599,4712.3926
10600,4787.463
10601,5027.5034
10602,5270.0327
10603,4474.5156
10604,4277.7896
10605,7349.5938
10606,5915.9277
10607,5911.9736
10608,6076.832
10609,6144.2896
10610,5876.7783
10611,8097.333
10612,6569.7944
10613,6460.531
10614,6569.237
10615,6786.104
10616,5666.983
10617,5527.9067
10618,5386.1978
10619,5349.834
10620,5421.304
10621,5706.64
10622,6057.162
10623,5671.2656
10624,5590.568
10625,7621.6035
10626,6323.051
10627,6353.5513
10628,6523.2505
10629,6815.32
10630,5688.2715
10631,5607.3315
10632,5454.4067
10633,5376.953
10634,5454.7295
10635,5948.7183
10636,6961.0044
10637,6292.211
10638,6136.2305
10639,9418.053
10640,6735.6826
10641,6740.644
10642,6775.6978
10643,6987.433
10644,5853.159
10645,5498.967
10646,5554.784
10647,5441.966
10648,5464.9106
10649,5748.1973
10650,6097.1875
10651,5674.166
10652,5597.0024
10653,7530.5493
10654,6331.536
10655,6330.2744
10656,6529.388
10657,4295.237
10658,4115.8657
10659,9457.895
10660,7462.822
10661,7114.226
10662,7175.4155
10663,7250.715
10664,3973.2258
10665,3882.9258
10666,6184.4067
10667,6181.523
10668,6165.594
10669,6332.9434
10670,6499.8975
10671,3976.2288
10672,3926.9434
10673,8699.506
10674,7131.7134
10675,7028.9707
10676,7175.1484
10677,7292.3286
10678,3988.1528
10679,3938.7197
10680,6279.9316
10681,6244.583
10682,6183.9995
10683,6467.7075
10684,7222.622
10685,4325.9688
10686,4114.2285
10687,11665.66
10688,7753.399
10689,7513.216
10690,7463.32
10691,7430.3486
10692,4159.455
10693,3864.7446
10694,6385.051
10695,6272.4604
10696,6202.454
10697,6365.9927
10698,6527.9497
10699,3993.391
10700,3946.8738
10701,8555.195
10702,7091.03
10703,6988.873
10704,7167.187
10705,4958.4985
10706,4564.032
10707,9497.071
10708,7185.5176
10709,6857.541
10710,6921.988
10711,7005.7383
10712,4628.8643
10713,4345.237
10714,5936.4976
10715,5823.2056
10716,5793.6206
10717,5923.5337
10718,6147.426
10719,4632.3623
10720,4394.494
10721,8586.357
10722,6824.837
10723,6767.876
10724,6896.6353
10725,7035.8994
10726,4646.254
10727,4407.672
10728,5998.2197
10729,5820.2124
10730,5822.106
10731,6162.108
10732,6920.4233
10733,5070.999
10734,4632.5835
10735,11304.321
10736,7407.874
10737,7222.5327
10738,7169.498
10739,7185.4556
10740,4784.7964
10741,4308.672
10742,6120.3545
10743,5900.4414
10744,5841.118
10745,5967.5864
10746,6188.9976
10747,4635.439
10748,4400.2324
10749,8474.01
10750,6835.045
10751,6744.1167
10752,6904.1846
10753,6005.828
10754,5873.1187
10755,9166.7
10756,7045.227
10757,6829.6426
10758,6905.4688
10759,7033.8667
10760,5627.0703
10761,5529.6206
10762,5894.192
10763,5882.106
10764,5858.896
10765,6003.778
10766,6251.949
10767,5634.5034
10768,5536.9253
10769,8561.767
10770,6852.5522
10771,6803.11
10772,6944.247
10773,7069.3726
10774,5652.062
10775,5554.18
10776,5971.834
10777,5937.738
10778,5967.854
10779,6324.354
10780,7135.231
10781,6201.07
10782,6251.311
10783,10984.733
10784,6454.4395
10785,6879.8687
10786,7035.6045
10787,7038.9204
10788,5798.8174
10789,5455.5674
10790,6012.8496
10791,5863.592
10792,5872.822
10793,6023.32
10794,6261.9756
10795,5667.848
10796,5495.6895
10797,8407.848
10798,6827.975
10799,6777.236
10800,6968.0195
10801,5137.706
10802,4105.9287
10803,9963.777
10804,7960.2007
10805,7818.765
10806,7878.368
10807,8033.0083
10808,5066.237
10809,3860.0212
10810,6400.203
10811,6456.527
10812,6499.4634
10813,6784.9395
10814,7001.51
10815,5066.237
10816,3900.8313
10817,9272.448
10818,7686.1304
10819,7677.6016
10820,7921.1123
10821,8080.7295
10822,5082.025
10823,3912.9883
10824,6470.867
10825,6467.609
10826,6583.168
10827,7172.843
10828,8227.821
10829,5762.8994
10830,4454.7974
10831,11771.918
10832,8278.547
10833,8155.8066
10834,8178.576
10835,8162.0396
10836,5202.625
10837,4318.5347
10838,6698.414
10839,6601.195
10840,6608.471
10841,6822.949
10842,7077.367
10843,5025.5327
10844,4348.894
10845,9160.73
10846,7704.803
10847,7682.8613
10848,7905.647
10849,4892.0503
10850,4165.1924
10851,11149.33
10852,8324.471
10853,7993.418
10854,8107.155
10855,8136.3438
10856,4623.2954
10857,3882.6924
10858,6734.2627
10859,6686.6367
10860,6627.5723
10861,6816.763
10862,7026.43
10863,4626.7896
10864,3926.7075
10865,10029.776
10866,7956.678
10867,7886.3975
10868,8050.4043
10869,8171.3716
10870,4640.664
10871,3938.483
10872,6804.278
10873,6696.715
10874,6683.6523
10875,7102.2324
10876,8025.4883
10877,5214.2354
10878,4575.466
10879,12265.451
10880,8596.625
10881,8371.527
10882,8347.424
10883,8303.092
10884,4829.3057
10885,3877.5032
10886,6916.8335
10887,6720.5693
10888,6661.2056
10889,6846.1826
10890,7056.7544
10891,4646.759
10892,3946.6365
10893,9903.615
10894,7972.6616
10895,7862.739
10896,8063.345
10897,8008.8486
10898,5666.0967
10899,11014.255
10900,9263.874
10901,9254.893
10902,9232.085
10903,9543.543
10904,7503.9487
10905,5372.821
10906,7887.8345
10907,7811.6616
10908,7876.9707
10909,8309.612
10910,8738.958
10911,7520.5864
10912,5196.6387
10913,10434.072
10914,9002.98
10915,9098.211
10916,9167.461
10917,9584.629
10918,7532.1367
10919,5212.2217
10920,8009.338
10921,7859.942
10922,8085.1626
10923,8685.884
10924,9840.971
10925,8520.262
10926,5537.3267
10927,12436.847
10928,9501.238
10929,9562.687
10930,9461.873
10931,9718.918
10932,7790.5225
10933,5365.6406
10934,8120.8994
10935,7914.052
10936,7916.9434
10937,8345.474
10938,8776.673
10939,7542.029
10940,5461.3
10941,10260.992
10942,9015.396
10943,9065.218
10944,9176.427
10945,8173.3667
10946,6463.0273
10947,13088.961
10948,9764.269
10949,9806.089
10950,9932.306
10951,9949.95
10952,7642.022
10953,5936.0444
10954,8250.8
10955,8009.284
10956,8108.4233
10957,8623.767
10958,8880.573
10959,7647.797
10960,5940.536
10961,11903.164
10962,9401.333
10963,9514.732
10964,9720.484
10965,9992.785
10966,7670.7285
10967,5958.3496
10968,8360.221
10969,8042.7217
10970,8246.236
10971,9076.326
10972,10047.556
10973,8468.24
10974,6043.237
10975,14216.585
10976,10073.944
10977,10103.233
10978,10110.888
10979,10207.063
10980,7986.2925
10981,6014.9033
10982,8537.263
10983,8165.684
10984,8160.2183
10985,8672.3
10986,8932.596
10987,7680.8022
10988,5970.6836
10989,11764.521
10990,9406.938
10991,9472.817
10992,9722.386
10993,8153.683
10994,6394.571
10995,10533.07
10996,9115.939
10997,8826.646
10998,8790.814
10999,8934.922
11000,7847.1553
11001,5981.3257
11002,7863.0312
11003,7834.3296
11004,7842.0747
11005,8098.7925
11006,8299.102
11007,7857.521
11008,5989.227
11009,9804.228
11010,8807.726
11011,8766.24
11012,8840.178
11013,8980.022
11014,7882.006
11015,6007.8906
11016,7981.891
11017,7923.5986
11018,8068.8613
11019,8569.528
11020,9539.439
11021,8891.973
11022,6795.548
11023,11966.179
11024,9344.869
11025,9189.127
11026,9115.009
11027,9081.149
11028,8057.2334
11029,6302.236
11030,8110.8057
11031,7884.3745
11032,7892.169
11033,8139.7744
11034,8341.097
11035,7897.2817
11036,6027.487
11037,9641.594
11038,8767.8955
11039,8726.598
11040,8840.869
11041,4687.404
11042,3434.554
11043,7729.7266
11044,6218.6084
11045,5941.46
11046,5907.323
11047,6070.9746
11048,4323.9844
11049,3213.3987
11050,5189.674
11051,5005.946
11052,4970.5454
11053,5013.649
11054,5344.4785
11055,4327.252
11056,3215.8274
11057,7026.437
11058,5879.1216
11059,5830.0527
11060,5865.969
11061,6097.112
11062,4340.2285
11063,3225.4717
11064,5243.633
11065,5003.3726
11066,4954.5176
11067,5202.402
11068,6327.1475
11069,4869.4424
11070,3684.9133
11071,8708.7295
11072,6309.8384
11073,6121.213
11074,6090.4624
11075,6213.2485
11076,4477.3975
11077,3209.1038
11078,5354.0044
11079,5057.218
11080,4996.3525
11081,5035.874
11082,5369.3984
11083,4345.929
11084,3232.1497
11085,6945.3994
11086,5875.635
11087,5797.468
11088,5860.142
11089,4164.716
11090,4020.8015
11091,5540.3223
11092,4388.399
11093,4334.3203
11094,4351.305
11095,4566.0874
11096,3795.025
11097,3694.5996
11098,3532.752
11099,3365.4995
11100,3446.6584
11101,3515.2878
11102,3867.1528
11103,3800.0386
11104,3699.4807
11105,5296.803
11106,4274.294
11107,4310.8755
11108,4373.272
11109,4589.138
11110,3811.8816
11111,3711.0103
11112,3590.1365
11113,3405.524
11114,3480.6382
11115,3709.9944
11116,4505.546
11117,4164.696
11118,4040.017
11119,6265.04
11120,4133.0312
11121,4452.27
11122,4480.32
11123,4602.496
11124,3915.5125
11125,3732.258
11126,3569.8508
11127,3362.653
11128,3487.2983
11129,3541.9
11130,3928.8545
11131,3862.3528
11132,3759.709
11133,5216.305
11134,4252.4956
11135,4275.574
11136,4369.0273
11137,4679.528
11138,4792.004
11139,8603.77
11140,7308.769
11141,7173.766
11142,7203.565
11143,7295.097
11144,4446.9263
11145,4321.6626
11146,6015.8154
11147,6142.8364
11148,6165.1357
11149,6376.731
11150,6571.7876
11151,4446.9263
11152,4367.352
11153,8139.9453
11154,7140.9365
11155,7101.7715
11156,7265.336
11157,7374.55
11158,4460.7847
11159,4380.963
11160,6080.3975
11161,6166.012
11162,6215.833
11163,6630.1587
11164,7431.681
11165,4908.7983
11166,4532.5347
11167,10452.28
11168,7600.1094
11169,7476.137
11170,7490.1406
11171,7439.426
11172,4386.4155
11173,4661.6445
11174,6289.163
11175,6290.195
11176,6265.375
11177,6434.008
11178,6664.1035
11179,4305.1797
11180,4741.3623
11181,8067.276
11182,7154.674
11183,7103.052
11184,7275.5225
11185,6304.388
11186,6314.9023
11187,9644.289
11188,8202.004
11189,7874.8745
11190,7805.249
11191,7817.7886
11192,5812.8613
11193,5938.202
11194,6764.3135
11195,6689.214
11196,6655.2295
11197,6724.173
11198,6943.5317
11199,5817.2544
11200,6005.513
11201,8844.344
11202,7791.355
11203,7726.328
11204,7750.612
11205,7851.4453
11206,5834.6978
11207,6023.521
11208,6838.684
11209,6689.7305
11210,6705.1772
11211,6959.531
11212,7643.108
11213,6401.595
11214,6364.1895
11215,10845.683
11216,8455.812
11217,8244.255
11218,8069.723
11219,7990.1787
11220,6092.246
11221,5908.016
11222,6983.7686
11223,6787.619
11224,6719.3774
11225,6783.8584
11226,6983.4556
11227,5829.441
11228,6013.343
11229,8741.093
11230,7814.158
11231,7710.2065
11232,7770.182
11233,6395.431
11234,4738.7124
11235,8441.428
11236,6654.6455
11237,6600.339
11238,6729.036
11239,6978.435
11240,6140.639
11241,4591.726
11242,5434.698
11243,5446.9927
11244,5584.2363
11245,5910.4453
11246,6324.046
11247,6148.751
11248,4597.792
11249,7992.3203
11250,6511.054
11251,6569.801
11252,6763.004
11253,7013.661
11254,6167.912
11255,4612.1206
11256,5522.9683
11257,5519.377
11258,5633.95
11259,6144.606
11260,7134.1763
11261,6713.375
11262,5121.877
11263,10117.892
11264,6138.104
11265,6654.176
11266,6880.564
11267,6961.0845
11268,6395.449
11269,4585.406
11270,5467.6167
11271,5418.4556
11272,5625.2295
11273,5962.8184
11274,6408.236
11275,6276.117
11276,4619.13
11277,7880.3296
11278,6485.641
11279,6523.8413
11280,6780.152
11281,3745.2043
11282,4167.0522
11283,6672.652
11284,5448.37
11285,5235.062
11286,5211.555
11287,5356.1807
11288,3358.1008
11289,3770.1025
11290,4225.8633
11291,4242.1763
11292,4223.1475
11293,4263.4175
11294,4538.431
11295,3342.938
11296,3814.9954
11297,6254.6035
11298,5210.124
11299,5196.5645
11300,5235.1816
11301,5383.2188
11302,3373.0173
11303,3826.885
11304,4278.169
11305,4273.034
11306,4280.4507
11307,4439.081
11308,5152.8813
11309,3760.1968
11310,4446.909
11311,7797.213
11312,5484.614
11313,5420.2134
11314,5428.259
11315,5491.115
11316,3422.3025
11317,3769.8867
11318,4351.1846
11319,4263.706
11320,4244.5806
11321,4279.4014
11322,4555.4463
11323,3375.145
11324,3834.3577
11325,6150.845
11326,5187.6943
11327,5174.193
11328,5236.735
11329,7355.211
11330,6806.0693
11331,11217.487
11332,9535.327
11333,9315.902
11334,9285.954
11335,9401.61
11336,7053.605
11337,6027.9697
11338,8128.843
11339,8095.456
11340,8067.4224
11341,8276.581
11342,8456.787
11343,7062.9224
11344,6035.9326
11345,10451.892
11346,9348.515
11347,9296.712
11348,9357.614
11349,9468.815
11350,7084.9316
11351,6054.7417
11352,8221.389
11353,8171.769
11354,8344.9
11355,8818.333
11356,9668.604
11357,7998.963
11358,7213.273
11359,13243.047
11360,9784.051
11361,9612.954
11362,9509.896
11363,9405.145
11364,7213.363
11365,6343.0938
11366,8379.355
11367,8160.872
11368,8115.65
11369,8315.075
11370,8488.489
11371,7089.4
11372,6066.5635
11373,10278.515
11374,9294.097
11375,9242.596
11376,9346.135
11377,5913.4736
11378,5415.5107
11379,9121.401
11380,7325.5396
11381,7363.7607
11382,7495.9224
11383,7804.862
11384,5703.4624
11385,4907.7495
11386,5864.3916
11387,5929.616
11388,6136.886
11389,6478.6113
11390,6849.2065
11391,5703.4624
11392,4959.634
11393,8730.561
11394,7210.226
11395,7287.378
11396,7557.093
11397,7948.744
11398,5721.236
11399,4975.09
11400,5947.7993
11401,6024.498
11402,6219.907
11403,6749.638
11404,7707.8975
11405,6321.0913
11406,5386.4136
11407,11764.364
11408,7673.37
11409,7703.2896
11410,7747.2563
11411,7978.7095
11412,5793.7363
11413,4908.892
11414,6111.167
11415,6100.882
11416,6218.24
11417,6503.5127
11418,6881.68
11419,5652.4937
11420,4992.8364
11421,8665.751
11422,7216.59
11423,7274.3154
11424,7529.149
11425,6443.8223
11426,4138.503
11427,11821.141
11428,10427.486
11429,10135.18
11430,10174.59
11431,10290.473
11432,6220.566
11433,4086.1348
11434,8055.3584
11435,7933.8228
11436,7896.4985
11437,8048.6924
11438,8108.392
11439,6228.783
11440,3912.9995
11441,11190.825
11442,10159.152
11443,10079.316
11444,10220.711
11445,10342.415
11446,6248.1934
11447,3925.1946
11448,8159.876
11449,7991.9087
11450,8148.4355
11451,8561.032
11452,9099.46
11453,6879.967
11454,4336.533
11455,14278.849
11456,9341.108
11457,10471.6875
11458,10426.82
11459,10340.561
11460,6379.304
11461,3640.1685
11462,8241.613
11463,7928.2705
11464,7934.7007
11465,8075.7905
11466,8143.618
11467,6251.77
11468,3666.942
11469,11071.128
11470,10173.804
11471,10048.409
11472,10190.828
11473,6151.608
11474,5664.7617
11475,9890.956
11476,7980.2773
11477,7598.2607
11478,7670.2163
11479,7724.0
11480,5759.355
11481,5369.5728
11482,6503.0723
11483,6503.023
11484,6491.849
11485,6680.281
11486,6918.965
11487,5763.7075
11488,5373.6304
11489,9046.448
11490,7560.582
11491,7479.989
11492,7642.124
11493,7757.253
11494,5780.99
11495,5389.744
11496,6570.684
11497,6499.6807
11498,6497.5605
11499,7034.9937
11500,8047.779
11501,6514.322
11502,5827.4785
11503,11307.275
11504,8227.225
11505,8002.6714
11506,7964.575
11507,7971.62
11508,5987.9414
11509,5324.385
11510,6721.7812
11511,6590.7573
11512,6546.5435
11513,6731.4756
11514,6936.773
11515,5778.5425
11516,5380.642
11517,8959.174
11518,7580.403
11519,7462.11
11520,7659.09
11521,5453.824
11522,5239.7676
11523,7535.514
11524,6106.0337
11525,6003.726
11526,5986.12
11527,6238.3794
11528,5035.7393
11529,4942.962
11530,4748.6675
11531,4744.425
11532,4813.155
11533,4979.13
11534,5482.124
11535,5039.545
11536,4998.9937
11537,6774.909
11538,5862.8706
11539,5891.1514
11540,5944.215
11541,6265.2373
11542,5054.657
11543,5013.984
11544,4808.804
11545,4768.4756
11546,4845.243
11547,5176.5034
11548,6466.061
11549,5626.523
11550,5483.9077
11551,8431.265
11552,6179.613
11553,6184.165
11554,6188.8267
11555,6434.554
11556,5206.7954
11557,4911.4214
11558,5025.9116
11559,4820.575
11560,4846.283
11561,5009.6143
11562,5511.9956
11563,5036.316
11564,4998.984
11565,6686.2603
11566,5863.978
11567,5862.809
11568,5942.956
11569,3344.0703
11570,4041.2698
11571,6931.085
11572,5633.88
11573,5476.0723
11574,5436.7827
11575,5573.907
11576,3095.2373
11577,3638.3389
11578,4446.68
11579,4473.167
11580,4457.6113
11581,4537.86
11582,4742.208
11583,3095.2373
11584,3676.8057
11585,6564.7705
11586,5441.4624
11587,5411.643
11588,5472.8086
11589,5623.7275
11590,3104.8843
11591,3688.2646
11592,4496.3022
11593,4481.367
11594,4502.4736
11595,4747.852
11596,5499.2026
11597,3412.0535
11598,4179.7993
11599,8141.902
11600,5753.0845
11601,5659.264
11602,5648.613
11603,5717.008
11604,3122.466
11605,3649.779
11606,4642.7847
11607,4563.858
11608,4522.394
11609,4561.5254
11610,4795.1772
11611,3079.439
11612,3712.1965
11613,6487.6953
11614,5436.456
11615,5397.2554
11616,5464.9263
11617,2930.1147
11618,1907.4863
11619,7058.9893
11620,5469.9277
11621,5185.6113
11622,5179.1606
11623,5187.1997
11624,2541.1028
11625,1590.333
11626,4262.1
11627,4121.287
11628,4105.925
11629,4180.585
11630,4417.5215
11631,2543.025
11632,1591.5361
11633,6287.2256
11634,5053.211
11635,5027.911
11636,5068.6973
11637,5209.5327
11638,2565.0376
11639,1605.3159
11640,4330.704
11641,4136.6875
11642,4117.6133
11643,4380.2188
11644,5032.911
11645,2720.3271
11646,1738.5114
11647,7486.334
11648,5606.3047
11649,5457.0244
11650,5385.0474
11651,5386.0693
11652,2672.2273
11653,1611.4691
11654,4396.5527
11655,4163.0156
11656,4126.763
11657,4198.6294
11658,4399.9175
11659,2554.0015
11660,1599.6167
11661,6213.9893
11662,5049.626
11663,4999.227
11664,5063.0728
11665,7919.126
11666,7527.5977
11667,12475.171
11668,10223.178
11669,10233.743
11670,10223.285
11671,10491.552
11672,7679.5205
11673,7614.2217
11674,8339.291
11675,8231.031
11676,8296.934
11677,8623.651
11678,8986.509
11679,7685.3237
11680,7700.5273
11681,11846.853
11682,10092.235
11683,10130.029
11684,10207.131
11685,10535.482
11686,7708.368
11687,7723.6167
11688,8377.038
11689,8237.322
11690,8337.239
11691,8888.784
11692,10204.854
11693,8560.379
11694,8108.9956
11695,14405.855
11696,10582.038
11697,10578.466
11698,10424.603
11699,10589.631
11700,7883.194
11701,7578.574
11702,8623.026
11703,8405.875
11704,8346.532
11705,8668.653
11706,9025.291
11707,7718.491
11708,7739.6045
11709,11650.339
11710,10034.665
11711,10072.243
11712,10195.806
11713,6087.326
11714,5271.5913
11715,7854.7334
11716,6381.355
11717,6305.5186
11718,6346.646
11719,6661.9683
11720,5745.7305
11721,5008.974
11722,5154.892
11723,5184.5825
11724,5259.833
11725,5506.0103
11726,5876.4697
11727,5719.7896
11728,5068.615
11729,7442.9814
11730,6222.3696
11731,6265.2017
11732,6378.6836
11733,6695.597
11734,5771.2495
11735,5084.4106
11736,5238.618
11737,5253.48
11738,5320.628
11739,5755.9224
11740,6890.8296
11741,6411.109
11742,5684.7026
11743,9519.97
11744,6461.72
11745,6479.7363
11746,6537.0215
11747,6798.446
11748,5852.908
11749,5008.6875
11750,5253.3
11751,5210.894
11752,5286.5264
11753,5526.652
11754,5898.5
11755,5774.889
11756,5094.3384
11757,7319.512
11758,6191.708
11759,6234.3286
11760,6376.585
11761,7798.4624
11762,6337.397
11763,10431.316
11764,9034.954
11765,8768.857
11766,8692.937
11767,8807.852
11768,7347.3228
11769,5725.9526
11770,7847.7764
11771,7831.0723
11772,7823.3457
11773,8064.3374
11774,8237.99
11775,7357.0283
11776,5733.5166
11777,9708.708
11778,8726.881
11779,8668.637
11780,8741.751
11781,8852.311
11782,7379.954
11783,5751.384
11784,7949.601
11785,7903.5967
11786,8000.191
11787,8375.041
11788,9447.445
11789,8250.075
11790,6456.3174
11791,11743.849
11792,8155.9854
11793,8843.998
11794,8908.755
11795,8865.932
11796,7721.4146
11797,5894.7993
11798,8043.2744
11799,7830.669
11800,7866.2944
11801,8115.7114
11802,8276.825
11803,7479.197
11804,5642.8184
11805,9524.611
11806,8666.445
11807,8606.732
11808,8742.285
11809,14965.951
11810,14959.443
11811,20147.918
11812,17491.799
11813,16925.572
11814,16985.355
11815,16628.73
11816,14673.44
11817,14432.232
11818,15411.554
11819,15011.209
11820,14968.106
11821,15116.389
11822,15225.936
11823,14684.528
11824,14443.138
11825,18966.586
11826,16815.053
11827,16713.637
11828,16866.465
11829,16700.314
11830,14728.557
11831,14486.442
11832,15075.859
11833,14555.051
11834,14499.74
11835,15076.147
11836,15701.696
11837,15010.68
11838,14615.213
11839,21578.146
11840,17667.22
11841,17253.264
11842,17211.863
11843,16989.033
11844,14914.654
11845,15167.208
11846,15829.337
11847,15107.093
11848,15063.715
11849,15201.458
11850,15311.621
11851,14747.898
11852,14516.428
11853,18651.98
11854,16740.98
11855,16640.012
11856,16869.764
11857,8138.967
11858,5422.98
11859,9829.471
11860,8371.008
11861,8507.033
11862,8528.481
11863,8878.752
11864,8089.2046
11865,5246.8145
11866,7089.745
11867,7063.8657
11868,7180.564
11869,7818.855
11870,8235.939
11871,8089.2046
11872,5246.8145
11873,9332.675
11874,8246.457
11875,8381.554
11876,8579.1455
11877,8931.497
11878,8114.411
11879,5263.1655
11880,7199.643
11881,7112.6313
11882,7318.179
11883,8127.323
11884,9279.509
11885,9086.607
11886,5912.983
11887,11284.952
11888,8662.215
11889,8754.667
11890,8723.469
11891,8915.411
11892,8254.641
11893,5211.744
11894,7372.0464
11895,7235.0747
11896,7385.101
11897,7839.48
11898,8356.784
11899,8076.376
11900,5245.4136
11901,9253.63
11902,8255.806
11903,8377.997
11904,8559.138
11905,4070.3713
11906,3833.4727
11907,8624.696
11908,6948.1357
11909,6806.446
11910,6869.2983
11911,6934.795
11912,4036.2458
11913,3623.905
11914,5835.811
11915,5904.1235
11916,5932.9087
11917,6156.8794
11918,6263.194
11919,4036.2458
11920,3623.905
11921,8202.137
11922,6775.465
11923,6725.1157
11924,6914.815
11925,6976.8047
11926,4048.825
11927,3635.1992
11928,5900.931
11929,5914.946
11930,5957.6675
11931,6319.6743
11932,6976.0195
11933,4296.179
11934,3728.9805
11935,11112.725
11936,7182.139
11937,7064.9844
11938,7115.4883
11939,7061.8247
11940,4081.0007
11941,3626.0454
11942,6071.021
11943,6001.928
11944,5997.253
11945,6190.238
11946,6307.51
11947,4005.42
11948,3649.4727
11949,8090.5625
11950,6756.4727
11951,6707.723
11952,6917.8164
11953,6175.9004
11954,6568.8857
11955,7609.321
11956,6380.9536
11957,6403.7144
11958,6534.877
11959,6815.58
11960,5807.8843
11961,5942.4746
11962,4963.666
11963,5011.201
11964,5065.9033
11965,5533.689
11966,5914.032
11967,5807.8843
11968,6005.2954
11969,7252.2505
11970,6269.8887
11971,6322.888
11972,6573.6997
11973,6856.07
11974,5825.9834
11975,6024.0093
11976,5037.6323
11977,5042.815
11978,5106.8223
11979,5806.2393
11980,6774.8574
11981,6485.975
11982,6864.615
11983,9118.069
11984,6567.7705
11985,6586.082
11986,6738.401
11987,6984.315
11988,5908.084
11989,5902.755
11990,5149.565
11991,5126.3394
11992,5224.1724
11993,5568.8853
11994,6017.6807
11995,5798.6733
11996,6003.692
11997,7184.044
11998,6277.65
11999,6320.862
12000,6565.81
12001,2930.443
12002,3705.4956
12003,6470.1016
12004,5191.531
12005,4929.4395
12006,4898.0547
12007,5020.4253
12008,2615.9688
12009,3376.8904
12010,4134.77
12011,3957.3694
12012,3939.2947
12013,3975.713
12014,4211.517
12015,2617.9473
12016,3415.173
12017,5964.485
12018,4894.58
12019,4842.66
12020,4883.737
12021,4991.9126
12022,2625.799
12023,3425.415
12024,4211.2197
12025,3981.5122
12026,3944.1978
12027,4144.152
12028,4830.0796
12029,2826.7969
12030,3659.5059
12031,7043.279
12032,5329.883
12033,5184.677
12034,5127.161
12035,5155.054
12036,2702.1719
12037,3361.0784
12038,4277.871
12039,4009.3076
12040,3959.2876
12041,3992.873
12042,4229.695
12043,2629.247
12044,3432.5068
12045,5865.5386
12046,4866.6567
12047,4815.0327
12048,4878.3174
12049,4678.8984
12050,5390.716
12051,9270.998
12052,7550.551
12053,7293.0796
12054,7326.6855
12055,7462.2876
12056,4367.1396
12057,5056.128
12058,6269.057
12059,6371.32
12060,6387.859
12061,6538.955
12062,6698.5293
12063,4372.9087
12064,5116.33
12065,8644.602
12066,7321.174
12067,7281.1665
12068,7403.163
12069,7557.496
12070,4386.5366
12071,5132.2744
12072,6353.7935
12073,6444.9346
12074,6489.0444
12075,6757.0137
12076,7506.4683
12077,4783.026
12078,5443.7363
12079,11745.35
12080,6644.1177
12081,7409.16
12082,7524.9917
12083,7512.0195
12084,4589.5146
12085,4946.339
12086,6400.203
12087,6361.1245
12088,6389.5166
12089,6546.381
12090,6699.7114
12091,4445.531
12092,5035.3936
12093,8444.681
12094,7230.1626
12095,7197.1367
12096,7370.809
12097,3449.8953
12098,3575.7913
12099,5509.8403
12100,4645.682
12101,4446.1797
12102,4441.4233
12103,4529.9844
12104,3071.447
12105,3210.2244
12106,3455.976
12107,3347.8047
12108,3368.8145
12109,3405.0886
12110,3583.5088
12111,3075.505
12112,3214.4656
12113,5217.4
12114,4439.3267
12115,4427.912
12116,4469.682
12117,4582.3145
12118,3085.0903
12119,3224.4841
12120,3515.5496
12121,3388.346
12122,3408.732
12123,3621.51
12124,4229.1943
12125,3412.851
12126,3855.3257
12127,6266.4087
12128,4345.0586
12129,4649.131
12130,4631.1606
12131,4676.2705
12132,3075.8218
12133,3016.754
12134,3549.822
12135,3360.235
12136,3389.998
12137,3417.0144
12138,3564.8857
12139,3034.0566
12140,3038.9463
12141,5122.312
12142,4406.142
12143,4393.857
12144,4457.212
12145,5267.8765
12146,4308.162
12147,7848.5923
12148,6522.143
12149,6257.4736
12150,6369.898
12151,6467.714
12152,4942.019
12153,3997.7285
12154,5249.1523
12155,5288.3066
12156,5256.899
12157,5431.066
12158,5633.52
12159,4948.548
12160,4003.0098
12161,7454.3345
12162,6267.73
12163,6222.5063
12164,6398.7744
12165,6500.3623
12166,4963.969
12167,3961.4788
12168,5314.1206
12169,5334.1294
12170,5307.11
12171,5669.627
12172,6617.1943
12173,5520.609
12174,4312.537
12175,9453.15
12176,6547.655
12177,6440.848
12178,6602.1772
12179,6599.451
12180,5027.5513
12181,3997.4995
12182,5405.442
12183,5315.763
12184,5284.1924
12185,5452.061
12186,5677.306
12187,4967.1
12188,4023.326
12189,7331.5303
12190,6231.9683
12191,6187.003
12192,6391.6685
12193,9390.498
12194,7480.852
12195,13194.874
12196,11667.563
12197,11277.528
12198,11268.991
12199,11447.178
12200,9035.075
12201,7082.4453
12202,9766.69
12203,9438.357
12204,9463.453
12205,9689.393
12206,10056.587
12207,9041.902
12208,7087.798
12209,12245.09
12210,11115.799
12211,11102.64
12212,11190.11
12213,11496.457
12214,9069.014
12215,7109.0503
12216,9563.353
12217,9142.061
12218,9287.025
12219,9881.904
12220,11240.342
12221,9711.319
12222,7436.276
12223,14618.949
12224,12030.973
12225,11721.826
12226,11548.526
12227,11594.515
12228,9305.876
12229,7443.152
12230,10103.812
12231,9546.365
12232,9523.902
12233,9743.923
12234,10115.498
12235,9080.924
12236,7123.766
12237,12102.465
12238,11122.427
12239,11053.7295
12240,11192.299
12241,5156.6035
12242,3650.357
12243,6567.808
12244,5513.515
12245,5405.8906
12246,5376.4966
12247,5653.475
12248,4862.8516
12249,3480.2097
12250,4289.668
12251,4296.056
12252,4425.9443
12253,4490.263
12254,4972.362
12255,4869.2754
12256,3484.8076
12257,6229.7573
12258,5316.7773
12259,5369.511
12260,5404.2666
12261,5716.588
12262,4884.4497
12263,3495.6685
12264,4359.8516
12265,4353.655
12266,4473.5
12267,4691.0405
12268,5927.162
12269,5539.0117
12270,4015.1597
12271,7731.7837
12272,5039.617
12273,5564.844
12274,5571.6426
12275,5763.394
12276,5024.8906
12277,3495.5017
12278,4304.531
12279,4262.535
12280,4426.4893
12281,4517.854
12282,4983.0356
12283,4920.138
12284,3521.2117
12285,6080.264
12286,5259.4365
12287,5319.882
12288,5403.38
12289,10785.008
12290,11228.545
12291,17472.324
12292,15281.523
12293,14937.802
12294,14960.671
12295,14960.813
12296,10708.994
12297,11458.811
12298,12385.509
12299,12279.638
12300,12266.036
12301,12338.725
12302,12426.1875
12303,10723.139
12304,11473.946
12305,16674.691
12306,15148.4
12307,15000.047
12308,15076.118
12309,15067.752
12310,10756.553
12311,11638.267
12312,11790.795
12313,11676.279
12314,11746.022
12315,12155.028
12316,12792.186
12317,11078.797
12318,12418.64
12319,19475.773
12320,15427.319
12321,15169.552
12322,15131.938
12323,15023.699
12324,10817.882
12325,11458.155
12326,12643.345
12327,12378.859
12328,12339.359
12329,12396.109
12330,12472.768
12331,10763.336
12332,11532.17
12333,16398.102
12334,15060.224
12335,14912.733
12336,15057.624
12337,11874.159
12338,12328.149
12339,18129.922
12340,15342.597
12341,14829.338
12342,14843.587
12343,14500.764
12344,11591.629
12345,11928.826
12346,13059.882
12347,12803.402
12348,12711.951
12349,12804.99
12350,12870.127
12351,11600.389
12352,11937.841
12353,16798.014
12354,14748.996
12355,14643.648
12356,14739.687
12357,14563.1875
12358,11635.17
12359,11973.634
12360,12531.421
12361,12177.238
12362,12239.17
12363,12693.112
12364,13143.591
12365,11849.361
12366,12115.168
12367,19175.533
12368,15474.637
12369,15095.153
12370,15064.778
12371,14837.8545
12372,11797.578
12373,12552.701
12374,13404.902
12375,12906.856
12376,12814.666
12377,12898.71
12378,12952.681
12379,11665.672
12380,12014.094
12381,16493.45
12382,14695.513
12383,14590.548
12384,14754.103
12385,6286.512
12386,4681.492
12387,7445.3457
12388,6237.6655
12389,6259.915
12390,6337.79
12391,6659.0903
12392,5939.4824
12393,4208.2124
12394,4883.574
12395,4954.0405
12396,5024.0425
12397,5397.5537
12398,5857.0015
12399,5939.4824
12400,4208.2124
12401,7148.842
12402,6130.2344
12403,6182.0537
12404,6375.442
12405,6698.6504
12406,5957.991
12407,4164.5527
12408,4956.347
12409,4985.2935
12410,5039.747
12411,5594.7446
12412,6859.8438
12413,6648.384
12414,4736.096
12415,8930.637
12416,6356.8486
12417,6374.5723
12418,6526.306
12419,6814.6895
12420,6097.025
12421,4238.071
12422,5055.4766
12423,5044.98
12424,5157.607
12425,5407.355
12426,5938.072
12427,5972.825
12428,4236.935
12429,7084.4316
12430,6125.839
12431,6168.006
12432,6355.3574
12433,6008.8994
12434,5735.1846
12435,9601.125
12436,7796.001
12437,7475.6167
12438,7579.6875
12439,7732.2334
12440,5610.67
12441,5404.3022
12442,6315.637
12443,6369.977
12444,6384.649
12445,6602.6685
12446,6838.625
12447,5618.0815
12448,5411.4414
12449,8984.375
12450,7477.692
12451,7427.7837
12452,7622.251
12453,7771.264
12454,5635.5894
12455,5428.305
12456,6393.8022
12457,6425.171
12458,6472.1694
12459,6999.647
12460,7898.532
12461,6313.854
12462,5894.5293
12463,11458.057
12464,7993.7383
12465,7845.0
12466,7881.6226
12467,7881.006
12468,5803.233
12469,5417.2876
12470,6532.247
12471,6427.978
12472,6442.7837
12473,6653.9985
12474,6911.518
12475,5661.7583
12476,5452.2847
12477,8859.194
12478,7463.9746
12479,7414.158
12480,7643.4287
12481,4878.7363
12482,3710.09
12483,7549.7227
12484,6340.8857
12485,6093.908
12486,6157.913
12487,6336.944
12488,4538.115
12489,3482.7605
12490,5247.39
12491,5275.2983
12492,5243.968
12493,5377.984
12494,5635.89
12495,4544.1104
12496,3487.3616
12497,7107.4165
12498,6110.473
12499,6066.3843
12500,6192.4937
12501,6368.932
12502,4558.2715
12503,3498.2305
12504,5312.3364
12505,5321.0083
12506,5294.055
12507,5614.214
12508,6678.0894
12509,5060.895
12510,4009.4033
12511,9172.604
12512,5764.1636
12513,6183.923
12514,6302.957
12515,6365.1123
12516,4709.5527
12517,3372.6794
12518,5359.978
12519,5265.5205
12520,5263.256
12521,5396.9307
12522,5674.2744
12523,4619.5703
12524,3397.4863
12525,6969.1694
12526,6057.2197
12527,6012.2075
12528,6175.3467
12529,5228.355
12530,4094.2073
12531,9344.094
12532,7418.1123
12533,7079.521
12534,7146.565
12535,7240.86
12536,4869.345
12537,3668.5059
12538,5945.8364
12539,5945.7915
12540,5934.3916
12541,6106.6455
12542,6344.316
12543,4873.025
12544,3511.0786
12545,8552.096
12546,7027.9785
12547,6969.3223
12548,7120.3896
12549,7272.033
12550,4887.6377
12551,3521.608
12552,6007.656
12553,5942.7354
12554,5939.613
12555,6327.0747
12556,7166.6743
12557,5372.887
12558,3714.467
12559,11339.892
12560,7697.8247
12561,7467.7134
12562,7410.2417
12563,7397.2197
12564,5097.566
12565,3842.4497
12566,6134.1064
12567,6014.536
12568,5972.996
12569,6141.729
12570,6382.2256
12571,4894.057
12572,3689.9116
12573,8453.465
12574,7032.988
12575,6939.427
12576,7122.611
12577,4872.1978
12578,5145.318
12579,8157.4326
12580,6207.7983
12581,5882.9194
12582,5898.5845
12583,5923.494
12584,4487.27
12585,4832.942
12586,5416.518
12587,5014.0127
12588,4973.9272
12589,5050.5073
12590,5295.939
12591,4490.661
12592,4836.594
12593,7384.3477
12594,5858.225
12595,5788.0747
12596,5862.5576
12597,5947.3228
12598,4504.1274
12599,4851.0977
12600,5492.3354
12601,5041.141
12602,4977.8857
12603,5261.785
12604,6266.7915
12605,5023.553
12606,5549.2393
12607,9213.665
12608,6309.4653
12609,6129.094
12610,6138.9585
12611,6195.412
12612,4583.8794
12613,4826.483
12614,5584.2734
12615,5073.8877
12616,5003.664
12617,5076.865
12618,5318.796
12619,4510.0435
12620,4861.14
12621,7261.851
12622,5824.805
12623,5755.055
12624,5856.0522
12625,10794.331
12626,8975.784
12627,14559.271
12628,12454.913
12629,12458.394
12630,12657.474
12631,13145.32
12632,10383.046
12633,8062.7686
12634,10753.435
12635,10472.927
12636,10669.732
12637,11044.214
12638,11563.151
12639,9433.714
12640,8073.4185
12641,13784.966
12642,12303.248
12643,12477.17
12644,12721.362
12645,13211.672
12646,10429.157
12647,8098.576
12648,10600.23
12649,10272.174
12650,10595.369
12651,11319.987
12652,12567.604
12653,11227.217
12654,8614.362
12655,17196.145
12656,12571.752
12657,12697.616
12658,12855.025
12659,13179.881
12660,10488.62
12661,8062.307
12662,11001.614
12663,10567.293
12664,10723.875
12665,11085.614
12666,11606.497
12667,10435.734
12668,8114.388
12669,13556.306
12670,12247.612
12671,12420.749
12672,12722.357
12673,6669.248
12674,5808.1616
12675,9562.613
12676,7913.976
12677,7938.1523
12678,8021.493
12679,8304.985
12680,6095.5596
12681,5223.2354
12682,6409.128
12683,6500.201
12684,6698.3057
12685,7113.7715
12686,7528.711
12687,6103.6113
12688,5054.8115
12689,9023.888
12690,7824.6143
12691,7904.079
12692,8083.6357
12693,8419.268
12694,6122.632
12695,5070.564
12696,6510.7124
12697,6597.626
12698,6823.1704
12699,7447.228
12700,8330.348
12701,6779.751
12702,5352.0845
12703,11717.199
12704,8185.7715
12705,8235.271
12706,8234.698
12707,8369.811
12708,6279.578
12709,5222.9365
12710,6556.542
12711,6582.3013
12712,6738.349
12713,7146.858
12714,7556.934
12715,6126.493
12716,5312.2505
12717,8874.197
12718,7779.066
12719,7858.068
12720,8073.7188
12721,8891.065
12722,7025.3916
12723,12851.434
12724,11059.825
12725,10809.229
12726,10848.672
12727,11084.8955
12728,8609.943
12729,6672.7666
12730,9389.719
12731,9152.198
12732,9157.795
12733,9412.889
12734,9659.736
12735,8621.315
12736,6681.581
12737,12073.136
12738,10804.446
12739,10776.792
12740,10909.59
12741,11140.848
12742,8648.181
12743,6702.402
12744,9391.609
12745,9120.479
12746,9224.797
12747,9945.046
12748,11280.089
12749,9603.259
12750,7429.647
12751,15459.118
12752,11285.878
12753,11121.77
12754,11061.144
12755,11116.965
12756,8697.49
12757,7021.5933
12758,9685.595
12759,9210.66
12760,9216.293
12761,9460.52
12762,9708.615
12763,8653.635
12764,6715.4883
12765,11872.868
12766,10755.588
12767,10728.06
12768,10910.443
12769,3298.1572
12770,3581.4207
12771,7068.226
12772,5100.718
12773,4896.1255
12774,4921.1704
12775,5006.987
12776,2935.6338
12777,3206.4934
12778,4121.759
12779,4056.278
12780,4027.5383
12781,4098.756
12782,4243.9775
12783,2922.3777
12784,3210.7297
12785,6556.8794
12786,4894.734
12787,4869.2476
12788,4948.807
12789,5032.2627
12790,2948.677
12791,3278.7483
12792,4172.7764
12793,4085.784
12794,4083.2163
12795,4337.203
12796,4911.243
12797,3260.9307
12798,3807.121
12799,8117.7476
12800,5163.987
12801,5090.025
12802,5113.437
12803,5139.7256
12804,2989.3743
12805,3206.3098
12806,4239.4253
12807,4076.8645
12808,4047.979
12809,4114.1226
12810,4259.8887
12811,2950.5342
12812,3227.026
12813,6448.1074
12814,4869.8516
12815,4844.494
12816,4946.4053
12817,6311.951
12818,4908.124
12819,10273.32
12820,8274.095
12821,7928.7695
12822,7904.946
12823,7988.464
12824,5991.7695
12825,4717.1465
12826,6740.2456
12827,6784.4604
12828,6796.566
12829,6989.5396
12830,7250.3623
12831,5996.298
12832,4514.731
12833,9416.454
12834,7851.2354
12835,7780.869
12836,7891.243
12837,8020.682
12838,6014.278
12839,4528.269
12840,6848.841
12841,6828.236
12842,6844.622
12843,7279.618
12844,8604.919
12845,6866.39
12846,5139.28
12847,11548.658
12848,8628.744
12849,8383.448
12850,8257.94
12851,8185.576
12852,6272.5864
12853,4695.0605
12854,6977.297
12855,6866.4165
12856,6831.056
12857,7019.7046
12858,7281.653
12859,6022.177
12860,4744.6694
12861,9260.252
12862,7806.4478
12863,7736.4824
12864,7882.487
12865,6139.8135
12866,3746.8696
12867,7306.197
12868,6170.3306
12869,6100.585
12870,6216.722
12871,6519.1636
12872,5721.121
12873,3529.6865
12874,4884.5615
12875,4919.143
12876,5006.409
12877,5271.32
12878,5759.8823
12879,5728.6787
12880,3534.3499
12881,7026.216
12882,6017.4053
12883,6058.826
12884,6248.104
12885,6552.072
12886,5746.531
12887,3545.365
12888,4963.898
12889,4984.5137
12890,5046.443
12891,5514.6143
12892,6785.0815
12893,6546.1626
12894,4131.939
12895,8970.358
12896,5616.0513
12897,6140.8853
12898,6356.8486
12899,6607.4
12900,5911.7534
12901,3545.1958
12902,4900.915
12903,4880.1934
12904,4949.152
12905,5308.912
12906,5780.411
12907,5788.5166
12908,3571.2712
12909,6858.411
12910,5953.2026
12911,6003.526
12912,6253.935
12913,7686.856
12914,6289.8706
12915,11851.678
12916,9832.0205
12917,9514.741
12918,9577.419
12919,9852.992
12920,7175.6895
12921,5563.8623
12922,8367.982
12923,8261.186
12924,8243.1455
12925,8583.2295
12926,8829.324
12927,7182.824
12928,5630.109
12929,11056.618
12930,9499.544
12931,9472.492
12932,9631.199
12933,9902.727
12934,7207.558
12935,5647.654
12936,8494.475
12937,8341.98
12938,8519.481
12939,9045.206
12940,10058.697
12941,8242.493
12942,6291.551
12943,13522.048
12944,10002.8545
12945,9854.553
12946,9888.6455
12947,9943.528
12948,7306.483
12949,5854.7285
12950,8631.666
12951,8303.108
12952,8284.977
12953,8615.405
12954,8862.423
12955,7212.1035
12956,5658.681
12957,10873.212
12958,9470.433
12959,9443.463
12960,9646.055
12961,6622.966
12962,5332.9443
12963,9870.544
12964,7568.1
12965,7503.827
12966,7638.6113
12967,8022.5415
12968,6252.5454
12969,5059.2686
12970,6100.544
12971,6116.5903
12972,6265.172
12973,6721.7236
12974,7156.0664
12975,6260.8047
12976,5119.5083
12977,9142.68
12978,7387.1514
12979,7465.833
12980,7691.8286
12981,8078.433
12982,6280.315
12983,5135.4624
12984,6199.627
12985,6197.8706
12986,6375.7456
12987,7115.522
12988,8334.473
12989,7162.936
12990,5969.488
12991,11842.57
12992,7815.276
12993,7866.3916
12994,7934.693
12995,8155.853
12996,6473.7563
12997,5081.448
12998,6241.0757
12999,6194.059
13000,6348.2383
13001,6771.356
13002,7263.0703
13003,6315.9385
13004,5168.343
13005,8982.55
13006,7364.126
13007,7442.5625
13008,7703.2896
13009,4604.191
13010,4478.1836
13011,8602.366
13012,7124.0923
13013,6989.3
13014,7063.839
13015,7203.139
13016,4424.6064
13017,4171.109
13018,5833.123
13019,5894.1416
13020,5915.5386
13021,6158.2417
13022,6390.571
13023,4424.6064
13024,4215.2065
13025,8173.7334
13026,6957.314
13027,6919.1562
13028,7124.4116
13029,7281.5903
13030,4438.3955
13031,4228.3433
13032,5895.744
13033,5916.379
13034,5964.183
13035,6402.9873
13036,7226.757
13037,4857.8257
13038,4738.5093
13039,10641.865
13040,7404.681
13041,7283.8965
13042,7333.132
13043,7289.6514
13044,4520.643
13045,4298.4707
13046,6088.4355
13047,6025.9
13048,6002.123
13049,6203.637
13050,6469.997
13051,4436.9224
13052,4371.9785
13053,8087.831
13054,6959.571
13055,6909.356
13056,7123.0117
13057,6812.272
13058,5425.862
13059,9102.768
13060,7272.7476
13061,7193.5405
13062,7355.071
13063,7681.6963
13064,6388.9497
13065,5135.4424
13066,5798.2754
13067,5833.2344
13068,5980.2075
13069,6371.6484
13070,6802.1235
13071,6397.389
13072,4917.858
13073,8583.295
13074,7063.859
13075,7143.4775
13076,7392.1978
13077,7720.472
13078,6417.325
13079,4933.1836
13080,5892.4497
13081,5910.75
13082,6061.306
13083,6739.9883
13084,7790.1587
13085,7193.657
13086,5435.6836
13087,10916.512
13088,6547.0054
13089,7324.6875
13090,7601.052
13091,7836.968
13092,6673.562
13093,5158.0054
13094,5844.7407
13095,5821.556
13096,6020.1323
13097,6436.795
13098,6917.117
13099,6464.211
13100,5195.94
13101,8383.457
13102,7001.924
13103,7091.8823
13104,7420.957
13105,6069.3013
13106,7021.5195
13107,9162.172
13108,7213.617
13109,7151.065
13110,7253.0596
13111,7427.7905
13112,5875.108
13113,6556.8794
13114,6020.0977
13115,5975.9707
13116,6059.173
13117,6334.4116
13118,6631.847
13119,5875.108
13120,6556.8794
13121,8703.913
13122,7086.932
13123,7083.1685
13124,7300.269
13125,7471.917
13126,5893.4165
13127,6577.312
13128,6114.607
13129,6018.3984
13130,6116.4736
13131,6696.9062
13132,7578.444
13133,6521.5645
13134,7405.8394
13135,11059.983
13136,7445.921
13137,7427.6987
13138,7481.38
13139,7568.981
13140,5927.258
13141,6572.6025
13142,6213.4146
13143,6053.1655
13144,6133.4277
13145,6359.329
13146,6666.1953
13147,5835.21
13148,6615.0615
13149,8572.904
13150,7064.472
13151,7096.747
13152,7315.3804
13153,7583.918
13154,6985.081
13155,9967.751
13156,8484.968
13157,8475.052
13158,8510.653
13159,8829.763
13160,7240.0034
13161,6842.2656
13162,7124.405
13163,7140.7256
13164,7248.122
13165,7679.4106
13166,8039.2017
13167,7245.4746
13168,6847.4365
13169,9410.304
13170,8327.894
13171,8350.291
13172,8490.5625
13173,8859.803
13174,7267.2
13175,6867.9688
13176,7255.1562
13177,7226.6743
13178,7401.2563
13179,8054.1445
13180,9183.396
13181,8157.736
13182,7461.1206
13183,11455.008
13184,8837.379
13185,8825.106
13186,8744.22
13187,8924.42
13188,7544.3164
13189,6810.232
13190,7371.765
13191,7280.1665
13192,7284.904
13193,7712.5527
13194,8073.896
13195,7276.744
13196,6882.1855
13197,9254.204
13198,8280.387
13199,8302.656
13200,8481.142
13201,8314.48
13202,5755.2744
13203,12195.16
13204,10790.6875
13205,10408.836
13206,10385.938
13207,10535.02
13208,7936.4565
13209,5356.553
13210,8961.661
13211,8679.284
13212,8684.732
13213,8882.445
13214,9206.137
13215,7942.454
13216,5360.6016
13217,11309.077
13218,10265.544
13219,10232.621
13220,10313.238
13221,10580.373
13222,7966.269
13223,5376.6763
13224,9054.831
13225,8674.823
13226,8785.994
13227,9284.104
13228,10496.877
13229,8937.999
13230,5991.3237
13231,13919.617
13232,11126.788
13233,10818.913
13234,10658.961
13235,10686.047
13236,8239.554
13237,5629.373
13238,9270.998
13239,8778.606
13240,8740.209
13241,8932.434
13242,9260.066
13243,7976.731
13244,5387.806
13245,11177.354
13246,10271.665
13247,10187.543
13248,10315.255
13249,7282.2153
13250,6138.285
13251,8819.939
13252,7296.531
13253,7430.5615
13254,7552.798
13255,7815.373
13256,6983.955
13257,5671.915
13258,5916.2383
13259,6028.631
13260,6158.606
13261,6652.653
13262,7062.6396
13263,6983.955
13264,5671.915
13265,8449.692
13266,7244.224
13267,7337.2944
13268,7597.6665
13269,7861.8013
13270,7005.7183
13271,5689.5903
13272,6004.396
13273,6066.662
13274,6211.9624
13275,6881.654
13276,7868.4927
13277,7701.8936
13278,6459.0215
13279,10419.017
13280,7600.783
13281,7655.19
13282,7710.302
13283,7947.0767
13284,7147.11
13285,5634.004
13286,6143.979
13287,6158.835
13288,6289.379
13289,6653.0083
13290,7088.122
13291,6972.8794
13292,5670.4004
13293,8390.04
13294,7262.7515
13295,7344.6113
13296,7590.7275
13297,8093.055
13298,7286.648
13299,12883.723
13300,11147.31
13301,10786.283
13302,10768.84
13303,10872.217
13304,7792.3286
13305,6954.096
13306,9302.708
13307,8985.849
13308,8950.181
13309,9054.14
13310,9215.027
13311,7798.2173
13312,7032.9204
13313,12002.858
13314,10795.886
13315,10676.97
13316,10751.824
13317,10917.74
13318,7821.5996
13319,7054.009
13320,9318.391
13321,8954.51
13322,8899.456
13323,9356.463
13324,10491.212
13325,8570.885
13326,7516.2695
13327,14752.034
13328,11491.722
13329,11166.187
13330,11012.795
13331,10973.854
13332,7998.9854
13333,7283.785
13334,9596.447
13335,9103.966
13336,9003.685
13337,9101.388
13338,9254.795
13339,7831.8716
13340,7068.6104
13341,11803.758
13342,10734.303
13343,10616.065
13344,10739.895
13345,6957.759
13346,6229.496
13347,9344.138
13348,7490.4478
13349,7421.6294
13350,7543.518
13351,7770.6416
13352,6483.421
13353,5877.064
13354,6036.8594
13355,6021.4014
13356,6161.3853
13357,6507.354
13358,6958.482
13359,6488.3203
13360,5881.5054
13361,8705.35
13362,7228.57
13363,7306.1064
13364,7515.889
13365,7804.095
13366,6507.776
13367,5899.1416
13368,6113.3066
13369,6051.9243
13370,6202.9805
13371,6842.6836
13372,7948.1226
13373,7280.771
13374,6174.434
13375,10710.434
13376,7742.698
13377,7793.9194
13378,7810.328
13379,7990.14
13380,6787.276
13381,5849.5483
13382,6263.3315
13383,6155.564
13384,6217.4873
13385,6561.647
13386,7018.145
13387,6516.3228
13388,5911.353
13389,8627.181
13390,7252.4097
13391,7293.5596
13392,7537.6562
13393,8640.546
13394,8711.812
13395,12281.617
13396,10282.457
13397,10246.342
13398,10225.538
13399,10460.667
13400,8395.787
13401,8765.421
13402,8394.37
13403,8271.151
13404,8365.732
13405,8686.381
13406,9140.962
13407,8402.132
13408,8772.044
13409,11579.109
13410,10040.897
13411,10121.347
13412,10188.088
13413,10505.7
13414,8427.325
13415,8798.347
13416,8403.406
13417,8218.919
13418,8392.217
13419,8938.365
13420,10417.397
13421,9324.561
13422,9487.447
13423,14045.666
13424,10557.521
13425,10598.825
13426,10464.988
13427,10719.724
13428,8455.988
13429,8691.66
13430,8685.817
13431,8432.664
13432,8419.171
13433,8735.267
13434,9145.977
13435,8406.741
13436,8783.489
13437,11444.241
13438,10046.885
13439,10076.76
13440,10190.08
13441,4494.214
13442,3568.3083
13443,7755.359
13444,6372.925
13445,6132.9478
13446,6193.232
13447,6393.29
13448,4131.9
13449,3193.361
13450,5220.292
13451,5259.507
13452,5235.3115
13453,5366.4644
13454,5656.393
13455,4137.3584
13456,3197.58
13457,7236.586
13458,6123.8467
13459,6087.849
13460,6221.3076
13461,6425.563
13462,4150.2524
13463,3207.546
13464,5284.903
13465,5296.611
13466,5276.8784
13467,5625.3047
13468,6564.464
13469,4568.6973
13470,3631.965
13471,9405.3955
13472,5924.3413
13473,6213.604
13474,6351.6846
13475,6434.4497
13476,4297.667
13477,3114.8557
13478,5329.522
13479,5241.3774
13480,5246.179
13481,5386.4756
13482,5674.0034
13483,4208.072
13484,3137.7666
13485,7070.6333
13486,6048.9233
13487,6023.8486
13488,6205.3535
13489,5687.447
13490,5990.1064
13491,8295.983
13492,6827.7407
13493,6769.948
13494,6875.178
13495,7091.03
13496,5338.792
13497,5409.0107
13498,5303.2236
13499,5372.595
13500,5423.963
13501,5893.5903
13502,6112.9395
13503,5307.677
13504,5466.1934
13505,8030.8096
13506,6668.4146
13507,6684.5005
13508,6916.022
13509,7133.156
13510,5355.4297
13511,5483.2275
13512,5382.2485
13513,5442.267
13514,5467.7734
13515,6154.912
13516,6865.938
13517,5830.92
13518,6007.054
13519,10722.74
13520,6997.9316
13521,7008.0376
13522,7139.336
13523,7260.113
13524,5390.9165
13525,5410.27
13526,5504.897
13527,5486.1675
13528,5558.335
13529,5926.235
13530,6182.1655
13531,5291.0815
13532,5502.7866
13533,7907.4873
13534,6643.2495
13535,6680.013
13536,6909.0923
13537,5161.5444
13538,3091.693
13539,8234.109
13540,6249.004
13541,6086.159
13542,6163.607
13543,6296.3477
13544,4806.722
13545,2914.978
13546,5201.8164
13547,4904.165
13548,4959.738
13549,5194.0615
13550,5505.658
13551,4810.355
13552,2917.1829
13553,7678.964
13554,5953.941
13555,5982.6606
13556,6120.4595
13557,6323.455
13558,4824.78
13559,2925.9316
13560,5267.691
13561,4929.0254
13562,4972.746
13563,5428.352
13564,6306.385
13565,5307.0337
13566,3171.1392
13567,10013.832
13568,6357.4795
13569,6330.359
13570,6404.2456
13571,6493.911
13572,4985.7837
13573,2911.0818
13574,5362.059
13575,4974.5107
13576,4985.489
13577,5217.086
13578,5531.33
13579,4831.1167
13580,2931.9895
13581,7590.402
13582,5950.4097
13583,5949.2236
13584,6114.3794
13585,9564.064
13586,10133.565
13587,14448.553
13588,12677.747
13589,12780.246
13590,12705.624
13591,13022.419
13592,10199.336
13593,9912.857
13594,10421.74
13595,10352.837
13596,10500.191
13597,10813.033
13598,11155.286
13599,10199.336
13600,9912.857
13601,14077.8
13602,12605.489
13603,12693.003
13604,12781.1
13605,13099.776
13606,10231.118
13607,9943.746
13608,9923.802
13609,9839.413
13610,10138.477
13611,10730.8125
13612,11718.272
13613,10496.566
13614,10472.587
13615,16608.174
13616,12796.871
13617,12873.27
13618,12843.983
13619,13129.07
13620,10183.23
13621,9938.398
13622,10828.276
13623,10581.685
13624,10728.479
13625,10854.985
13626,11290.928
13627,10131.884
13628,10002.598
13629,13778.263
13630,12497.25
13631,12623.199
13632,12783.77
13633,7136.1772
13634,5917.079
13635,9293.095
13636,7443.28
13637,7374.8945
13638,7496.0156
13639,7648.1763
13640,6657.922
13641,5589.24
13642,6139.9424
13643,6124.22
13644,6266.594
13645,6618.469
13646,7033.464
13647,6662.953
13648,5593.464
13649,8628.794
13650,7158.9883
13651,7235.7783
13652,7443.5425
13653,7681.103
13654,6682.932
13655,5610.237
13656,6217.695
13657,6155.2646
13658,6300.096
13659,6949.813
13660,7986.148
13661,7466.296
13662,6188.0
13663,10626.397
13664,7683.2056
13665,7734.033
13666,7761.1455
13667,7970.852
13668,6961.6353
13669,5567.244
13670,6370.281
13671,6260.6733
13672,6323.6543
13673,6673.6895
13674,7093.7695
13675,6684.609
13676,5607.219
13677,8551.3125
13678,7182.598
13679,7223.3525
13680,7465.0996
13681,7241.385
13682,5960.606
13683,9775.171
13684,8019.26
13685,8073.819
13686,8162.5693
13687,8460.24
13688,6958.4756
13689,5566.676
13690,6701.277
13691,6781.704
13692,6913.5093
13693,7365.9595
13694,7804.088
13695,6967.667
13696,5387.179
13697,9231.539
13698,7968.7847
13699,8053.6606
13700,8236.615
13701,8587.93
13702,6989.38
13703,5403.9673
13704,6803.4473
13705,6890.258
13706,7092.1597
13707,7696.5474
13708,8884.394
13709,7860.467
13710,6418.935
13711,11747.12
13712,8299.94
13713,8354.227
13714,8347.201
13715,8493.389
13716,7128.7617
13717,5566.3574
13718,6851.337
13719,6863.28
13720,6954.8394
13721,7400.2188
13722,7833.3433
13723,6993.7876
13724,5661.5425
13725,9078.403
13726,7922.397
13727,8006.779
13728,8226.511
13729,5862.1157
13730,4925.106
13731,9387.167
13732,7382.8267
13733,7432.411
13734,7567.537
13735,7858.2705
13736,5777.1646
13737,4508.353
13738,5898.995
13739,5954.3496
13740,6014.169
13741,6469.8735
13742,6752.781
13743,5777.1646
13744,4508.353
13745,9001.89
13746,7293.824
13747,7353.135
13748,7627.029
13749,7920.0474
13750,5795.168
13751,4461.5806
13752,5991.604
13753,5996.6235
13754,6071.044
13755,6746.433
13756,7683.3965
13757,6457.3335
13758,4785.102
13759,12028.46
13760,7657.0156
13761,7711.824
13762,7788.7173
13763,7933.959
13764,5913.2085
13765,4534.498
13766,6148.6104
13767,6113.3066
13768,6200.3306
13769,6508.887
13770,6849.9517
13771,5769.0537
13772,4563.793
13773,8880.387
13774,7288.6777
13775,7370.83
13776,7634.984
13777,8421.516
13778,5895.62
13779,11282.499
13780,9602.371
13781,9684.246
13782,9749.64
13783,10146.031
13784,8195.106
13785,5867.8164
13786,7911.9688
13787,7862.964
13788,8049.821
13789,8515.866
13790,9069.014
13791,8205.932
13792,5619.207
13793,10787.487
13794,9522.768
13795,9648.392
13796,9811.655
13797,10271.498
13798,8231.502
13799,5636.7183
13800,8045.223
13801,7978.603
13802,8269.629
13803,8902.045
13804,10225.353
13805,9252.554
13806,6446.9883
13807,13717.018
13808,9815.212
13809,9904.248
13810,9900.035
13811,10157.127
13812,8344.486
13813,5867.4805
13814,8094.576
13815,7944.1816
13816,8090.6704
13817,8547.79
13818,9103.011
13819,8236.693
13820,5905.3853
13821,10608.545
13822,9467.335
13823,9592.229
13824,9799.619
13825,5248.5566
13826,4674.8833
13827,6497.1763
13828,5528.582
13829,5414.369
13830,5451.624
13831,5743.068
13832,4939.036
13833,4447.5117
13834,4217.439
13835,4232.936
13836,4355.1587
13837,4480.632
13838,4888.7476
13839,4945.5605
13840,4453.3867
13841,6192.2393
13842,5322.044
13843,5392.5415
13844,5479.1445
13845,5772.0586
13846,4960.9727
13847,4467.2656
13848,4285.942
13849,4283.273
13850,4383.4624
13851,4591.0737
13852,5716.948
13853,5538.1084
13854,5118.8784
13855,7634.729
13856,5594.894
13857,5645.9463
13858,5702.146
13859,5897.3076
13860,5019.233
13861,4447.257
13862,4297.954
13863,4254.419
13864,4377.2617
13865,4497.43
13866,4907.0757
13867,4964.1016
13868,4475.9883
13869,6081.4995
13870,5284.096
13871,5354.0913
13872,5465.2183
13873,8415.397
13874,6507.701
13875,12086.143
13876,10872.859
13877,10676.359
13878,10658.005
13879,10822.856
13880,8722.961
13881,6227.714
13882,9340.44
13883,9227.401
13884,9266.816
13885,9573.583
13886,9776.438
13887,8722.961
13888,6227.714
13889,11399.522
13890,10618.414
13891,10569.097
13892,10727.374
13893,10887.148
13894,8750.143
13895,6247.1206
13896,9263.202
13897,9126.7
13898,9384.15
13899,9702.857
13900,10637.988
13901,9330.513
13902,6684.947
13903,13965.054
13904,10889.828
13905,10711.374
13906,10909.851
13907,10868.992
13908,8862.812
13909,6754.5845
13910,9737.791
13911,9385.6455
13912,9373.791
13913,9622.191
13914,9842.275
13915,8748.323
13916,6460.118
13917,11237.555
13918,10595.976
13919,10549.056
13920,10728.397
13921,5474.991
13922,4364.337
13923,9740.28
13924,7922.3516
13925,7560.748
13926,7576.391
13927,7632.1445
13928,5081.957
13929,4101.4546
13930,6356.1636
13931,6407.6304
13932,6404.4473
13933,6542.024
13934,6779.2725
13935,5085.798
13936,4104.554
13937,8924.4375
13938,7528.84
13939,7428.6836
13940,7534.0625
13941,7659.002
13942,5101.0483
13943,4116.863
13944,6455.2646
13945,6445.6724
13946,6410.082
13947,6854.3633
13948,7737.5747
13949,5665.7617
13950,4387.4365
13951,11153.351
13952,8221.075
13953,7975.3237
13954,7855.925
13955,7823.159
13956,5338.0234
13957,4095.9727
13958,6557.424
13959,6481.7144
13960,6436.948
13961,6570.2583
13962,6808.5303
13963,5107.748
13964,4125.3857
13965,8776.396
13966,7485.891
13967,7386.3057
13968,7525.7026
13969,3971.7974
13970,4500.2065
13971,5699.759
13972,4674.794
13973,4579.007
13974,4574.462
13975,4792.1094
13976,3537.8613
13977,4084.911
13978,3741.9048
13979,3541.015
13980,3600.721
13981,3644.0317
13982,4033.1707
13983,3540.5352
13984,4131.218
13985,5362.6167
13986,4482.6025
13987,4514.765
13988,4557.7065
13989,4812.7417
13990,3551.153
13991,4143.6064
13992,3789.295
13993,3554.0574
13994,3626.3533
13995,3832.873
13996,4677.408
13997,3889.8992
13998,4364.141
13999,6218.525
14000,4783.797
14001,4798.522
14002,4766.434
14003,4897.2046
14004,3585.8853
14005,4022.332
14006,3868.186
14007,3602.0574
14008,3629.7415
14009,3670.6272
14010,4029.0254
14011,3518.2234
14012,4107.809
14013,5304.0835
14014,4482.748
14015,4492.341
14016,4556.029
14017,11576.36
14018,10739.434
14019,17743.732
14020,14954.437
14021,14661.536
14022,14754.427
14023,14868.396
14024,11487.535
14025,10408.071
14026,12780.526
14027,12621.321
14028,12585.561
14029,12752.947
14030,13013.877
14031,11502.709
14032,10531.985
14033,16788.21
14034,14746.591
14035,14674.141
14036,14849.689
14037,15014.918
14038,11537.197
14039,10563.564
14040,12251.036
14041,12090.408
14042,12271.337
14043,12757.729
14044,13308.66
14045,11781.915
14046,10821.05
14047,19911.846
14048,13461.018
14049,14895.222
14050,14888.958
14051,14777.818
14052,11835.017
14053,10690.533
14054,12960.12
14055,12567.196
14056,12588.825
14057,12737.583
14058,12930.5625
14059,11666.361
14060,10341.172
14061,16477.963
14062,14634.252
14063,14575.484
14064,14751.964
14065,17537.318
14066,19480.455
14067,22552.756
14068,19849.049
14069,19194.396
14070,19262.195
14071,19149.016
14072,17073.857
14073,18661.998
14074,17379.736
14075,16979.574
14076,16984.254
14077,17152.51
14078,17556.814
14079,17157.057
14080,18676.1
14081,21050.602
14082,19072.955
14083,19017.756
14084,19191.652
14085,19310.57
14086,17208.498
14087,18732.096
14088,17576.617
14089,17020.854
14090,17009.69
14091,17588.22
14092,18614.875
14093,18031.63
14094,19430.393
14095,23965.645
14096,20019.871
14097,19612.494
14098,19623.309
14099,19563.885
14100,17318.994
14101,19572.209
14102,17850.871
14103,17088.03
14104,17092.74
14105,17249.035
14106,17655.615
14107,17253.61
14108,18795.39
14109,20701.432
14110,18988.938
14111,18933.98
14112,19195.404
14113,6496.5317
14114,5561.4907
14115,10260.365
14116,8024.095
14117,7947.774
14118,7996.7124
14119,8242.808
14120,6150.6045
14121,5193.5513
14122,6442.9985
14123,6480.62
14124,6485.9194
14125,6819.397
14126,7230.177
14127,5913.479
14128,5252.423
14129,9515.304
14130,7770.427
14131,7816.558
14132,7955.897
14133,8294.101
14134,6173.7095
14135,5268.173
14136,6529.7183
14137,6519.35
14138,6593.738
14139,7099.1914
14140,8559.529
14141,7078.3193
14142,6090.4624
14143,11894.823
14144,8317.344
14145,8332.692
14146,8275.688
14147,8462.468
14148,6424.6562
14149,5186.611
14150,6633.378
14151,6565.566
14152,6518.834
14153,6848.8276
14154,7261.38
14155,6181.818
14156,5279.0786
14157,9357.463
14158,7806.15
14159,7813.241
14160,7989.2715
14161,7216.3286
14162,6765.378
14163,9378.835
14164,7926.834
14165,7943.454
14166,8033.1006
14167,8313.394
14168,6760.437
14169,6396.212
14170,6525.9946
14171,6607.349
14172,6857.1943
14173,7288.184
14174,7626.2793
14175,6769.367
14176,6404.661
14177,8914.68
14178,7851.43
14179,7923.591
14180,8109.9004
14181,8442.957
14182,6790.462
14183,6424.619
14184,6657.0073
14185,6725.841
14186,6964.6177
14187,7618.6167
14188,8445.905
14189,7493.2705
14190,6850.259
14191,11747.423
14192,8215.479
14193,8257.263
14194,8254.034
14195,8385.824
14196,6964.5244
14197,6395.8457
14198,6697.8457
14199,6696.823
14200,6891.9927
14201,7315.506
14202,7654.8687
14203,6794.744
14204,6437.163
14205,8766.8
14206,7805.7256
14207,7877.4663
14208,8099.951
14209,9207.989
14210,9486.633
14211,12926.851
14212,11211.786
14213,11176.096
14214,11184.306
14215,11416.147
14216,8951.393
14217,9478.203
14218,9170.801
14219,9005.248
14220,9167.461
14221,9448.797
14222,9813.228
14223,8963.217
14224,9490.724
14225,12324.505
14226,11084.06
14227,11159.543
14228,11264.253
14229,11533.347
14230,8991.146
14231,9520.297
14232,9017.633
14233,8857.065
14234,9121.357
14235,9762.332
14236,11084.716
14237,9933.679
14238,10701.959
14239,15751.839
14240,9644.592
14241,11360.362
14242,11459.532
14243,11619.234
14244,9214.843
14245,9431.914
14246,9195.519
14247,8960.866
14248,9151.465
14249,9476.667
14250,9851.687
14251,9102.672
14252,9501.274
14253,12149.802
14254,11038.97
14255,11092.044
14256,11235.347
14257,7809.5234
14258,6897.5234
14259,12762.158
14260,10728.019
14261,10331.747
14262,10275.418
14263,10446.28
14264,7505.7383
14265,6570.8286
14266,8753.999
14267,8643.612
14268,8601.283
14269,8701.107
14270,8973.268
14271,7511.41
14272,6645.309
14273,11844.717
14274,10350.586
14275,10227.04
14276,10259.182
14277,10490.021
14278,7533.933
14279,6665.235
14280,8773.943
14281,8618.562
14282,8580.422
14283,8923.586
14284,10138.65
14285,8282.574
14286,7267.6924
14287,14519.75
14288,11059.477
14289,10736.177
14290,10548.02
14291,10563.03
14292,7704.796
14293,6882.3496
14294,9030.414
14295,8757.231
14296,8652.702
14297,8746.514
14298,9011.992
14299,7543.827
14300,6679.032
14301,11648.238
14302,10291.542
14303,10168.701
14304,10247.798
14305,9729.064
14306,8238.948
14307,15287.3545
14308,12308.553
14309,11878.237
14310,11929.6455
14311,12039.789
14312,9480.039
14313,7899.5117
14314,10722.802
14315,10404.776
14316,10386.3545
14317,10499.74
14318,10759.62
14319,9487.203
14320,7905.4814
14321,14139.711
14322,11811.82
14323,11753.542
14324,11846.141
14325,12091.619
14326,9515.649
14327,7929.1855
14328,10509.248
14329,10107.841
14330,10166.538
14331,10654.174
14332,11843.621
14333,10157.534
14334,8341.018
14335,17121.373
14336,12541.034
14337,12199.418
14338,12109.728
14339,12133.011
14340,9764.156
14341,8301.825
14342,11068.815
14343,10523.843
14344,10452.699
14345,10558.83
14346,10822.649
14347,9528.1455
14348,7945.5986
14349,13975.0205
14350,11818.864
14351,11701.765
14352,11848.457
14353,3610.0068
14354,3866.4521
14355,7809.65
14356,6425.1587
14357,6240.415
14358,6276.865
14359,6307.9854
14360,3343.48
14361,3476.938
14362,5020.66
14363,5134.512
14364,5116.657
14365,5296.687
14366,5363.7217
14367,3343.48
14368,3476.938
14369,7419.0674
14370,6209.1606
14371,6163.0483
14372,6318.457
14373,6346.198
14374,3353.9006
14375,3487.7742
14376,5076.686
14377,5143.924
14378,5168.151
14379,5524.2964
14380,6008.269
14381,3592.0583
14382,3857.7207
14383,9672.274
14384,6519.431
14385,6413.115
14386,6522.7153
14387,6486.5073
14388,3382.0906
14389,3478.9917
14390,5236.57
14391,5233.11
14392,5185.567
14393,5328.3174
14394,5404.648
14395,3317.9436
14396,3501.469
14397,7309.933
14398,6184.808
14399,6140.212
14400,6314.107
14401,4095.1797
14402,3982.211
14403,9529.245
14404,7081.547
14405,6750.759
14406,6803.9795
14407,6892.374
14408,3849.5745
14409,3817.7368
14410,5981.0747
14411,5892.427
14412,5884.019
14413,5986.6167
14414,6141.6704
14415,3852.484
14416,3861.0156
14417,8757.231
14418,6808.7314
14419,6710.641
14420,6811.5703
14421,6939.923
14422,3864.0369
14423,3872.5942
14424,6080.4614
14425,5935.943
14426,5901.584
14427,6069.7065
14428,6924.748
14429,4118.1904
14430,3974.5564
14431,11577.851
14432,7365.7627
14433,7137.5864
14434,7050.2017
14435,7036.403
14436,3965.721
14437,3799.8608
14438,6182.242
14439,5986.006
14440,5919.196
14441,6017.859
14442,6168.177
14443,3869.1123
14444,3880.6113
14445,8611.963
14446,6769.89
14447,6672.3594
14448,6804.0117
14449,6006.6587
14450,4724.802
14451,8193.7705
14452,6723.4805
14453,6612.86
14454,6735.1494
14455,6903.9937
14456,5541.649
14457,4413.2803
14458,5285.2812
14459,5226.2007
14460,5330.905
14461,5682.4526
14462,6004.6367
14463,5545.837
14464,4416.6157
14465,7667.4077
14466,6483.4146
14467,6495.8936
14468,6696.491
14469,6927.2256
14470,5562.467
14471,4429.86
14472,5385.9307
14473,5285.785
14474,5342.2256
14475,5945.0654
14476,6825.3057
14477,6082.2944
14478,4772.6943
14479,9661.386
14480,6898.675
14481,6883.84
14482,6966.1387
14483,7063.387
14484,5786.1206
14485,4407.382
14486,5454.3755
14487,5307.277
14488,5357.9585
14489,5706.9775
14490,6030.552
14491,5569.7725
14492,4439.0303
14493,7540.2163
14494,6446.4287
14495,6458.8364
14496,6689.0605
14497,8428.507
14498,6317.2695
14499,11379.177
14500,9452.988
14501,9418.25
14502,9395.04
14503,9694.985
14504,8072.156
14505,6253.4463
14506,7962.053
14507,7828.2793
14508,7867.1646
14509,8259.973
14510,8747.731
14511,8078.256
14512,6324.3296
14513,10520.812
14514,9217.585
14515,9289.923
14516,9360.632
14517,9736.723
14518,8102.478
14519,6343.2935
14520,8067.6455
14521,7877.451
14522,8045.2305
14523,8613.614
14524,9848.37
14525,9158.433
14526,6948.6196
14527,12726.617
14528,9710.699
14529,9747.102
14530,9628.948
14531,9866.007
14532,8326.693
14533,6205.046
14534,8238.563
14535,8000.0156
14536,7936.1387
14537,8326.099
14538,8811.859
14539,8088.194
14540,6336.8955
14541,10389.02
14542,9236.585
14543,9262.54
14544,9376.17
14545,2641.8733
14546,2747.991
14547,5417.975
14548,4347.2437
14549,4135.299
14550,4103.7866
14551,4229.8
14552,2327.234
14553,2466.8364
14554,3332.4338
14555,3251.686
14556,3240.0713
14557,3258.9216
14558,3368.342
14559,2328.9944
14560,2494.8064
14561,5014.041
14562,4100.265
14563,4059.1926
14564,4079.7239
14565,4215.1504
14566,2335.9797
14567,2502.289
14568,3401.618
14569,3278.817
14570,3257.2993
14571,3423.0894
14572,3833.8127
14573,2551.8276
14574,2896.976
14575,5898.5337
14576,4476.206
14577,4356.854
14578,4293.8887
14579,4355.391
14580,2408.5095
14581,2463.539
14582,3449.1616
14583,3295.6914
14584,3256.5164
14585,3272.9888
14586,3382.881
14587,2339.0474
14588,2507.4702
14589,4938.6167
14590,4083.2864
14591,4042.384
14592,4081.608
14593,4336.2354
14594,3350.498
14595,8406.421
14596,6764.565
14597,6582.8667
14598,6653.1606
14599,6718.9927
14600,4135.07
14601,3045.915
14602,5522.726
14603,5519.161
14604,5517.429
14605,5739.4805
14606,5840.6724
14607,4135.07
14608,3045.915
14609,8071.44
14610,6552.9033
14611,6504.2075
14612,6697.245
14613,6759.6953
14614,4147.9565
14615,3055.4084
14616,5584.3535
14617,5529.278
14618,5540.4546
14619,5969.892
14620,6586.993
14621,4434.684
14622,3200.3845
14623,10686.944
14624,6920.76
14625,6807.8677
14626,6904.883
14627,6876.2275
14628,4225.3477
14629,3171.3872
14630,5745.3193
14631,5610.59
14632,5577.268
14633,5770.578
14634,5881.999
14635,4147.094
14636,3191.8777
14637,7961.643
14638,6534.534
14639,6487.386
14640,6700.1523
14641,6122.6025
14642,5253.44
14643,8077.339
14644,6640.601
14645,6505.647
14646,6636.6626
14647,6871.861
14648,5774.6636
14649,5000.4194
14650,5260.5054
14651,5305.652
14652,5439.335
14653,5824.0054
14654,6121.96
14655,5782.292
14656,5007.025
14657,7622.7817
14658,6421.8867
14659,6459.9146
14660,6670.164
14661,6906.5493
14662,5800.311
14663,5022.629
14664,5345.947
14665,5376.158
14666,5487.759
14667,6142.9536
14668,7066.096
14669,6448.852
14670,5344.356
14671,9848.671
14672,6732.028
14673,6744.3486
14674,6870.478
14675,6998.9595
14676,5913.479
14677,5000.1333
14678,5361.5527
14679,5333.1987
14680,5492.2046
14681,5846.5195
14682,6182.3013
14683,5803.969
14684,5032.4355
14685,7497.2026
14686,6385.2456
14687,6423.0566
14688,6662.7563
14689,4789.692
14690,4651.1357
14691,8435.931
14692,6630.2344
14693,6399.0493
14694,6457.112
14695,6669.4385
14696,4498.949
14697,4390.1533
14698,5403.2407
14699,5507.0767
14700,5477.9946
14701,5607.4976
14702,5878.886
14703,4478.636
14704,4442.4277
14705,7655.1973
14706,6427.972
14707,6373.04
14708,6493.3726
14709,6703.1055
14710,4518.9316
14711,4456.2725
14712,5470.1157
14713,5554.7944
14714,5549.859
14715,5852.7407
14716,6832.053
14717,4940.327
14718,5004.232
14719,9722.2
14720,6742.985
14721,6624.103
14722,6641.0317
14723,6735.927
14724,4574.7324
14725,4389.9023
14726,5709.9995
14727,5535.0244
14728,5505.795
14729,5628.5195
14730,5900.926
14731,4521.7817
14732,4464.9736
14733,7528.208
14734,6398.665
14735,6343.9834
14736,6493.6387
14737,5180.0303
14738,4371.641
14739,10306.237
14740,8184.4287
14741,7839.0015
14742,7866.3916
14743,7922.873
14744,4840.4805
14745,4166.2056
14746,6576.0825
14747,6562.9927
14748,6572.991
14749,6761.8813
14750,6996.323
14751,4844.1387
14752,4029.5828
14753,9360.524
14754,7746.1924
14755,7673.0044
14756,7832.5737
14757,7961.051
14758,4858.6646
14759,4041.6667
14760,6671.5444
14761,6610.5073
14762,6646.1646
14763,7070.917
14764,8236.025
14765,5517.2607
14766,4578.9893
14767,11720.697
14768,8549.592
14769,8302.475
14770,8231.486
14771,8159.3545
14772,5084.3813
14773,4160.6377
14774,6802.7856
14775,6653.4463
14776,6612.2856
14777,6797.1685
14778,7026.517
14779,4865.046
14780,4234.818
14781,9205.25
14782,7702.0034
14783,7629.2334
14784,7823.883
14785,3926.449
14786,3090.7463
14787,8160.4287
14788,6248.3423
14789,6013.056
14790,5999.9307
14791,6127.633
14792,3612.0186
14793,2874.4446
14794,4857.4043
14795,4889.3535
14796,4866.861
14797,4929.4395
14798,5052.165
14799,3616.7905
14800,2878.245
14801,7463.64
14802,6010.602
14803,5975.27
14804,6033.624
14805,6158.565
14806,3628.0625
14807,2887.216
14808,4917.5244
14809,4931.72
14810,4913.347
14811,5193.8984
14812,5952.55
14813,4022.969
14814,3293.0955
14815,9990.708
14816,5680.036
14817,6101.877
14818,6152.1772
14819,6174.0806
14820,3755.146
14821,2783.5854
14822,5097.201
14823,4879.723
14824,4884.1934
14825,4946.2305
14826,5061.0303
14827,3676.8582
14828,2804.0632
14829,7318.4653
14830,5958.2188
14831,5921.9062
14832,6016.9175
14833,2577.466
14834,3032.8528
14835,6720.6655
14836,5132.6855
14837,4912.3584
14838,4892.6104
14839,4974.454
14840,2318.71
14841,2744.411
14842,3934.0823
14843,3889.3723
14844,3850.3494
14845,3897.324
14846,4020.7861
14847,2321.7761
14848,2748.0393
14849,6254.6094
14850,4908.3955
14851,4867.7754
14852,4920.659
14853,5019.6064
14854,2329.0132
14855,2756.6047
14856,3983.2405
14857,3918.1204
14858,3904.5579
14859,4125.0903
14860,4705.489
14861,2527.454
14862,3007.4006
14863,7935.3286
14864,5220.6357
14865,5129.989
14866,5101.7393
14867,5130.429
14868,2356.9531
14869,2744.2537
14870,4046.8633
14871,3909.567
14872,3869.891
14873,3911.9358
14874,4035.8608
14875,2330.4802
14876,2761.988
14877,6150.851
14878,4879.821
14879,4839.437
14880,4914.622
14881,8363.961
14882,6108.183
14883,9982.316
14884,8474.269
14885,8611.972
14886,8633.684
14887,8988.274
14888,8266.443
14889,5876.7896
14890,7227.053
14891,7200.673
14892,7319.631
14893,7981.6626
14894,8407.431
14895,8266.443
14896,5876.7896
14897,9477.797
14898,8348.181
14899,8484.944
14900,8684.973
14901,9041.67
14902,8292.202
14903,5895.103
14904,7339.079
14905,7250.383
14906,7459.9106
14907,8296.554
14908,9514.551
14909,9303.161
14910,6635.3843
14911,11300.688
14912,8769.066
14913,8862.659
14914,8831.076
14915,9025.386
14916,8373.403
14917,5878.157
14918,7529.3643
14919,7389.4697
14920,7542.6978
14921,8018.204
14922,8547.301
14923,8192.574
14924,5916.131
14925,9415.709
14926,8373.819
14927,8497.757
14928,8681.486
14929,3457.9348
14930,4147.557
14931,5974.4893
14932,5162.736
14933,4995.3423
14934,4932.581
14935,5092.521
14936,3167.9583
14937,3717.232
14938,3910.921
14939,3941.941
14940,3949.5327
14941,3997.1184
14942,4267.6123
14943,3149.4924
14944,3756.5325
14945,5660.4463
14946,4940.0586
14947,4917.623
14948,4964.689
14949,5122.776
14950,3177.8318
14951,3768.24
14952,3954.1055
14953,3948.7078
14954,3990.2837
14955,4205.6157
14956,5066.725
14957,3513.367
14958,4085.3943
14959,6543.4346
14960,5248.181
14961,5167.4653
14962,5180.485
14963,5266.711
14964,3234.469
14965,3780.7375
14966,4066.0637
14967,4004.7856
14968,3990.3828
14969,4024.1934
14970,4311.4634
14971,3195.5857
14972,3845.394
14973,5589.7783
14974,4935.4614
14975,4904.497
14976,4968.91
14977,5467.7266
14978,5995.6626
14979,7756.3726
14980,6313.4927
14981,6188.2246
14982,6244.2554
14983,6377.6797
14984,5077.7563
14985,5415.8774
14986,4757.168
14987,4794.1484
14988,4870.5205
14989,5262.031
14990,5449.711
14991,5077.7563
14992,5473.1323
14993,7385.841
14994,6100.579
14995,6096.5015
14996,6281.3516
14997,6415.5684
14998,5093.58
14999,5490.188
15000,4828.0576
15001,4856.3203
15002,4912.3066
15003,5587.6035
15004,6274.6206
15005,5698.791
15006,6158.512
15007,9703.062
15008,6415.4155
15009,6404.936
15010,6545.732
15011,6605.9565
15012,5138.7847
15013,5417.1377
15014,4931.9365
15015,4889.405
15016,4984.975
15017,5284.595
15018,5494.5366
15019,5032.378
15020,5509.772
15021,7264.22
15022,6069.996
15023,6084.83
15024,6267.2515
15025,6160.9033
15026,5473.5444
15027,9170.1455
15028,6685.9604
15029,6604.999
15030,6707.096
15031,7044.8643
15032,5795.8257
15033,5196.51
15034,5520.072
15035,5451.1562
15036,5588.5044
15037,5834.514
15038,6304.472
15039,5803.482
15040,5203.3745
15041,8457.255
15042,6538.1626
15043,6591.537
15044,6740.9526
15045,7080.426
15046,5821.5674
15047,5219.59
15048,5614.139
15049,5527.9385
15050,5668.7456
15051,6072.573
15052,7299.754
15053,6339.2227
15054,5491.8643
15055,11312.216
15056,6873.7095
15057,6901.6367
15058,6910.1865
15059,7161.5425
15060,5917.389
15061,5225.1294
15062,5662.7305
15063,5522.3364
15064,5664.7944
15065,5879.873
15066,6373.156
15067,5866.708
15068,5258.885
15069,8339.419
15070,6526.169
15071,6579.4453
15072,6759.6826
15073,5198.1904
15074,5072.238
15075,8659.984
15076,6753.515
15077,6651.866
15078,6740.6826
15079,6937.514
15080,4770.2773
15081,4677.4395
15082,5464.9004
15083,5447.85
15084,5593.8213
15085,5832.0605
15086,6071.3394
15087,4776.579
15088,4683.618
15089,8253.688
15090,6610.4946
15091,6628.1226
15092,6798.3164
15093,7018.493
15094,4791.465
15095,4828.9697
15096,5559.915
15097,5536.7246
15098,5663.5625
15099,6028.625
15100,6806.556
15101,5281.078
15102,5153.3286
15103,11458.593
15104,5975.1616
15105,6750.6426
15106,6934.504
15107,7059.9727
15108,5073.205
15109,4665.5015
15110,5469.6304
15111,5404.045
15112,5580.6313
15113,5853.338
15114,6099.3804
15115,4862.2715
15116,4699.8145
15117,8093.202
15118,6548.417
15119,6552.822
15120,6785.593
15121,9692.858
15122,8030.1357
15123,12246.503
15124,10810.724
15125,10821.339
15126,10844.017
15127,11154.436
15128,9455.278
15129,8111.2773
15130,9139.253
15131,8928.712
15132,9049.685
15133,9422.725
15134,9941.858
15135,9462.424
15136,8117.4067
15137,11597.435
15138,10556.756
15139,10689.33
15140,10804.302
15141,11202.455
15142,9490.796
15143,8141.7466
15144,9152.119
15145,8874.23
15146,9047.467
15147,9855.464
15148,11446.763
15149,10553.403
15150,8698.941
15151,14321.155
15152,11012.68
15153,11105.626
15154,11048.733
15155,11334.81
15156,9669.636
15157,8043.021
15158,9456.56
15159,9103.0625
15160,9107.492
15161,9475.754
15162,10000.098
15163,9467.614
15164,8127.9976
15165,11462.353
15166,10563.051
15167,10642.24
15168,10806.414
15169,9749.5
15170,7342.4473
15171,12378.246
15172,10427.994
15173,10440.802
15174,10584.895
15175,11151.34
15176,9532.973
15177,7410.206
15178,8737.542
15179,8597.084
15180,8768.773
15181,9342.48
15182,9880.255
15183,9086.01
15184,7419.9946
15185,11833.256
15186,10253.547
15187,10403.596
15188,10638.323
15189,11207.627
15190,9575.309
15191,7443.116
15192,8785.952
15193,8619.598
15194,8854.7
15195,9848.699
15196,11427.88
15197,10661.716
15198,8450.828
15199,15231.76
15200,10565.298
15201,10676.309
15202,10799.861
15203,11232.411
15204,9629.903
15205,7409.782
15206,8939.201
15207,8674.55
15208,8813.271
15209,9377.503
15210,9917.292
15211,9581.348
15212,7457.6484
15213,11636.968
15214,10207.53
15215,10356.905
15216,10639.5205
15217,6611.05
15218,5465.062
15219,10255.855
15220,8785.467
15221,8448.749
15222,8385.36
15223,8355.135
15224,6259.82
15225,5067.049
15226,7590.3003
15227,7509.476
15228,7509.512
15229,7682.8467
15230,7817.0503
15231,4407.054
15232,5070.8784
15233,9349.425
15234,8363.092
15235,8309.264
15236,8342.561
15237,8407.126
15238,6283.335
15239,5086.084
15240,7673.751
15241,7510.056
15242,7547.685
15243,7906.582
15244,8768.163
15245,6889.627
15246,5762.861
15247,11692.673
15248,9086.997
15249,8851.18
15250,8666.875
15251,8573.747
15252,6538.7363
15253,5060.2773
15254,7813.055
15255,7547.584
15256,7547.62
15257,7716.0034
15258,7850.786
15259,6291.587
15260,5096.613
15261,9194.334
15262,8385.304
15263,8289.6875
15264,8361.369
15265,7017.797
15266,5713.1484
15267,9385.726
15268,7221.9336
15269,7154.067
15270,7332.8237
15271,7611.027
15272,6619.227
15273,5438.183
15274,5927.139
15275,5866.831
15276,6041.2603
15277,6436.3525
15278,6857.2993
15279,6627.9707
15280,5445.3667
15281,8742.435
15282,7032.25
15283,7122.251
15284,7369.839
15285,7649.446
15286,6648.625
15287,5462.3364
15288,6023.4062
15289,5944.793
15290,6114.642
15291,6833.6826
15292,7843.5264
15293,7429.0874
15294,6331.1074
15295,10898.036
15296,7414.37
15297,7478.7188
15298,7587.13
15299,7820.1226
15300,6809.121
15301,5468.1333
15302,6083.2227
15303,5946.279
15304,6126.6567
15305,6489.49
15306,6972.1216
15307,6703.3804
15308,5503.4585
15309,8624.745
15310,7022.705
15311,7112.584
15312,7393.848
15313,6438.2744
15314,5421.992
15315,9041.015
15316,6910.7534
15317,6836.936
15318,6926.8555
15319,7091.219
15320,6081.0063
15321,5184.8647
15322,5688.592
15323,5612.3237
15324,5717.5044
15325,5953.032
15326,6299.8677
15327,6085.602
15328,5188.783
15329,8320.47
15330,6686.0117
15331,6747.54
15332,6901.4854
15333,7121.7485
15334,6103.85
15335,5204.3423
15336,5760.6294
15337,5640.7734
15338,5748.0713
15339,6181.5757
15340,7052.5693
15341,6679.835
15342,5328.327
15343,10345.957
15344,7133.516
15345,7169.881
15346,7153.76
15347,7347.0566
15348,6286.818
15349,5160.5894
15350,5902.0005
15351,5737.3735
15352,5769.5654
15353,6002.701
15354,6353.8843
15355,6111.8667
15356,5215.1157
15357,8245.757
15358,6708.062
15359,6735.952
15360,6921.473
15361,10226.435
15362,8471.528
15363,15319.012
15364,12328.69
15365,11897.671
15366,11964.524
15367,12104.912
15368,9936.588
15369,8099.6113
15370,10820.688
15371,10484.45
15372,10488.681
15373,10724.592
15374,11086.322
15375,9944.097
15376,8105.7324
15377,14024.437
15378,11805.435
15379,11772.771
15380,11880.775
15381,12157.022
15382,9973.913
15383,8130.0366
15384,10811.672
15385,10383.552
15386,10453.915
15387,11080.772
15388,12328.8545
15389,10756.307
15390,8640.34
15391,16981.793
15392,12561.552
15393,12219.377
15394,12145.133
15395,12198.638
15396,10234.388
15397,8512.114
15398,11194.188
15399,10604.428
15400,10555.679
15401,10784.946
15402,11151.266
15403,9987.012
15404,8146.8657
15405,13861.088
15406,11812.475
15407,11720.91
15408,11883.099
15409,5177.5107
15410,4928.767
15411,9423.3
15412,7735.7007
15413,7431.738
15414,7479.953
15415,7589.2
15416,4833.8687
15417,4643.9185
15418,6335.3843
15419,6443.2075
15420,6456.564
15421,6628.0845
15422,6770.071
15423,4840.254
15424,4650.053
15425,8854.228
15426,7451.0503
15427,7397.2905
15428,7535.3057
15429,7649.278
15430,4855.3384
15431,4664.545
15432,6423.706
15433,6517.5845
15434,6545.07
15435,6895.4976
15436,7688.0
15437,5324.446
15438,4957.8506
15439,12275.059
15440,7951.732
15441,7822.025
15442,7777.916
15443,7763.8926
15444,4979.804
15445,4643.653
15446,6533.3315
15447,6494.388
15448,6489.329
15449,6652.932
15450,6795.4507
15451,4858.4004
15452,4673.653
15453,8707.351
15454,7407.6763
15455,7354.229
15456,7526.0615
15457,3460.5386
15458,4386.4614
15459,7761.7974
15460,6383.285
15461,6203.495
15462,6236.4995
15463,6299.615
15464,3280.6816
15465,3959.329
15466,4995.052
15467,5106.321
15468,5099.38
15469,5285.4526
15470,5365.3027
15471,3280.6816
15472,3959.329
15473,7343.5537
15474,6158.0244
15475,6120.4946
15476,6282.7354
15477,6342.737
15478,3290.9065
15479,3971.6685
15480,5042.8633
15481,5119.684
15482,5150.6997
15483,5512.579
15484,6031.57
15485,3534.4712
15486,4398.91
15487,9624.403
15488,6519.5117
15489,6421.801
15490,6517.827
15491,6497.3374
15492,3324.4705
15493,3961.6677
15494,5211.8286
15495,5218.6094
15496,5178.138
15497,5327.387
15498,5411.9214
15499,3255.6248
15500,3987.2627
15501,7243.1323
15502,6140.3174
15503,6104.2227
15504,6285.0073
15505,5474.719
15506,5309.839
15507,7543.7983
15508,5954.651
15509,5831.159
15510,5818.5806
15511,6005.794
15512,5009.012
15513,4911.5195
15514,4444.4663
15515,4462.2783
15516,4541.441
15517,4707.8687
15518,5148.366
15519,3889.877
15520,4918.008
15521,6907.992
15522,5769.384
15523,5791.2446
15524,5847.9526
15525,6036.111
15526,5031.26
15527,4933.334
15528,4516.6562
15529,4521.579
15530,4584.155
15531,4997.0815
15532,6030.966
15533,5651.281
15534,5572.8066
15535,8667.537
15536,5993.7817
15537,5992.021
15538,6031.4604
15539,6150.053
15540,5104.767
15541,4911.2383
15542,4653.621
15543,4484.925
15544,4564.4893
15545,4725.5186
15546,5167.6675
15547,5034.433
15548,4942.967
15549,6793.3965
15550,5736.465
15551,5758.201
15552,5841.458
15553,10550.988
15554,8636.336
15555,13749.356
15556,11683.108
15557,11807.281
15558,11943.831
15559,12482.157
15560,10472.417
15561,8847.626
15562,9737.791
15563,9663.468
15564,9845.064
15565,10183.677
15566,10727.169
15567,10486.25
15568,8859.3125
15569,13173.46
15570,11660.243
15571,11825.076
15572,12004.118
15573,12545.161
15574,10518.925
15575,8886.919
15576,9599.056
15577,9493.385
15578,9772.719
15579,10456.817
15580,11872.846
15581,11328.498
15582,9593.555
15583,16358.769
15584,10520.992
15585,11985.791
15586,12065.6875
15587,12518.149
15588,10805.889
15589,8825.048
15590,9809.793
15591,9638.201
15592,9904.701
15593,10271.4
15594,10884.573
15595,10674.354
15596,8889.945
15597,12858.863
15598,11550.916
15599,11732.464
15600,12031.615
15601,3706.001
15602,3837.263
15603,6011.2783
15604,4747.852
15605,4526.8525
15606,4514.9116
15607,4665.5903
15608,3366.0356
15609,3525.8333
15610,4116.0894
15611,3873.795
15612,3862.0876
15613,3884.3372
15614,4131.084
15615,3368.5798
15616,3528.4983
15617,5584.497
15618,4495.3286
15619,4475.9883
15620,4498.374
15621,4685.678
15622,3378.6821
15623,3539.0798
15624,4158.8877
15625,3866.4631
15626,3840.4783
15627,4018.6235
15628,4729.5454
15629,3643.4617
15630,3743.34
15631,6480.5396
15632,4892.251
15633,4765.352
15634,4687.9854
15635,4751.4673
15636,3438.442
15637,3509.324
15638,4246.4316
15639,3913.4736
15640,3882.1406
15641,3901.557
15642,4115.1
15643,3383.1199
15644,3546.4067
15645,5520.0874
15646,4492.662
15647,4450.97
15648,4493.9053
15649,7674.988
15650,7792.663
15651,9038.022
15652,7750.471
15653,7692.144
15654,7778.9546
15655,8063.1685
15656,7198.0635
15657,7375.584
15658,6343.9106
15659,6422.9956
15660,6623.901
15661,7019.6177
15662,7478.134
15663,7207.572
15664,7385.3267
15665,8578.598
15666,7587.5425
15667,7649.4824
15668,7829.347
15669,8163.8306
15670,7230.0317
15671,7408.3403
15672,6451.51
15673,6521.465
15674,6731.02
15675,7316.2944
15676,8167.7637
15677,7894.9473
15678,7816.588
15679,10676.176
15680,7980.2773
15681,8012.6997
15682,8005.58
15683,8182.61
15684,7415.3604
15685,7375.162
15686,6491.0874
15687,6490.0967
15688,6657.515
15689,7045.933
15690,7506.168
15691,7234.5913
15692,7422.8047
15693,8436.292
15694,7543.374
15695,7604.953
15696,7819.742
15697,2905.9417
15698,2970.529
15699,4383.446
15700,3756.8516
15701,3682.9944
15702,3684.1926
15703,3822.7183
15704,2660.8938
15705,2798.228
15706,2910.9846
15707,2905.3374
15708,2939.752
15709,3000.331
15710,3121.2063
15711,2662.9065
15712,2800.3445
15713,4162.3804
15714,3635.7852
15715,3620.4392
15716,3667.8865
15717,3810.0493
15718,2670.893
15719,2808.7432
15720,2966.9888
15721,2934.9644
15722,2955.3853
15723,3144.4219
15724,3495.9854
15725,2931.6511
15726,3146.5945
15727,4866.1875
15728,3880.4856
15729,3848.3884
15730,3813.9802
15731,3896.3945
15732,2744.5916
15733,2785.126
15734,3004.7107
15735,2950.9734
15736,2954.6733
15737,3013.2822
15738,3134.679
15739,2674.4004
15740,2814.5586
15741,4099.7646
15742,3620.7292
15743,3605.4468
15744,3669.5803
15745,3822.9153
15746,4093.438
15747,7036.685
15748,5440.6787
15749,5153.3584
15750,5125.6255
15751,5137.706
15752,3439.1309
15753,3759.3252
15754,4343.1274
15755,4266.1553
15756,4223.071
15757,4253.717
15758,4395.932
15759,3441.7302
15760,3762.1665
15761,6417.772
15762,5146.82
15763,5078.371
15764,5107.446
15765,5110.57
15766,3452.0518
15767,3773.4487
15768,4410.8477
15769,4279.973
15770,4227.2666
15771,4378.356
15772,4991.165
15773,3807.3535
15774,4323.4316
15775,7866.572
15776,5591.981
15777,5424.8374
15778,5340.6104
15779,5316.1533
15780,3504.8342
15781,3741.7227
15782,4480.657
15783,4309.8516
15784,4244.504
15785,4272.076
15786,4414.9053
15787,3456.586
15788,3781.2607
15789,6311.307
15790,5117.4575
15791,5049.3994
15792,5101.7783
15793,6948.699
15794,5416.642
15795,11303.07
15796,9367.214
15797,9171.93
15798,9181.715
15799,9295.223
15800,6759.212
15801,5142.6973
15802,7731.4004
15803,7717.5415
15804,7684.283
15805,7818.885
15806,7875.678
15807,4863.858
15808,5149.491
15809,10720.92
15810,9242.525
15811,9173.53
15812,9250.903
15813,9359.9795
15814,6789.2314
15815,5165.5386
15816,7831.715
15817,7774.0444
15818,7923.16
15819,8188.848
15820,8883.156
15821,7619.3
15822,6090.6772
15823,13316.71
15824,9582.828
15825,9417.505
15826,9360.676
15827,9300.136
15828,6863.7446
15829,5142.4033
15830,7957.6953
15831,7756.7056
15832,7723.278
15833,7848.196
15834,7905.202
15835,6793.513
15836,5175.6245
15837,10543.081
15838,9212.47
15839,9143.699
15840,9263.432
15841,7109.342
15842,5964.7866
15843,9365.239
15844,7207.764
15845,7181.194
15846,7283.341
15847,7602.9805
15848,6758.767
15849,5698.356
15850,5927.2354
15851,5890.629
15852,6033.722
15853,6426.0654
15854,6885.567
15855,6651.574
15856,5705.884
15857,8836.907
15858,7082.7627
15859,7144.8335
15860,7334.083
15861,7655.949
15862,6788.7847
15863,5723.6646
15864,6023.504
15865,5968.9067
15866,6140.212
15867,6858.4897
15868,8024.7764
15869,7767.611
15870,6678.535
15871,11045.678
15872,6747.2373
15873,7260.9507
15874,7492.2485
15875,7614.236
15876,7051.863
15877,5635.584
15878,5957.065
15879,5853.8013
15880,5951.426
15881,6457.7896
15882,6879.9736
15883,6830.646
15884,5677.03
15885,8684.774
15886,7069.2983
15887,7109.1113
15888,7375.0493
15889,5713.737
15890,3620.0974
15891,7349.685
15892,5950.966
15893,5896.1997
15894,5995.8804
15895,6342.2163
15896,5309.773
15897,3274.647
15898,4690.875
15899,4785.235
15900,4880.4727
15901,5155.979
15902,5682.8105
15903,4226.198
15904,3278.9734
15905,6730.237
15906,5803.4766
15907,5855.84
15908,6026.1475
15909,6374.2314
15910,5333.3564
15911,3289.1929
15912,4767.066
15913,4841.0854
15914,4918.51
15915,5392.8657
15916,6781.989
15917,6037.412
15918,3809.359
15919,8495.925
15920,5980.51
15921,6009.9253
15922,6174.911
15923,6428.579
15924,5411.2764
15925,3274.4597
15926,4911.6226
15927,4809.52
15928,4905.241
15929,5175.3086
15930,5704.115
15931,5336.7197
15932,3295.616
15933,6618.5894
15934,5770.3633
15935,5822.4277
15936,6019.4546
15937,8836.283
15938,6547.6675
15939,12043.199
15940,9873.566
15941,9884.883
15942,9878.267
15943,10259.211
15944,8471.052
15945,6440.762
15946,8330.753
15947,8167.0312
15948,8279.044
15949,8749.483
15950,9352.358
15951,7399.04
15952,6445.6294
15953,11224.851
15954,9595.44
15955,9717.537
15956,9809.119
15957,10303.377
15958,8502.872
15959,6464.957
15960,8441.234
15961,8200.173
15962,8438.683
15963,9081.98
15964,10559.807
15965,9627.855
15966,7007.0884
15967,13264.119
15968,10126.551
15969,10213.695
15970,10124.204
15971,10475.274
15972,8794.555
15973,6432.155
15974,8576.903
15975,8274.079
15976,8321.057
15977,8787.243
15978,9392.72
15979,8514.039
15980,6478.3394
15981,11038.653
15982,9607.702
15983,9681.319
15984,9817.721
15985,9438.097
15986,7812.034
15987,11874.612
15988,10286.675
15989,10287.185
15990,10352.273
15991,10689.891
15992,9150.836
15993,7843.04
15994,8920.4375
15995,8598.544
15996,8718.304
15997,9220.944
15998,9729.194
15999,9157.751
16000,7848.967
16001,11333.274
16002,10108.67
16003,10174.968
16004,10327.836
16005,10726.259
16006,9185.21
16007,7872.5015
16008,8974.902
16009,8597.388
16010,8750.26
16011,9596.749
16012,11146.544
16013,10355.009
16014,8551.68
16015,13960.899
16016,10635.179
16017,10661.391
16018,10578.345
16019,10791.213
16020,9393.526
16021,7806.3213
16022,9230.147
16023,8766.449
16024,8762.545
16025,9260.737
16026,9771.181
16027,9197.272
16028,7888.7974
16029,11145.279
16030,10051.007
16031,10116.927
16032,10316.376
16033,10176.793
16034,10409.144
16035,16058.537
16036,12974.652
16037,12554.449
16038,12615.761
16039,12652.621
16040,9838.56
16041,9974.56
16042,11675.01
16043,11064.056
16044,10997.155
16045,11098.309
16046,11351.188
16047,9845.994
16048,9982.098
16049,14909.292
16050,12498.228
16051,12422.656
16052,12527.454
16053,12707.09
16054,9875.516
16055,10012.027
16056,11442.495
16057,10748.308
16058,10814.9
16059,11425.744
16060,12342.291
16061,10623.915
16062,10701.091
16063,17856.49
16064,13241.948
16065,12866.838
16066,12779.308
16067,12796.2
16068,10133.431
16069,10482.54
16070,12043.647
16071,11209.487
16072,11086.016
16073,11179.539
16074,11366.302
16075,9888.484
16076,10032.751
16077,14712.51
16078,12515.464
16079,12377.608
16080,12539.706
16081,3802.5225
16082,2715.56
16083,8903.132
16084,7474.782
16085,7128.7075
16086,7138.131
16087,7164.289
16088,3371.351
16089,2316.5166
16090,5727.9736
16091,5801.6387
16092,5771.5083
16093,5898.939
16094,6044.511
16095,3373.8992
16096,2318.2688
16097,8222.588
16098,7036.886
16099,6978.156
16100,7088.1626
16101,7195.133
16102,3384.0173
16103,2325.2222
16104,5787.5283
16105,5801.108
16106,5732.6743
16107,6013.664
16108,6702.2485
16109,3547.6755
16110,2482.234
16111,10699.101
16112,7556.898
16113,7330.9985
16114,7389.773
16115,7274.4473
16116,3586.9495
16117,2313.42
16118,5908.6587
16119,5860.377
16120,5800.798
16121,5924.398
16122,6020.425
16123,3388.4622
16124,2330.0366
16125,8126.8115
16126,7031.8945
16127,6938.3477
16128,7080.2974
16129,9375.785
16130,7394.885
16131,12538.044
16132,10957.601
16133,10691.542
16134,10728.561
16135,11109.005
16136,9200.3
16137,7103.5396
16138,9240.938
16139,9144.825
16140,9140.482
16141,9449.392
16142,9800.871
16143,9212.452
16144,7112.9233
16145,11867.57
16146,10660.141
16147,10647.987
16148,10777.193
16149,11165.079
16150,9241.158
16151,7135.0884
16152,9276.367
16153,9131.629
16154,9251.715
16155,10005.183
16156,11352.986
16157,10283.064
16158,8078.14
16159,15058.529
16160,11054.868
16161,10909.621
16162,10940.684
16163,11122.247
16164,9293.857
16165,7474.8823
16166,9542.396
16167,9191.23
16168,9186.866
16169,9484.814
16170,9837.611
16171,9246.986
16172,7149.019
16173,11670.713
16174,10620.603
16175,10608.494
16176,10786.839
16177,2306.7175
16178,2591.894
16179,4312.023
16180,3280.228
16181,3139.62
16182,3122.1443
16183,3125.0378
16184,2116.388
16185,2423.35
16186,2693.88
16187,2576.9436
16188,2560.981
16189,2580.1897
16190,2616.559
16191,2117.9888
16192,2425.183
16193,4053.8489
16194,3142.9524
16195,3103.3445
16196,3108.3252
16197,3105.7878
16198,2124.3416
16199,2432.4568
16200,2739.5608
16201,2588.7593
16202,2587.042
16203,2704.9924
16204,2924.3118
16205,2308.3062
16206,2779.1501
16207,4540.2065
16208,3389.7458
16209,3290.7434
16210,3214.257
16211,3179.5117
16212,2182.9646
16213,2412.0027
16214,2782.9268
16215,2606.834
16216,2573.9802
16217,2591.3267
16218,2627.8528
16219,2127.1316
16220,2437.4934
16221,3992.8652
16222,3129.9368
16223,3090.493
16224,3109.7607
16225,5428.9785
16226,5697.7744
16227,7480.3667
16228,6221.106
16229,6252.6885
16230,6290.777
16231,6425.1953
16232,5011.8896
16233,5116.286
16234,4754.546
16235,4846.2275
16236,4930.0366
16237,5312.98
16238,5554.662
16239,5011.8896
16240,5116.286
16241,7146.8853
16242,6108.3755
16243,6160.0103
16244,6328.1494
16245,6463.366
16246,5027.5083
16247,5132.23
16248,4825.3965
16249,4909.0747
16250,4972.3335
16251,5656.1826
16252,6411.867
16253,5639.3047
16254,5771.7617
16255,9249.703
16256,6348.3716
16257,6366.072
16258,6489.707
16259,6558.193
16260,5072.1265
16261,5117.477
16262,4929.2183
16263,4942.519
16264,5045.8896
16265,5335.763
16266,5610.579
16267,4967.1
16268,5150.5376
16269,7070.863
16270,6108.329
16271,6150.376
16272,6318.885
16273,6623.149
16274,6818.6035
16275,8145.133
16276,6877.185
16277,6762.81
16278,6846.4243
16279,7124.7515
16280,6131.1875
16281,6437.4946
16282,5521.704
16283,5521.968
16284,5607.2246
16285,5941.0234
16286,6394.6074
16287,6135.821
16288,6442.3594
16289,7608.813
16290,6672.0664
16291,6670.7363
16292,6835.3516
16293,7154.3193
16294,6154.219
16295,6461.6772
16296,5618.023
16297,5589.2935
16298,5641.796
16299,6173.4976
16300,7261.9478
16301,6786.1367
16302,6679.599
16303,9504.801
16304,7107.925
16305,7077.6035
16306,7079.3857
16307,7248.924
16308,6358.001
16309,6407.3555
16310,5694.531
16311,5617.0635
16312,5640.7466
16313,5972.028
16314,6422.205
16315,6162.302
16316,6475.053
16317,7482.5933
16318,6634.0044
16319,6632.682
16320,6827.7666
16321,5412.6807
16322,5231.203
16323,7587.673
16324,6076.1074
16325,5928.338
16326,5982.9746
16327,6067.154
16328,4986.445
16329,4687.547
16330,4697.7886
16331,4695.181
16332,4756.959
16333,5042.1177
16334,5272.949
16335,4986.445
16336,4687.547
16337,7240.9497
16338,5874.5474
16339,5854.6
16340,6018.519
16341,6103.198
16342,5001.9844
16343,4702.1553
16344,4767.7935
16345,4756.07
16346,4804.137
16347,5220.68
16348,6126.2476
16349,5534.8555
16350,5244.658
16351,9350.958
16352,6179.737
16353,6152.805
16354,6261.6826
16355,6297.3984
16356,5010.924
16357,4688.638
16358,4865.264
16359,4783.446
16360,4863.6353
16361,5058.424
16362,5310.7407
16363,4941.8823
16364,4718.9287
16365,7118.9976
16366,5842.8677
16367,5841.1626
16368,6002.7183
16369,8905.357
16370,7879.6533
16371,11879.744
16372,10005.298
16373,9618.484
16374,9535.964
16375,9674.055
16376,8591.412
16377,7466.5024
16378,8457.296
16379,8290.407
16380,8295.69
16381,8502.985
16382,8805.407
16383,8597.904
16384,7472.145
16385,10868.163
16386,9593.18
16387,9507.258
16388,9520.896
16389,9686.833
16390,8623.685
16391,7494.55
16392,8597.88
16393,8367.767
16394,8440.019
16395,8829.561
16396,9849.873
16397,9623.211
16398,8336.293
16399,12949.074
16400,10319.87
16401,10026.5625
16402,9828.88
16403,9979.584
16404,8754.893
16405,7820.481
16406,8743.344
16407,8399.384
16408,8345.282
16409,8547.357
16410,8843.407
16411,8635.01
16412,7510.0635
16413,10687.882
16414,9538.456
16415,9453.024
16416,9510.332
16417,3695.6394
16418,4448.1777
16419,7540.4175
16420,6002.1113
16421,5821.606
16422,5830.603
16423,5870.391
16424,3344.8838
16425,3915.9832
16426,4793.261
16427,4854.2173
16428,4863.074
16429,4995.7188
16430,5101.9536
16431,3344.8838
16432,3915.9832
16433,7115.7324
16434,5761.8164
16435,5749.453
16436,5869.238
16437,5905.954
16438,3355.3086
16439,3928.1873
16440,4846.75
16441,4863.1157
16442,4913.2485
16443,5276.5312
16444,5940.032
16445,3718.0867
16446,4295.7446
16447,9238.26
16448,6076.9595
16449,6009.6616
16450,6074.34
16451,6051.8374
16452,3394.509
16453,3931.0474
16454,4978.745
16455,4926.9995
16456,4908.213
16457,5033.3433
16458,5148.8525
16459,3330.1394
16460,3956.4446
16461,7005.785
16462,5734.9004
16463,5723.8394
16464,5874.29
16465,4459.4443
16466,2961.0393
16467,6930.087
16468,5525.835
16469,5241.0425
16470,5215.285
16471,5261.559
16472,4086.4504
16473,2744.933
16474,4471.1196
16475,4388.6543
16476,4363.488
16477,4389.408
16478,4657.178
16479,4089.5388
16480,2747.0093
16481,6350.2188
16482,5192.437
16483,5156.0327
16484,5178.7754
16485,5284.2124
16486,4101.8027
16487,2755.248
16488,4517.6084
16489,4386.399
16490,4356.2847
16491,4574.6147
16492,5391.929
16493,4640.633
16494,3168.1335
16495,7604.75
16496,5688.787
16497,5526.1567
16498,5438.121
16499,5453.4863
16500,4220.55
16501,2741.2642
16502,4612.701
16503,4433.6055
16504,4386.1436
16505,4408.866
16506,4685.6826
16507,4107.19
16508,2760.9526
16509,6276.979
16510,5189.3574
16511,5127.215
16512,5173.6304
16513,5662.5093
16514,4003.0862
16515,11459.095
16516,8855.072
16517,8492.741
16518,8506.498
16519,8634.013
16520,5364.3765
16521,3697.699
16522,7027.067
16523,7073.163
16524,7065.402
16525,7226.0815
16526,7495.7725
16527,5368.4307
16528,3539.019
16529,10431.6045
16530,8428.467
16531,8339.688
16532,8457.989
16533,8663.388
16534,5384.5283
16535,3549.6323
16536,7135.796
16537,7128.7144
16538,7175.881
16539,7639.7773
16540,8637.151
16541,6093.699
16542,3987.2703
16543,12723.898
16544,9180.805
16545,8905.68
16546,8818.232
16547,8808.741
16548,5608.653
16549,3886.0457
16550,7269.6333
16551,7154.108
16552,7101.257
16553,7257.267
16554,7528.122
16555,5391.6
16556,3719.275
16557,10258.565
16558,8380.387
16559,8292.115
16560,8448.6045
16561,9812.825
16562,8428.732
16563,14943.06
16564,12181.698
16565,11961.945
16566,12082.201
16567,12192.183
16568,9698.777
16569,8170.9897
16570,10620.258
16571,10373.029
16572,10366.472
16573,10545.334
16574,10664.452
16575,9711.588
16576,8181.7827
16577,14169.492
16578,12032.453
16579,11986.739
16580,12150.045
16581,12253.724
16582,9741.851
16583,8207.278
16584,10429.138
16585,10129.507
16586,10320.44
16587,10858.32
16588,11852.797
16589,10435.446
16590,8761.225
16591,17292.652
16592,12265.592
16593,12098.506
16594,12174.822
16595,12162.323
16596,9810.195
16597,8609.36
16598,10931.098
16599,10439.289
16600,10432.689
16601,10598.694
16602,10718.415
16603,9760.73
16604,8234.047
16605,13934.454
16606,11978.043
16607,11932.536
16608,12150.995
16609,8436.252
16610,7114.66
16611,12808.129
16612,10054.237
16613,10118.789
16614,10147.87
16615,10551.743
16616,8304.312
16617,7197.7476
16618,8301.263
16619,8138.781
16620,8231.031
16621,8556.469
16622,8931.189
16623,8315.281
16624,7207.2554
16625,12135.533
16626,9983.754
16627,10082.7295
16628,10199.093
16629,10605.004
16630,8341.192
16631,7229.7144
16632,8448.862
16633,8255.31
16634,8422.857
16635,9074.032
16636,10012.219
16637,9115.183
16638,8176.345
16639,14983.718
16640,9468.942
16641,10267.218
16642,10250.135
16643,10504.098
16644,8548.719
16645,7162.5947
16646,8329.235
16647,8074.52
16648,8114.411
16649,8574.0
16650,8912.427
16651,8444.656
16652,7215.2686
16653,11855.714
16654,9921.806
16655,10047.02
16656,10194.182
16657,5129.954
16658,6027.642
16659,7866.872
16660,6192.9067
16661,5983.146
16662,5977.162
16663,6217.6294
16664,4888.0806
16665,5771.519
16666,5136.207
16667,5201.2803
16668,5180.7563
16669,5250.289
16670,5523.6006
16671,4894.538
16672,5779.1436
16673,7097.8574
16674,6002.1343
16675,5958.8267
16676,6010.728
16677,6249.0156
16678,4909.791
16679,5797.153
16680,5199.7773
16681,5246.349
16682,5241.3975
16683,5492.603
16684,6482.8022
16685,5403.457
16686,6185.5215
16687,8956.184
16688,6254.329
16689,6152.306
16690,6149.308
16691,6299.615
16692,4971.001
16693,5771.189
16694,5424.7905
16695,5237.0796
16696,5216.4146
16697,5279.451
16698,5578.742
16699,4913.4595
16700,5808.4717
16701,6969.9673
16702,5972.5576
16703,5929.4634
16704,6008.7505
16705,3701.74
16706,2720.257
16707,7746.754
16708,6215.667
16709,6034.119
16710,6097.025
16711,6148.827
16712,3524.1453
16713,2476.2427
16714,5091.3555
16715,5134.316
16716,5133.5083
16717,5318.5625
16718,5382.7207
16719,3524.1453
16720,2476.2427
16721,7415.141
16722,6005.433
16723,5962.4316
16724,6136.7104
16725,6185.3564
16726,3535.1287
16727,2483.961
16728,5147.571
16729,5143.1294
16730,5164.3413
16731,5484.7915
16732,6116.45
16733,3832.4197
16734,2766.9739
16735,9602.737
16736,6338.116
16737,6236.428
16738,6346.465
16739,6334.623
16740,3546.0889
16741,2477.702
16742,5307.3833
16743,5230.031
16744,5200.387
16745,5348.002
16746,5458.1177
16747,3497.226
16748,2493.714
16749,7315.1226
16750,5989.2954
16751,5947.7026
16752,6140.089
16753,10440.443
16754,7586.175
16755,16052.015
16756,12854.314
16757,12667.014
16758,12431.557
16759,12029.447
16760,9826.677
16761,6665.1587
16762,11781.858
16763,11474.056
16764,11417.704
16765,11202.551
16766,11282.294
16767,9834.337
16768,6670.355
16769,14599.024
16770,12129.551
16771,12278.186
16772,12092.554
16773,12106.032
16774,9863.824
16775,6690.356
16776,11772.322
16777,11345.766
16778,11398.283
16779,11577.939
16780,12135.29
16781,10557.521
16782,6986.967
16783,17315.576
16784,12990.365
16785,12854.78
16786,12630.883
16787,12202.955
16788,10269.354
16789,7107.1587
16790,12162.045
16791,11605.357
16792,11490.637
16793,11265.327
16794,11348.114
16795,9876.543
16796,6704.205
16797,14428.984
16798,12136.783
16799,12224.098
16800,11967.046
16801,7970.6924
16802,6138.0044
16803,10360.156
16804,8457.683
16805,8489.695
16806,8562.02
16807,8834.572
16808,7680.319
16809,6068.6704
16810,6982.0435
16811,6998.038
16812,7094.02
16813,7584.3735
16814,8095.0396
16815,7686.123
16816,6073.2563
16817,9699.277
16818,8221.208
16819,8325.82
16820,8502.086
16821,8872.605
16822,7709.1694
16823,6091.468
16824,7074.6406
16825,7037.6714
16826,7289.401
16827,8004.4346
16828,9305.264
16829,8708.215
16830,6659.135
16831,11803.734
16832,8752.58
16833,8827.901
16834,8810.59
16835,9018.69
16836,8030.036
16837,6060.56
16838,7188.3486
16839,7089.765
16840,7130.02
16841,7617.1055
16842,8129.9746
16843,7719.294
16844,6104.077
16845,9623.33
16846,8257.885
16847,8321.16
16848,8536.595
16849,4290.2124
16850,3360.886
16851,8646.448
16852,6448.704
16853,6157.284
16854,6194.6377
16855,6227.3633
16856,3952.597
16857,3134.9392
16858,5520.1562
16859,5232.0664
16860,5195.6724
16861,5293.5757
16862,5438.4634
16863,3955.5842
16864,3137.3086
16865,7983.2085
16866,6155.517
16867,6073.6274
16868,6172.6675
16869,6247.526
16870,3967.4463
16871,3146.7175
16872,5606.2246
16873,5256.262
16874,5178.9185
16875,5512.427
16876,6320.012
16877,4333.638
16878,3330.67
16879,10432.57
16880,6543.3096
16881,6347.7056
16882,6379.505
16883,6423.3755
16884,4024.1704
16885,3120.2595
16886,5694.949
16887,5285.6543
16888,5222.04
16889,5316.4224
16890,5461.935
16891,3972.6575
16892,3153.2324
16893,7850.779
16894,6120.4014
16895,6038.979
16896,6165.818
16897,6098.8335
16898,5516.661
16899,7618.682
16900,6263.7974
16901,6165.877
16902,6268.178
16903,6640.2275
16904,5664.2974
16905,4987.3296
16906,5009.251
16907,5000.2236
16908,5099.7397
16909,5394.2803
16910,5954.412
16911,4447.974
16912,4993.918
16913,7172.076
16914,6068.9136
16915,6123.6714
16916,6299.82
16917,6673.7466
16918,5689.4546
16919,5009.4805
16920,5090.6123
16921,5058.583
16922,5132.3135
16923,5602.13
16924,6997.965
16925,6298.7563
16926,5673.9224
16927,9293.805
16928,6286.1104
16929,6317.029
16930,6497.505
16931,6843.473
16932,5772.576
16933,4987.044
16934,5104.879
16935,5025.6
16936,5125.6206
16937,5414.5034
16938,5976.735
16939,5693.043
16940,5019.2617
16941,7053.1006
16942,6034.286
16943,6088.7314
16944,6292.823
16945,7811.565
16946,6137.1904
16947,10843.924
16948,8444.294
16949,8442.49
16950,8462.726
16951,8842.606
16952,7425.014
16953,6029.482
16954,6987.84
16955,7012.504
16956,7071.133
16957,7478.4336
16958,8022.22
16959,7430.625
16960,6034.0386
16961,10186.31
16962,8235.782
16963,8307.354
16964,8431.731
16965,8880.675
16966,7452.906
16967,6052.132
16968,7076.3276
16969,7048.0503
16970,7214.1265
16971,7836.407
16972,9114.009
16973,8390.536
16974,6599.1235
16975,12105.478
16976,8738.725
16977,8778.815
16978,8708.414
16979,8996.654
16980,7728.945
16981,5982.815
16982,7245.1567
16983,7180.8516
16984,7147.567
16985,7553.5615
16986,8097.3867
16987,7454.825
16988,6046.0273
16989,10079.066
16990,8269.464
16991,8299.632
16992,8462.823
16993,6287.5913
16994,5709.6074
16995,12815.191
16996,11122.141
16997,10847.627
16998,10739.566
16999,10740.58
17000,6763.307
17001,5281.169
17002,8769.869
17003,8518.287
17004,8482.258
17005,8598.273
17006,8653.238
17007,6763.307
17008,5281.169
17009,12272.109
17010,10918.875
17011,10764.096
17012,10809.466
17013,10804.385
17014,6784.383
17015,5297.6265
17016,8697.349
17017,8369.938
17018,8548.638
17019,8955.996
17020,9552.459
17021,7359.6675
17022,5764.2295
17023,15161.38
17024,11324.436
17025,11091.399
17026,11012.753
17027,10855.534
17028,6887.846
17029,5741.397
17030,9171.143
17031,8730.536
17032,8636.031
17033,8718.569
17034,8766.95
17035,6798.867
17036,5491.094
17037,12021.098
17038,10852.273
17039,10734.805
17040,10878.357
17041,4776.073
17042,3341.3438
17043,6738.5483
17044,5381.345
17045,5260.4453
17046,5249.097
17047,5378.6816
17048,4400.4844
17049,3112.3784
17050,4040.2212
17051,4039.389
17052,4111.051
17053,4226.3594
17054,4542.3164
17055,4406.2974
17056,3116.4905
17057,6318.5894
17058,5188.7188
17059,5224.4365
17060,5275.595
17061,5405.8335
17062,4420.0293
17063,3126.2036
17064,4105.8467
17065,4093.0708
17066,4155.2236
17067,4385.671
17068,5234.817
17069,4951.9663
17070,3571.9934
17071,7922.276
17072,5427.2646
17073,5442.397
17074,5467.565
17075,5514.183
17076,4484.6084
17077,3112.2002
17078,4117.354
17079,4059.8896
17080,4131.9155
17081,4242.2046
17082,4559.3457
17083,4422.8174
17084,3132.3083
17085,6218.383
17086,5162.342
17087,5197.878
17088,5273.0347
17089,3849.4753
17090,5077.8433
17091,8119.6294
17092,6194.384
17093,5914.4834
17094,5881.0454
17095,6026.4463
17096,3464.9187
17097,4661.3823
17098,4948.6704
17099,4776.8433
17100,4728.6025
17101,4761.5806
17102,5071.323
17103,3467.5374
17104,4664.9053
17105,7452.1235
17106,5912.7573
17107,5834.1245
17108,5860.187
17109,6039.762
17110,3477.9363
17111,4678.894
17112,5025.83
17113,4798.934
17114,4732.366
17115,5036.748
17116,5865.729
17117,3879.6897
17118,5076.042
17119,9212.224
17120,6285.259
17121,6097.397
17122,6056.5557
17123,6140.1064
17124,3581.9604
17125,4639.557
17126,5105.371
17127,4825.7695
17128,4752.6006
17129,4782.132
17130,5093.211
17131,3482.5046
17132,4688.58
17133,7328.503
17134,5879.0264
17135,5800.8423
17136,5853.684
17137,8223.004
17138,5773.27
17139,10507.494
17140,8923.833
17141,8957.61
17142,9042.359
17143,9375.731
17144,7931.288
17145,5713.71
17146,7498.79
17147,7557.741
17148,7661.3984
17149,8178.8257
17150,8633.667
17151,7937.2817
17152,5468.54
17153,9971.335
17154,8724.542
17155,8835.559
17156,9009.242
17157,9416.095
17158,7961.0815
17159,5484.938
17160,7598.2393
17161,7600.544
17162,7860.459
17163,8545.442
17164,9660.547
17165,8918.949
17166,5951.068
17167,11817.669
17168,9206.084
17169,9285.308
17170,9282.412
17171,9516.039
17172,8186.2476
17173,5669.4863
17174,7769.0483
17175,7715.157
17176,7720.1772
17177,8235.351
17178,8695.325
17179,7951.77
17180,5729.389
17181,9867.767
17182,8740.884
17183,8807.859
17184,9022.502
17185,4506.315
17186,3107.9219
17187,10351.918
17188,8311.349
17189,7987.976
17190,7963.975
17191,8028.1904
17192,4285.006
17193,2843.2356
17194,6572.784
17195,6626.005
17196,6598.5444
17197,6747.63
17198,6870.9434
17199,4288.244
17200,2721.2136
17201,9502.444
17202,7941.6665
17203,7834.046
17204,7945.1743
17205,8055.5044
17206,4301.104
17207,2729.375
17208,6674.4854
17209,6678.045
17210,6591.6567
17211,6852.317
17212,7834.4717
17213,4718.132
17214,2976.3186
17215,12098.183
17216,8607.159
17217,8341.885
17218,8232.821
17219,8192.887
17220,4485.8447
17221,2978.0596
17222,6784.894
17223,6701.833
17224,6632.031
17225,6776.751
17226,6900.5967
17227,4306.753
17228,2859.8286
17229,9344.815
17230,7896.363
17231,7789.356
17232,7936.3584
17233,12036.907
17234,9652.249
17235,17197.654
17236,15037.59
17237,14511.873
17238,14477.258
17239,14490.464
17240,11299.88
17241,8458.408
17242,12608.399
17243,12502.639
17244,12524.025
17245,12573.515
17246,12846.434
17247,11308.419
17248,8464.801
17249,15791.053
17250,14460.974
17251,14348.882
17252,14394.704
17253,14539.761
17254,11342.325
17255,8490.182
17256,12012.765
17257,11803.758
17258,11862.139
17259,12306.687
17260,13133.917
17261,11665.159
17262,8450.941
17263,18539.662
17264,15297.155
17265,14880.469
17266,14725.916
17267,14632.592
17268,11662.412
17269,8889.183
17270,13043.6
17271,12645.709
17272,12587.577
17273,12627.775
17274,12901.872
17275,11357.221
17276,8507.756
17277,15529.118
17278,14378.485
17279,14267.032
17280,14378.732
17281,6171.219
17282,4950.0254
17283,9549.662
17284,7548.16
17285,7500.6357
17286,7623.8213
17287,7801.163
17288,5710.5117
17289,4637.4956
17290,6107.892
17291,6093.6934
17292,6207.893
17293,6521.185
17294,6808.9717
17295,5714.827
17296,4641.0005
17297,8938.331
17298,7305.967
17299,7373.1997
17300,7584.9087
17301,7849.708
17302,5731.9634
17303,4654.9175
17304,6190.1016
17305,6130.1113
17306,6251.603
17307,6770.194
17308,7736.4385
17309,6368.738
17310,5106.1455
17311,12113.042
17312,7908.732
17313,7909.3125
17314,7906.522
17315,7985.5005
17316,5998.2427
17317,4631.298
17318,6340.057
17319,6232.444
17320,6267.413
17321,6578.7363
17322,6870.6353
17323,5739.4917
17324,4664.5537
17325,8862.305
17326,7333.5654
17327,7364.0557
17328,7610.511
17329,11199.837
17330,11125.111
17331,15236.715
17332,13430.792
17333,13010.364
17334,13083.47
17335,13130.986
17336,11057.125
17337,10807.497
17338,11385.397
17339,11230.708
17340,11225.472
17341,11346.523
17342,11633.872
17343,11065.48
17344,10815.664
17345,14265.128
17346,13063.357
17347,12933.93
17348,13052.585
17349,13138.051
17350,11098.658
17351,10848.093
17352,10847.534
17353,10619.873
17354,10660.019
17355,11155.275
17356,12293.758
17357,11537.439
17358,11130.8
17359,16959.91
17360,13684.468
17361,13311.707
17362,13230.826
17363,13275.826
17364,11178.334
17365,11319.847
17366,11752.791
17367,11359.225
17368,11282.435
17369,11395.489
17370,11684.077
17371,11113.233
17372,10870.547
17373,14028.503
17374,12988.841
17375,12860.151
17376,13038.103
17377,6950.7407
17378,5690.296
17379,9650.527
17380,7742.639
17381,7764.7295
17382,7842.277
17383,8193.302
17384,6776.1177
17385,5184.3896
17386,6047.158
17387,6145.802
17388,6272.7656
17389,6806.3423
17390,7252.5615
17391,6509.961
17392,5184.3896
17393,9180.778
17394,7592.8276
17395,7685.661
17396,7903.928
17397,8257.712
17398,6797.2334
17399,5200.5464
17400,6137.2666
17401,6225.4985
17402,6348.051
17403,7174.5806
17404,8498.097
17405,7730.5815
17406,6242.0815
17407,11804.805
17408,8064.2603
17409,8117.0044
17410,8137.003
17411,8363.802
17412,6845.1704
17413,5185.5967
17414,6297.831
17415,6296.426
17416,6424.215
17417,6832.7964
17418,7322.6406
17419,6715.565
17420,5219.097
17421,9102.082
17422,7631.0454
17423,7712.3247
17424,7923.9766
17425,5750.8076
17426,3656.6863
17427,7732.7866
17428,6192.7295
17429,6031.3516
17430,6113.4233
17431,6220.9814
17432,5316.3765
17433,3428.5994
17434,5214.7925
17435,4918.261
17436,4973.9937
17437,5207.9624
17438,5586.3086
17439,5320.3945
17440,3431.1907
17441,7136.708
17442,5875.629
17443,5903.971
17444,6070.627
17445,6247.764
17446,5336.348
17447,3441.4807
17448,5280.8315
17449,4943.193
17450,4987.039
17451,5415.645
17452,6507.2295
17453,6065.9155
17454,3840.7969
17455,9011.8545
17456,6316.185
17457,6289.2407
17458,6394.955
17459,6443.146
17460,5543.938
17461,3424.0168
17462,5375.435
17463,4988.809
17464,4999.8184
17465,5231.0483
17466,5612.356
17467,5343.357
17468,3448.6055
17469,7054.399
17470,5872.144
17471,5870.9736
17472,6064.5967
17473,2683.8022
17474,2935.6938
17475,5188.1445
17476,4116.914
17477,3897.0005
17478,3849.0457
17479,3895.001
17480,2390.8145
17481,2665.04
17482,3118.1052
17483,3094.9036
17484,3071.1628
17485,3074.4458
17486,3117.3855
17487,2392.6228
17488,2667.056
17489,4799.172
17490,3881.263
17491,3832.3538
17492,3833.553
17493,3879.638
17494,2399.799
17495,2723.2407
17496,3178.0442
17497,3116.0237
17498,3087.493
17499,3229.3235
17500,3487.3916
17501,2621.5415
17502,3160.029
17503,5641.1016
17504,4232.657
17505,4109.0435
17506,4030.54
17507,4049.9219
17508,2437.12
17509,2652.5613
17510,3222.4639
17511,3132.0605
17512,3086.7507
17513,3087.7168
17514,3130.8416
17515,2402.9504
17516,2680.5935
17517,4726.979
17518,3865.191
17519,3816.4841
17520,3835.3235
17521,5152.493
17522,5681.483
17523,8608.325
17524,6700.6953
17525,6384.089
17526,6409.2686
17527,6483.3403
17528,4829.1953
17529,5430.765
17530,5469.3276
17531,5516.803
17532,5500.042
17533,5598.2837
17534,5854.9854
17535,4832.8447
17536,5434.8696
17537,7607.7026
17538,6397.5176
17539,6312.409
17540,6398.903
17541,6491.663
17542,4847.337
17543,5549.34
17544,5552.2783
17545,5553.0464
17546,5501.679
17547,5731.2695
17548,6751.2866
17549,5247.185
17550,5792.1504
17551,9395.229
17552,6936.574
17553,6729.216
17554,6658.7476
17555,6676.3696
17556,4914.4062
17557,5405.339
17558,5800.145
17559,5589.117
17560,5532.9233
17561,5627.4995
17562,5880.2544
17563,4853.7036
17564,5462.451
17565,7481.5015
17566,6361.0215
17567,6276.3984
17568,6391.8022
17569,6451.0728
17570,6515.0796
17571,8814.633
17572,6825.091
17573,6762.707
17574,6876.254
17575,7141.9517
17576,6079.064
17577,6169.383
17578,5556.0083
17579,5496.953
17580,5605.6846
17581,5924.5337
17582,6303.853
17583,6051.618
17584,6177.5327
17585,8214.24
17586,6692.3027
17587,6732.6313
17588,6910.9644
17589,7178.003
17590,6106.063
17591,6196.783
17592,5646.248
17593,5570.0005
17594,5704.621
17595,6231.4272
17596,7183.5713
17597,6754.926
17598,6629.0645
17599,10338.065
17600,7016.746
17601,7030.3184
17602,7065.3213
17603,7240.618
17604,6206.295
17605,6169.03
17606,5684.247
17607,5546.488
17608,5634.133
17609,5946.744
17610,6327.4854
17611,6109.914
17612,6208.8823
17613,8077.9785
17614,6685.253
17615,6725.539
17616,6935.589
17617,6478.9575
17618,5397.008
17619,7866.0615
17620,6544.0835
17621,6534.4033
17622,6683.404
17623,7017.7363
17624,6115.202
17625,4921.1943
17626,5141.2603
17627,5197.427
17628,5309.4844
17629,5812.9443
17630,6250.5596
17631,6115.202
17632,4921.1943
17633,7451.3843
17634,6384.2837
17635,6451.928
17636,6723.1084
17637,7059.4272
17638,6134.2583
17639,4936.5303
17640,5217.8726
17641,5230.2153
17642,5330.869
17643,6088.0405
17644,7152.798
17645,6803.142
17646,5508.043
17647,9300.056
17648,6727.7847
17649,6760.8755
17650,6932.963
17651,7118.658
17652,6213.764
17653,4952.741
17654,5322.232
17655,5292.8335
17656,5450.636
17657,5823.5
17658,6337.0767
17659,6098.694
17660,4984.7373
17661,7384.249
17662,6379.706
17663,6437.2676
17664,6701.929
17665,7452.998
17666,5189.971
17667,10407.794
17668,8946.698
17669,8665.305
17670,8577.918
17671,8604.172
17672,7017.5693
17673,4587.707
17674,7726.402
17675,7649.1245
17676,7662.3193
17677,7874.852
17678,8068.692
17679,7022.8726
17680,4390.8447
17681,9565.031
17682,8500.894
17683,8482.921
17684,8517.873
17685,8641.214
17686,7043.9307
17687,4404.0117
17688,7811.3486
17689,7637.504
17690,7725.739
17691,8111.935
17692,9037.4795
17693,7858.495
17694,4680.559
17695,11458.538
17696,9300.614
17697,9053.182
17698,8862.938
17699,8838.272
17700,7324.5967
17701,4821.3755
17702,8003.305
17703,7746.532
17704,7721.1055
17705,7929.2764
17706,8126.3154
17707,7053.181
17708,4614.4746
17709,9465.683
17710,8516.816
17711,8456.327
17712,8530.409
17713,5941.6753
17714,5261.5293
17715,7707.14
17716,6169.6416
17717,6073.193
17718,6116.8237
17719,6445.746
17720,5544.229
17721,4963.5005
17722,4776.8887
17723,4821.426
17724,4917.384
17725,5153.26
17726,5701.727
17727,4492.1953
17728,4970.057
17729,7100.1055
17730,5977.687
17731,6031.6216
17732,6147.701
17733,6478.284
17734,5568.853
17735,4985.546
17736,4854.477
17737,4885.498
17738,4963.633
17739,5393.4263
17740,6753.09
17741,6203.247
17742,5585.0884
17743,9066.056
17744,6210.185
17745,6240.7305
17746,6340.614
17747,6576.1953
17748,5650.2134
17749,4963.2163
17750,5001.6836
17751,4845.8945
17752,4942.34
17753,5172.5796
17754,5723.1025
17755,5572.365
17756,4995.2803
17757,6982.323
17758,5943.58
17759,5997.207
17760,6140.8735
17761,2738.6213
17762,3409.8376
17763,6348.081
17764,5115.7007
17765,4900.597
17766,4886.789
17767,4942.2456
17768,2434.9727
17769,3046.6155
17770,3981.478
17771,3895.9114
17772,3871.4973
17773,3909.4587
17774,4048.6858
17775,2438.1924
17776,3050.6406
17777,5983.123
17778,4895.5557
17779,4873.513
17780,4914.8047
17781,5001.383
17782,2445.7922
17783,3060.1487
17784,4031.2283
17785,3924.7078
17786,3925.0146
17787,4122.333
17788,4709.171
17789,2662.9534
17790,3340.7573
17791,7409.1177
17792,5157.5527
17793,5087.2827
17794,5076.1387
17795,5084.8325
17796,2465.2048
17797,3046.4412
17798,4095.6172
17799,3916.14
17800,3891.1462
17801,3924.1162
17802,4063.8652
17803,2447.3328
17804,3066.1245
17805,5883.8677
17806,4867.0557
17807,4845.1416
17808,4908.775
17809,7686.7974
17810,5800.56
17811,10099.563
17812,7992.648
17813,8061.284
17814,8134.109
17815,8517.6455
17816,7399.273
17817,5710.7896
17818,6631.9863
17819,6704.4224
17820,6839.4404
17821,7360.4185
17822,7824.2036
17823,7409.0474
17824,5468.832
17825,9558.839
17826,7885.593
17827,7987.3594
17828,8175.168
17829,8560.64
17830,7432.135
17831,5485.8745
17832,6743.686
17833,6797.5317
17834,7004.3623
17835,7688.997
17836,8873.046
17837,8325.892
17838,6084.261
17839,11990.821
17840,8265.261
17841,8337.876
17842,8337.351
17843,8570.812
17844,7600.9717
17845,5710.4624
17846,6793.714
17847,6782.319
17848,6922.9585
17849,7407.104
17850,7940.121
17851,7436.822
17852,5747.353
17853,9412.27
17854,7859.949
17855,7961.3853
17856,8186.2397
17857,2757.349
17858,2305.007
17859,5061.619
17860,4094.875
17861,3890.2778
17862,3851.1208
17863,3961.116
17864,2478.046
17865,2131.0603
17866,3310.2422
17867,3220.6167
17868,3210.4756
17869,3221.1975
17870,3351.4602
17871,2479.9202
17872,2132.672
17873,4655.499
17874,3838.5261
17875,3814.3113
17876,3824.159
17877,3985.4336
17878,2487.3582
17879,2139.069
17880,3350.7698
17881,3220.3894
17882,3214.579
17883,3369.8718
17884,3779.9695
17885,2708.6387
17886,2249.084
17887,5540.6763
17888,4214.656
17889,4097.059
17890,4027.8997
17891,4077.09
17892,2564.586
17893,2128.2114
17894,3424.814
17895,3262.888
17896,3236.3518
17897,3244.7078
17898,3348.0154
17899,2490.6245
17900,2143.4985
17901,4611.927
17902,3844.69
17903,3801.3364
17904,3828.7654
17905,7340.115
17906,7562.2695
17907,11170.745
17908,8682.331
17909,8428.507
17910,8449.136
17911,8683.788
17912,6931.1846
17913,7302.0586
17914,7049.603
17915,7153.671
17916,7151.447
17917,7359.1055
17918,7655.3726
17919,6899.8926
17920,7311.704
17921,10393.905
17922,8385.647
17923,8361.815
17924,8487.437
17925,8727.622
17926,6961.9673
17927,7334.489
17928,7151.938
17929,7230.9077
17930,7398.5674
17931,7917.517
17932,8921.382
17933,7946.6294
17934,8424.376
17935,12779.43
17936,8912.81
17937,8780.717
17938,8754.567
17939,8789.825
17940,7107.457
17941,7301.641
17942,7279.5835
17943,7189.9736
17944,7187.7383
17945,7386.6934
17946,7684.0703
17947,6966.358
17948,7348.8086
17949,10221.491
17950,8364.918
17951,8341.145
17952,8505.581
17953,7728.9746
17954,5304.625
17955,9644.491
17956,8190.4883
17957,8183.5464
17958,8310.017
17959,8677.852
17960,7392.917
17961,4952.406
17962,6788.7715
17963,6873.4014
17964,7077.752
17965,7611.753
17966,7993.1895
17967,7402.6826
17968,4958.9478
17969,9092.937
17970,8043.1514
17971,8146.0884
17972,8367.911
17973,8738.309
17974,7425.7505
17975,4974.402
17976,6903.1113
17977,6968.857
17978,7203.8604
17979,7908.6714
17980,8956.158
17981,8196.842
17982,5812.7505
17983,11860.69
17984,7631.235
17985,8297.819
17986,8564.029
17987,8706.62
17988,7736.3496
17989,4939.766
17990,6842.377
17991,6849.8926
17992,7001.1094
17993,7671.1235
17994,8009.452
17995,7535.478
17996,4976.0957
17997,8908.738
17998,7997.3228
17999,8112.299
18000,8418.224
18001,6994.3813
18002,6857.999
18003,10425.965
18004,8994.749
18005,8773.734
18006,8745.529
18007,8863.886
18008,6696.74
18009,6064.1567
18010,7708.456
18011,7688.5205
18012,7656.592
18013,7892.47
18014,8022.618
18015,6442.1997
18016,6072.1675
18017,9799.525
18018,8812.901
18019,8754.083
18020,8811.431
18021,8925.638
18022,6726.4824
18023,6091.09
18024,7808.473
18025,7759.7246
18026,7885.66
18027,8359.319
18028,9217.216
18029,7521.1816
18030,7181.653
18031,12238.656
18032,9233.5205
18033,9061.717
18034,8959.319
18035,8861.257
18036,6848.423
18037,6381.1724
18038,7951.3604
18039,7727.537
18040,7695.4463
18041,7922.057
18042,8052.693
18043,6730.7246
18044,6102.983
18045,9636.97
18046,8791.116
18047,8732.442
18048,8830.268
18049,8767.527
18050,7442.6123
18051,10633.17
18052,9085.351
18053,9076.967
18054,9083.211
18055,9455.0625
18056,8404.136
18057,7296.6562
18058,7704.1123
18059,7656.3945
18060,7866.039
18061,8330.777
18062,8856.381
18063,8415.237
18064,7306.2944
18065,10095.836
18066,8945.444
18067,9033.042
18068,9152.651
18069,9556.842
18070,8441.46
18071,7329.062
18072,7843.863
18073,7782.7837
18074,8137.3525
18075,8871.718
18076,10112.334
18077,9576.478
18078,8316.503
18079,12513.948
18080,9361.238
18081,9414.46
18082,9357.516
18083,9571.976
18084,8617.863
18085,7296.239
18086,7891.981
18087,7745.35
18088,7905.9565
18089,8362.007
18090,8889.581
18091,8446.783
18092,7343.3716
18093,9928.365
18094,8893.372
18095,8980.459
18096,9141.424
18097,5075.6206
18098,4979.9233
18099,8610.912
18100,6406.347
18101,6276.608
18102,6365.871
18103,6711.3066
18104,4747.1367
18105,4680.394
18106,5121.193
18107,5165.4795
18108,5260.5957
18109,5499.7534
18110,5833.7573
18111,4753.4077
18112,4686.5767
18113,7954.0303
18114,6213.183
18115,6247.5674
18116,6398.006
18117,6745.1846
18118,4768.221
18119,4701.182
18120,5204.372
18121,5234.123
18122,5328.8354
18123,5709.624
18124,6668.198
18125,5106.2427
18126,4905.3066
18127,10756.275
18128,6496.092
18129,6505.473
18130,6592.235
18131,6816.4966
18132,4827.1045
18133,4680.126
18134,5362.187
18135,5191.6943
18136,5287.293
18137,5520.372
18138,5855.6274
18139,4771.2285
18140,4710.3613
18141,7822.995
18142,6177.733
18143,6211.921
18144,6390.9
18145,8303.013
18146,5879.593
18147,12166.175
18148,10221.111
18149,9851.79
18150,9792.359
18151,9925.648
18152,7952.9683
18153,5491.2197
18154,8650.532
18155,8483.722
18156,8498.356
18157,8733.093
18158,9010.042
18159,7958.978
18160,5495.3696
18161,11137.607
18162,9756.365
18163,9717.556
18164,9756.495
18165,9968.378
18166,7982.843
18167,5511.848
18168,8745.638
18169,8484.378
18170,8625.478
18171,9046.759
18172,10181.86
18173,8973.755
18174,6153.715
18175,13451.944
18176,10472.018
18177,10225.499
18178,10065.31
18179,10100.738
18180,8198.163
18181,5729.9956
18182,8949.131
18183,8580.807
18184,8552.642
18185,8782.241
18186,9040.79
18187,7963.352
18188,5502.545
18189,11007.88
18190,9762.183
18191,9674.747
18192,9758.403
18193,6775.3486
18194,6917.401
18195,9634.543
18196,7439.1914
18197,7130.2036
18198,7209.366
18199,7331.306
18200,6300.968
18201,6524.557
18202,6245.5957
18203,6227.975
18204,6222.536
18205,6376.4087
18206,6624.716
18207,6272.5205
18208,6533.176
18209,8848.74
18210,7142.5303
18211,7094.859
18212,7242.048
18213,7368.3135
18214,6328.952
18215,6553.5347
18216,6322.894
18217,6281.9385
18218,6324.438
18219,6777.5786
18220,7614.0107
18221,7047.8887
18222,7099.2183
18223,11106.113
18224,7617.236
18225,7475.5024
18226,7481.059
18227,7560.6396
18228,6432.8423
18229,6524.1836
18230,6458.701
18231,6268.6567
18232,6263.182
18233,6409.593
18234,6659.192
18235,6332.9434
18236,6566.33
18237,8714.57
18238,7145.3516
18239,7097.661
18240,7278.389
18241,6003.497
18242,5336.5264
18243,7926.206
18244,6482.339
18245,6427.0034
18246,6506.547
18247,6710.641
18248,5662.2065
18249,4871.064
18250,5036.7676
18251,5063.0
18252,5145.45
18253,5536.1123
18254,5812.1626
18255,5662.2065
18256,4871.064
18257,7499.9204
18258,6316.9385
18259,6334.617
18260,6545.201
18261,6750.5073
18262,5679.8516
18263,4886.244
18264,5111.8228
18265,5094.941
18266,5166.1743
18267,5818.7583
18268,6728.78
18269,6344.2734
18270,5467.7837
18271,9473.893
18272,6636.137
18273,6648.282
18274,6763.726
18275,6894.2153
18276,5727.6567
18277,4872.1978
18278,5213.4546
18279,5155.3394
18280,5257.942
18281,5550.96
18282,5850.597
18283,5611.6064
18284,4903.674
18285,7376.956
18286,6285.7266
18287,6322.948
18288,6530.9824
18289,6578.6484
18290,4854.343
18291,8853.425
18292,6778.652
18293,6748.621
18294,6877.828
18295,7192.8
18296,6283.179
18297,4678.9116
18298,5537.8496
18299,5546.678
18300,5686.4326
18301,5958.3154
18302,6396.047
18303,4964.599
18304,4685.093
18305,8331.047
18306,6659.802
18307,6734.8667
18308,6912.5464
18309,7229.108
18310,6311.0845
18311,4699.6934
18312,5627.795
18313,5620.386
18314,5763.548
18315,6187.5337
18316,7295.529
18317,6879.619
18318,5314.085
18319,10630.757
18320,6969.003
18321,7018.8877
18322,7053.1074
18323,7324.722
18324,6369.6187
18325,4678.644
18326,5665.67
18327,5596.6606
18328,5715.2905
18329,5980.6523
18330,6420.025
18331,6315.065
18332,4708.87
18333,8192.848
18334,6647.585
18335,6722.512
18336,6931.753
18337,3041.989
18338,2467.4355
18339,7673.4287
18340,6010.5503
18341,5679.3857
18342,5640.23
18343,5646.555
18344,2792.6038
18345,2297.428
18346,4696.0815
18347,4674.852
18348,4643.059
18349,4669.7935
18350,4763.9478
18351,2087.709
18352,2299.1658
18353,7048.978
18354,5618.2637
18355,5572.8916
18356,5600.746
18357,5670.8657
18358,2803.0977
18359,2306.0618
18360,4744.909
18361,4663.4683
18362,4625.32
18363,4767.125
18364,5408.2476
18365,2848.6372
18366,2393.019
18367,8945.018
18368,6076.9883
18369,5926.557
18370,5897.594
18371,5890.629
18372,2901.8015
18373,2294.357
18374,4820.005
18375,4698.577
18376,4666.623
18377,4689.9487
18378,4784.509
18379,2806.7783
18380,2310.8367
18381,6932.044
18382,5614.9316
18383,5541.744
18384,5595.182
18385,10467.284
18386,9215.344
18387,13871.999
18388,12464.8955
18389,12180.188
18390,12181.024
18391,12375.448
18392,10153.03
18393,8729.861
18394,10700.621
18395,10566.275
18396,10537.261
18397,10775.405
18398,11085.382
18399,10166.441
18400,8741.393
18401,13206.57
18402,12177.075
18403,12143.639
18404,12249.423
18405,12437.914
18406,10198.12
18407,8768.632
18408,10164.018
18409,9999.611
18410,10183.696
18411,10812.219
18412,12193.009
18413,10710.087
18414,9210.405
18415,16468.158
18416,12595.647
18417,12410.175
18418,12383.618
18419,12430.431
18420,10269.666
18421,9198.211
18422,11030.381
18423,10651.654
18424,10622.405
18425,10848.145
18426,11150.191
18427,10217.885
18428,8797.23
18429,12967.118
18430,12131.495
18431,12098.183
18432,12259.966
18433,7825.786
18434,8167.3433
18435,9430.16
18436,8036.265
18437,7973.825
18438,7930.5166
18439,8047.103
18440,7325.8613
18441,7740.7783
18442,6778.943
18443,6694.805
18444,6820.2686
18445,7119.901
18446,7484.87
18447,7331.3975
18448,7746.628
18449,8838.509
18450,7802.108
18451,7849.708
18452,7901.4707
18453,8081.747
18454,7353.3804
18455,7769.856
18456,6868.8467
18457,6732.7217
18458,6874.3916
18459,7355.7583
18460,8129.6567
18461,7991.0933
18462,7899.4287
18463,10576.227
18464,8295.303
18465,8311.967
18466,8150.1143
18467,8285.214
18468,7614.708
18469,7675.6396
18470,7015.1265
18471,6826.3345
18472,6864.6353
18473,7160.8047
18474,7489.8477
18475,7336.273
18476,7756.735
18477,8736.575
18478,7807.669
18479,7816.0366
18480,7903.9355
18481,3956.2144
18482,4233.9414
18483,7281.674
18484,6034.0674
18485,5809.347
18486,5789.505
18487,5836.507
18488,3623.1306
18489,3771.5054
18490,4815.3086
18491,4897.625
18492,4874.7915
18493,4964.4995
18494,5083.911
18495,3623.1306
18496,3771.5054
18497,6896.0303
18498,5789.4883
18499,5740.329
18500,5827.1895
18501,5871.1807
18502,3634.4224
18503,3783.2595
18504,4868.4766
18505,4906.0317
18506,4923.8516
18507,5140.314
18508,5985.2065
18509,4021.6338
18510,4309.5845
18511,8689.745
18512,6134.791
18513,6028.2744
18514,6087.7153
18515,6072.961
18516,3657.5583
18517,3898.2124
18518,5001.0635
18519,4970.479
18520,4920.0396
18521,5001.8887
18522,5130.6445
18523,3607.1602
18524,3923.3977
18525,6790.2676
18526,5763.114
18527,5715.4214
18528,5832.884
18529,5804.5117
18530,6609.2593
18531,10236.145
18532,8698.561
18533,8586.66
18534,8506.263
18535,8573.755
18536,5806.544
18537,6163.3955
18538,7329.929
18539,7310.972
18540,7336.9517
18541,7457.3354
18542,7560.0127
18543,5806.544
18544,6163.3955
18545,9725.483
18546,8592.28
18547,8528.433
18548,8606.798
18549,8695.01
18550,5824.6387
18551,6182.602
18552,7427.139
18553,7366.5146
18554,7450.5815
18555,7740.1216
18556,8280.884
18557,6363.0728
18558,6544.895
18559,12214.657
18560,9095.989
18561,8937.615
18562,8798.506
18563,8671.746
18564,5906.1904
18565,6285.571
18566,7684.276
18567,7516.965
18568,7454.3843
18569,7528.2583
18570,7625.5156
18571,5762.2065
18572,6326.176
18573,9628.168
18574,8599.4375
18575,8527.847
18576,8623.38
18577,7498.325
18578,4841.4224
18579,10596.157
18580,9135.61
18581,8926.089
18582,8889.853
18583,9045.267
18584,7191.675
18585,4512.991
18586,7848.076
18587,7836.4897
18588,7864.509
18589,8121.961
18590,8336.087
18591,7201.1743
18592,4321.774
18593,9904.691
18594,8913.294
18595,8887.911
18596,8962.875
18597,9140.509
18598,7223.6143
18599,4335.2427
18600,7976.8755
18601,7946.2656
18602,8154.15
18603,8660.108
18604,9494.571
18605,8158.0396
18606,4908.948
18607,12282.004
18608,9403.333
18609,9263.918
18610,9149.309
18611,9060.602
18612,7374.5713
18613,4748.93
18614,8105.709
18615,7896.6113
18616,7904.418
18617,8152.4077
18618,8367.336
18619,7228.17
18620,4541.887
18621,9740.392
18622,8861.408
18623,8836.174
18624,8951.88
18625,7121.103
18626,6543.728
18627,10154.173
18628,8806.919
18629,8529.637
18630,8498.818
18631,8613.565
18632,6682.072
18633,5888.522
18634,7573.964
18635,7557.8423
18636,7580.8877
18637,7765.981
18638,7916.392
18639,6690.8984
18640,5896.301
18641,9506.777
18642,8536.448
18643,8491.178
18644,8562.796
18645,8698.336
18646,6711.7485
18647,5914.6753
18648,7676.7964
18649,7642.343
18650,7704.597
18651,8128.044
18652,8789.07
18653,7384.883
18654,6307.6724
18655,12314.071
18656,9088.714
18657,8931.914
18658,8792.416
18659,8695.905
18660,6883.794
18661,6196.3574
18662,7817.274
18663,7610.642
18664,7619.358
18665,7795.0938
18666,7946.0684
18667,6715.9814
18668,5926.2236
18669,9349.077
18670,8486.757
18671,8441.75
18672,8552.291
18673,4429.8936
18674,3985.8936
18675,9043.516
18676,7073.487
18677,6832.614
18678,6923.7837
18679,7040.2227
18680,4194.662
18681,3792.6797
18682,5886.416
18683,5883.071
18684,5859.857
18685,6056.931
18686,6252.6885
18687,4200.2036
18688,3797.6902
18689,8485.9795
18690,6837.751
18691,6788.4155
18692,6962.6646
18693,7075.7607
18694,4213.2935
18695,3809.526
18696,5959.27
18697,5934.0464
18698,5936.73
18699,6368.44
18700,7039.981
18701,4566.1396
18702,4240.7686
18703,11415.69
18704,7224.3516
18705,7106.508
18706,7172.1313
18707,7131.156
18708,4307.1064
18709,3796.8354
18710,6066.7144
18711,5938.8647
18712,5915.431
18713,6106.3076
18714,6331.4214
18715,4227.3394
18716,3821.3657
18717,8354.608
18718,6821.635
18719,6772.4155
18720,6978.3555
18721,7518.829
18722,4678.363
18723,11141.867
18724,9623.853
18725,9285.768
18726,9207.472
18727,9275.978
18728,7146.9326
18729,4335.9995
18730,8172.7666
18731,8073.411
18732,8074.8433
18733,8258.594
18734,8450.691
18735,7152.334
18736,4149.9355
18737,10251.386
18738,9258.265
18739,9160.748
18740,9197.457
18741,9319.413
18742,7173.78
18743,4162.3804
18744,8314.726
18745,8135.5674
18746,8197.358
18747,8630.391
18748,9646.146
18749,7994.7065
18750,4604.2173
18751,12453.82
18752,10009.831
18753,9709.865
18754,9499.743
18755,9387.382
18756,7447.3345
18757,4541.584
18758,8465.664
18759,8176.2207
18760,8115.82
18761,8294.235
18762,8487.162
18763,7183.201
18764,4361.299
18765,10081.335
18766,9205.452
18767,9108.491
18768,9187.251
18769,5964.5815
18770,5838.266
18771,8200.354
18772,6783.38
18773,6467.0845
18774,6503.668
18775,6581.749
18776,5610.0654
18777,5600.324
18778,5630.0444
18779,5628.4927
18780,5599.8965
18781,5709.6455
18782,5964.5757
18783,5614.305
18784,5604.556
18785,7541.345
18786,6413.525
18787,6359.996
18788,6458.1406
18789,6610.085
18790,5631.14
18791,5621.3623
18792,5688.581
18793,5625.5996
18794,5593.7466
18795,5860.6675
18796,6833.8066
18797,6093.891
18798,6185.858
18799,9236.7
18800,6926.6045
18801,6753.3027
18802,6723.833
18803,6807.556
18804,5774.1953
18805,5571.005
18806,5811.104
18807,5702.271
18808,5644.9395
18809,5751.2246
18810,5989.3926
18811,5617.1763
18812,5611.0073
18813,7451.2495
18814,6422.132
18815,6336.696
18816,6464.217
18817,6691.7666
18818,7064.4653
18819,8785.533
18820,7417.928
18821,7271.908
18822,7383.6504
18823,7568.663
18824,6215.9336
18825,6594.203
18826,6016.6533
18827,6054.8286
18828,6135.113
18829,6379.274
18830,6685.1187
18831,6750.1533
18832,6602.914
18833,8315.099
18834,7192.5186
18835,7225.3784
18836,7425.1133
18837,7606.868
18838,6243.5405
18839,6623.49
18840,6114.374
18841,6135.288
18842,6218.3115
18843,6687.6445
18844,7587.521
18845,6936.6074
18846,7516.5347
18847,10644.118
18848,6768.2437
18849,7352.0757
18850,7603.423
18851,7758.7104
18852,6478.8154
18853,6608.868
18854,6115.021
18855,6070.332
18856,6154.8477
18857,6417.2026
18858,6716.532
18859,6275.5723
18860,6657.4707
18861,8182.1885
18862,7207.7573
18863,7203.929
18864,7470.513
18865,5672.2935
18866,4131.143
18867,8397.405
18868,6536.367
18869,6449.5654
18870,6563.65
18871,6822.481
18872,5370.177
18873,3954.06
18874,5278.3486
18875,5248.827
18876,5381.078
18877,5695.422
18878,5953.4355
18879,3985.2092
18880,3959.2837
18881,8084.5225
18882,6370.603
18883,6408.327
18884,6596.7827
18885,6856.92
18886,5394.0283
18887,3971.623
18888,5364.0796
18889,5318.578
18890,5428.9834
18891,5901.8936
18892,6788.571
18893,5824.7773
18894,4313.199
18895,11011.996
18896,6627.9326
18897,6640.063
18898,6763.6294
18899,6895.346
18900,5470.3506
18901,3953.8337
18902,5379.113
18903,5275.4644
18904,5408.3867
18905,5716.7734
18906,5975.7544
18907,5397.43
18908,3979.3782
18909,7950.4126
18910,6341.557
18911,6379.1094
18912,6597.053
18913,9049.771
18914,6408.1807
18915,10723.118
18916,9588.743
18917,9657.037
18918,9734.931
18919,10123.528
18920,8981.333
18921,6111.0386
18922,8097.0933
18923,8016.5522
18924,8292.226
18925,8821.252
18926,9372.611
18927,8981.333
18928,5844.4062
18929,10262.852
18930,9412.898
18931,9567.103
18932,9805.556
18933,10300.891
18934,9009.319
18935,5862.619
18936,8235.114
18937,8094.7383
18938,8527.033
18939,9322.533
18940,10628.142
18941,10121.936
18942,6676.338
18943,12531.338
18944,9853.941
18945,9959.112
18946,9947.93
18947,10203.472
18948,9017.564
18949,6112.461
18950,8408.7705
18951,8200.385
18952,8370.425
18953,8821.724
18954,9389.925
18955,8901.077
18956,6151.948
18957,10162.961
18958,9399.279
18959,9538.393
18960,9757.473
18961,4024.4392
18962,3073.2612
18963,8435.624
18964,6582.3076
18965,6318.0894
18966,6387.347
18967,6509.6943
18968,3761.1294
18969,2898.5657
18970,5493.5195
18971,5502.6606
18972,5470.6167
18973,5606.1284
18974,5757.279
18975,3766.0981
18976,2902.3982
18977,8076.892
18978,6338.878
18979,6293.141
18980,6423.9634
18981,6543.316
18982,3777.8354
18983,2911.4443
18984,5562.159
18985,5550.9863
18986,5520.119
18987,5809.364
18988,6578.084
18989,4015.1558
18990,3028.8943
18991,10950.936
18992,5825.339
18993,6450.242
18994,6548.9355
18995,6559.907
18996,3860.4263
18997,2777.4219
18998,5611.387
18999,5492.4614
19000,5490.099
19001,5625.224
19002,5767.381
19003,3788.3877
19004,2797.8545
19005,7918.869
19006,6282.9033
19007,6236.214
19008,6405.4307
19009,4439.0137
19010,3621.3752
19011,9616.54
19012,7333.915
19013,6999.1665
19014,7055.166
19015,7101.44
19016,4101.6304
19017,3213.834
19018,6163.3306
19019,6061.6816
19020,6050.06
19021,6171.166
19022,6284.7915
19023,4104.7305
19024,3216.2632
19025,8694.371
19026,6965.7866
19027,6907.6494
19028,7029.326
19029,7132.0127
19030,4117.0396
19031,3225.9087
19032,6227.4106
19033,6061.127
19034,6034.096
19035,6267.15
19036,6943.081
19037,4429.826
19038,3227.14
19039,11147.257
19040,7534.285
19041,7345.7812
19042,7307.4375
19043,7283.612
19044,4250.269
19045,3190.456
19046,6374.171
19047,6146.892
19048,6104.438
19049,6221.9307
19050,6337.941
19051,4117.5933
19052,3224.1704
19053,8615.299
19054,6987.947
19055,6894.9844
19056,7048.864
19057,6271.8804
19058,4982.888
19059,9054.666
19060,6943.651
19061,6916.055
19062,7022.2295
19063,7330.4116
19064,5846.1123
19065,4687.292
19066,5550.3564
19067,5518.6084
19068,5657.656
19069,5986.1084
19070,6345.1934
19071,4479.1104
19072,4693.4844
19073,8547.667
19074,6791.375
19075,6867.923
19076,7057.677
19077,7367.414
19078,5872.077
19079,4708.111
19080,5640.5044
19081,5591.944
19082,5734.381
19083,6291.581
19084,7226.371
19085,6529.2573
19086,5058.3276
19087,11658.653
19088,7138.635
19089,7189.7334
19090,7233.5635
19091,7422.968
19092,6022.602
19093,4687.024
19094,5678.465
19095,5568.338
19096,5686.3677
19097,6008.55
19098,6368.981
19099,5875.7803
19100,4717.3037
19101,8415.39
19102,6786.59
19103,6863.0835
19104,7085.297
19105,5970.4956
19106,4875.0986
19107,7806.9097
19108,6549.0728
19109,6477.796
19110,6618.059
19111,6861.781
19112,5688.1685
19113,4687.243
19114,5091.1855
19115,5175.7085
19116,5278.7163
19117,5660.4194
19118,5988.3584
19119,5695.6826
19120,4693.435
19121,7367.569
19122,6374.742
19123,6432.2593
19124,6651.4663
19125,6896.4185
19126,5713.4316
19127,4708.0615
19128,5173.8774
19129,5244.488
19130,5325.7104
19131,5949.2236
19132,6887.3667
19133,6345.7324
19134,5004.4946
19135,9555.037
19136,6639.2397
19137,6671.8945
19138,6806.758
19139,6943.3394
19140,5824.9053
19141,4686.9746
19142,5188.981
19143,5202.5806
19144,5330.025
19145,5682.3013
19146,6062.121
19147,5717.035
19148,4717.2544
19149,7246.1934
19150,6338.37
19151,6395.559
19152,6644.0796
19153,3794.3806
19154,3986.6846
19155,6134.036
19156,4909.2617
19157,4725.1445
19158,4730.322
19159,4947.9717
19160,3462.4075
19161,3674.9155
19162,4014.4512
19163,3982.1465
19164,4015.2783
19165,4062.6946
19166,4419.903
19167,3466.9817
19168,3679.7705
19169,5761.679
19170,4696.2026
19171,4707.581
19172,4756.8867
19173,4972.95
19174,3477.787
19175,3691.239
19176,4064.1404
19177,4011.1133
19178,4055.4502
19179,4267.649
19180,5107.626
19181,3824.1956
19182,4000.8606
19183,6809.472
19184,4543.2954
19185,4934.685
19186,4924.481
19187,5042.1226
19188,3532.1084
19189,3501.048
19190,4111.953
19191,3985.7795
19192,4041.2158
19193,4080.771
19194,4436.846
19195,3467.4053
19196,3526.7988
19197,5646.566
19198,4652.7686
19199,4672.173
19200,4748.0923
19201,5825.772
19202,6027.688
19203,7365.1167
19204,6363.5034
19205,6287.4717
19206,6423.4062
19207,6683.952
19208,5324.9536
19209,5420.989
19210,4891.0234
19211,4983.4585
19212,5087.685
19213,5419.8564
19214,5781.8945
19215,5331.988
19216,5428.15
19217,7018.9814
19218,6197.7764
19219,6240.4385
19220,6455.831
19221,6717.692
19222,5348.604
19223,5445.066
19224,4970.465
19225,5041.622
19226,5140.834
19227,5725.2754
19228,6787.9946
19229,6152.271
19230,6439.9023
19231,9035.506
19232,5736.3335
19233,6315.619
19234,6558.493
19235,6764.4165
19236,5574.2686
19237,5486.927
19238,4882.927
19239,4930.9346
19240,5097.726
19241,5444.084
19242,5840.901
19243,5429.362
19244,5527.2793
19245,6821.674
19246,6119.473
19247,6171.2017
19248,6449.024
19249,9321.448
19250,5913.874
19251,11976.181
19252,9926.443
19253,9978.956
19254,10079.807
19255,10700.611
19256,9187.61
19257,5956.991
19258,8206.386
19259,8155.5576
19260,8319.795
19261,8883.174
19262,9525.847
19263,7742.322
19264,5964.8604
19265,11472.283
19266,9816.822
19267,9962.114
19268,10130.686
19269,10754.624
19270,9228.414
19271,5983.448
19272,8261.675
19273,8186.646
19274,8424.545
19275,9203.811
19276,10806.054
19277,10380.155
19278,6870.583
19279,14347.608
19280,10141.861
19281,10250.105
19282,10270.939
19283,10688.341
19284,9263.591
19285,5956.6504
19286,8395.787
19287,8229.045
19288,8362.015
19289,8916.474
19290,9561.556
19291,9234.233
19292,5995.131
19293,11281.982
19294,9772.43
19295,9917.065
19296,10131.479
19297,6546.787
19298,3495.415
19299,11827.614
19300,10188.933
19301,9822.798
19302,9823.772
19303,9501.492
19304,6081.32
19305,3016.0544
19306,8266.829
19307,8078.2866
19308,8016.078
19309,8202.512
19310,8220.291
19311,6085.9155
19312,3018.3342
19313,10789.586
19314,9630.547
19315,9526.101
19316,9614.266
19317,9542.396
19318,6104.1646
19319,3027.3865
19320,8357.717
19321,8082.325
19322,8078.1636
19323,8432.197
19324,9064.457
19325,6586.258
19326,3318.583
19327,12894.221
19328,10600.585
19329,10250.564
19330,10091.802
19331,9766.104
19332,6400.0015
19333,3056.1255
19334,8555.938
19335,8192.121
19336,8088.402
19337,8270.268
19338,8290.091
19339,6112.181
19340,3033.6543
19341,10691.828
19342,9661.515
19343,9508.963
19344,9641.318
19345,10237.102
19346,7987.641
19347,12937.298
19348,11620.908
19349,11639.365
19350,11663.758
19351,11968.119
19352,9951.697
19353,8040.4897
19354,9566.309
19355,9345.93
19356,9484.362
19357,9875.318
19358,10473.995
19359,9959.217
19360,8046.566
19361,12431.699
19362,11381.564
19363,11473.837
19364,11597.246
19365,12008.836
19366,9989.078
19367,8070.6934
19368,9444.021
19369,9169.235
19370,9356.07
19371,10101.74
19372,11794.293
19373,10863.251
19374,8592.887
19375,15152.013
19376,11914.25
19377,11961.991
19378,11865.612
19379,12122.161
19380,10249.959
19381,8029.745
19382,9898.439
19383,9528.427
19384,9532.49
19385,9917.936
19386,10519.196
19387,10002.196
19388,8087.399
19389,12225.485
19390,11316.641
19391,11408.387
19392,11584.379
19393,9421.18
19394,6683.442
19395,14266.188
19396,12333.007
19397,12031.937
19398,12064.237
19399,12229.625
19400,9065.053
19401,5983.614
19402,10598.29
19403,10409.749
19404,10416.761
19405,10572.717
19406,10761.447
19407,9077.027
19408,5991.518
19409,13674.617
19410,12057.3125
19411,12011.505
19412,12147.832
19413,12342.644
19414,9105.312
19415,6010.189
19416,10407.565
19417,10162.398
19418,10343.45
19419,10858.113
19420,12088.69
19421,9854.815
19422,6337.7417
19423,16980.934
19424,12415.608
19425,12246.4795
19426,12279.415
19427,12277.295
19428,9157.219
19429,6296.4194
19430,10908.487
19431,10476.243
19432,10469.621
19433,10612.35
19434,10801.788
19435,9111.054
19436,6021.924
19437,13447.788
19438,11987.128
19439,11941.587
19440,12132.93
19441,8213.002
19442,5534.095
19443,10653.523
19444,9073.192
19445,9083.652
19446,9055.66
19447,9324.437
19448,7814.3
19449,5402.782
19450,7827.936
19451,7729.859
19452,7835.8765
19453,8281.137
19454,8700.825
19455,7820.2046
19456,5170.9517
19457,9947.777
19458,8796.383
19459,8908.313
19460,8992.2705
19461,9364.578
19462,7843.6533
19463,5186.4575
19464,7948.517
19465,7777.634
19466,8005.542
19467,8689.695
19468,9757.101
19469,8820.798
19470,5644.633
19471,11826.047
19472,9434.946
19473,9468.572
19474,9328.644
19475,9456.072
19476,8170.1167
19477,5395.5615
19478,8099.7197
19479,7880.803
19480,7885.931
19481,8327.742
19482,8751.796
19483,7853.954
19484,5434.3047
19485,9831.908
19486,8801.628
19487,8869.069
19488,8994.028
19489,7155.097
19490,5976.136
19491,11135.578
19492,9109.725
19493,8797.046
19494,8791.526
19495,8899.762
19496,6664.9683
19497,5499.659
19498,7509.111
19499,7562.039
19500,7575.0835
19501,7845.5913
19502,8108.5547
19503,6670.005
19504,5503.8154
19505,10256.09
19506,8674.575
19507,8656.235
19508,8759.328
19509,8938.075
19510,6690.005
19511,5520.3193
19512,7607.7173
19513,7566.512
19514,7718.565
19515,8229.233
19516,9115.1045
19517,7533.595
19518,5978.85
19519,12037.757
19520,9473.477
19521,9221.445
19522,9107.439
19523,9019.517
19524,6945.1147
19525,5473.91
19526,7789.3413
19527,7669.2803
19528,7644.107
19529,7911.1006
19530,8178.1313
19531,6698.791
19532,5531.7466
19533,10164.066
19534,8703.241
19535,8641.428
19536,8784.754
19537,4129.78
19538,2956.2917
19539,6763.0166
19540,5350.14
19541,5074.401
19542,5054.6665
19543,5248.4165
19544,3883.0034
19545,2811.9727
19546,4465.0205
19547,4382.668
19548,4357.5356
19549,4387.939
19550,4765.37
19551,3885.9382
19552,2814.0994
19553,6217.9556
19554,5044.239
19555,5008.8735
19556,5036.1523
19557,5271.013
19558,3897.5916
19559,2822.5393
19560,4511.4463
19561,4380.415
19562,4350.3423
19563,4520.669
19564,5434.88
19565,4358.554
19566,3207.9375
19567,7435.7085
19568,5507.9116
19569,5350.451
19570,5270.641
19571,5400.623
19572,3996.9924
19573,2798.8062
19574,4606.409
19575,4427.5576
19576,4380.16
19577,4407.3906
19578,4787.5903
19579,3902.711
19580,2828.383
19581,6146.241
19582,5041.247
19583,4980.878
19584,5031.1494
19585,9292.129
19586,8532.143
19587,13656.645
19588,10908.123
19589,10496.186
19590,10447.954
19591,10752.572
19592,9072.362
19593,8196.967
19594,9366.874
19595,9116.234
19596,9152.416
19597,9346.17
19598,9718.807
19599,9079.218
19600,8203.161
19601,12536.238
19602,10430.699
19603,10346.914
19604,10388.375
19605,10758.358
19606,9106.44
19607,8227.758
19608,9546.348
19609,9202.59
19610,9296.109
19611,9832.931
19612,11021.159
19613,9972.125
19614,8872.674
19615,14625.196
19616,11153.925
19617,10847.017
19618,10687.668
19619,10901.8
19620,9344.271
19621,8614.428
19622,9690.196
19623,9220.557
19624,9198.86
19625,9386.505
19626,9760.749
19627,9118.4
19628,8244.789
19629,12328.29
19630,10371.199
19631,10287.892
19632,10376.849
19633,9204.434
19634,7786.3105
19635,15055.24
19636,13008.342
19637,12561.492
19638,12632.075
19639,12616.495
19640,9015.276
19641,7504.1777
19642,11066.324
19643,10882.985
19644,10829.537
19645,10946.319
19646,11109.2705
19647,9022.089
19648,7509.8486
19649,14024.7705
19650,12572.795
19651,12471.399
19652,12585.8125
19653,12670.809
19654,9049.141
19655,7532.3667
19656,10490.831
19657,10226.26
19658,10253.283
19659,10729.6455
19660,11463.851
19661,9069.446
19662,7518.177
19663,16702.45
19664,13169.214
19665,12834.334
19666,12794.089
19667,12732.542
19668,9254.362
19669,7859.942
19670,11366.323
19671,10938.211
19672,10884.49
19673,10993.559
19674,11157.212
19675,9061.025
19676,7547.9585
19677,13861.419
19678,12580.292
19679,12416.461
19680,12588.273
19681,7520.3423
19682,6761.804
19683,10675.524
19684,8886.14
19685,8909.537
19686,8876.491
19687,9234.4
19688,7243.2495
19689,6632.6313
19690,7289.6094
19691,7241.136
19692,7323.2134
19693,7642.277
19694,7947.213
19695,7210.5493
19696,6641.393
19697,10065.54
19698,8783.749
19699,8843.567
19700,8921.297
19701,9281.014
19702,7275.4185
19703,6662.089
19704,7412.3833
19705,7338.0435
19706,7573.2993
19707,8141.0166
19708,9043.774
19709,8276.684
19710,7581.336
19711,12733.393
19712,9127.771
19713,9152.556
19714,9087.656
19715,9252.545
19716,7427.4575
19717,6632.252
19718,7457.855
19719,7306.3853
19720,7360.3765
19721,7670.9263
19722,7977.005
19723,7280.007
19724,6675.096
19725,9898.572
19726,8750.869
19727,8810.464
19728,8928.976
19729,5233.454
19730,4251.457
19731,11189.662
19732,8525.7
19733,8167.701
19734,8256.664
19735,8367.472
19736,4949.345
19737,3768.5671
19738,6846.947
19739,6833.318
19740,6801.8965
19741,7001.9307
19742,7252.022
19743,4953.086
19744,3606.847
19745,10198.014
19746,8143.4087
19747,8048.623
19748,8216.003
19749,8402.509
19750,4967.9385
19751,3617.6636
19752,6941.9756
19753,6892.374
19754,6919.9087
19755,7415.2827
19756,8482.096
19757,5601.387
19758,4257.943
19759,12639.306
19760,8854.186
19761,8579.244
19762,8550.375
19763,8527.961
19764,5160.6875
19765,3960.5227
19766,7078.535
19767,6923.1436
19768,6842.5596
19769,7038.47
19770,7283.32
19771,4974.4634
19772,3790.5566
19773,10028.848
19774,8096.9546
19775,8002.7095
19776,8206.887
19777,7464.466
19778,4586.53
19779,11071.92
19780,9848.971
19781,9688.829
19782,9672.385
19783,9772.011
19784,7674.3657
19785,4261.9736
19786,8508.7295
19787,8405.755
19788,8445.084
19789,8652.554
19790,8792.273
19791,7674.3657
19792,4076.0051
19793,10459.171
19794,9646.046
19795,9599.166
19796,9760.497
19797,9883.676
19798,7698.2803
19799,4088.708
19800,8449.136
19801,8280.711
19802,8519.392
19803,8907.099
19804,9838.728
19805,8393.346
19806,4410.04
19807,12991.79
19808,10187.174
19809,10020.233
19810,9929.038
19811,9802.741
19812,7810.3354
19813,4621.9946
19814,8879.785
19815,8577.305
19816,8547.8545
19817,8686.19
19818,8864.654
19819,7695.725
19820,4420.485
19821,10350.675
19822,9650.5
19823,9586.887
19824,9749.872
19825,5513.715
19826,5369.03
19827,9165.975
19828,7278.167
19829,7055.4556
19830,7138.737
19831,7271.471
19832,5119.5522
19833,5009.5713
19834,5942.1343
19835,5995.1426
19836,5971.487
19837,6162.502
19838,6417.2334
19839,5126.315
19840,5016.189
19841,8629.946
19842,7061.259
19843,7010.3105
19844,7178.8247
19845,7308.1763
19846,5142.2905
19847,5031.8213
19848,6020.4077
19849,6051.8433
19850,6082.538
19851,6491.552
19852,7351.9707
19853,5700.389
19854,5722.2236
19855,11243.526
19856,7462.772
19857,7341.0396
19858,7359.906
19859,7375.5137
19860,5274.111
19861,5009.2847
19862,6111.756
19863,6025.567
19864,6001.791
19865,6185.6045
19866,6441.2905
19867,5145.5337
19868,5041.646
19869,8496.347
19870,7053.8203
19871,7002.926
19872,7204.4033
19873,2706.7607
19874,3416.3396
19875,5495.3228
19876,4269.4526
19877,4057.0713
19878,4014.4548
19879,4067.9414
19880,2364.02
19881,3040.634
19882,3361.4214
19883,3276.6125
19884,3245.4385
19885,3247.5662
19886,3372.3577
19887,2365.8083
19888,3042.9324
19889,5073.6895
19890,4017.4429
19891,3986.7493
19892,3986.3499
19893,4092.9148
19894,2372.904
19895,3052.0583
19896,3402.5752
19897,3276.3813
19898,3255.4106
19899,3427.4058
19900,3907.8108
19901,2638.079
19902,3355.4238
19903,5974.626
19904,4394.339
19905,4266.005
19906,4182.775
19907,4202.8887
19908,2438.3552
19909,3036.57
19910,3477.764
19911,3319.6184
19912,3271.5964
19913,3271.2688
19914,3364.1482
19915,2376.0203
19916,3058.3772
19917,5018.309
19918,4017.5732
19919,3966.9468
19920,3984.8823
19921,11344.781
19922,9717.713
19923,15312.205
19924,12600.465
19925,12285.015
19926,12364.252
19927,12758.531
19928,11076.842
19929,9266.552
19930,11256.498
19931,10791.912
19932,10798.615
19933,11031.959
19934,11516.902
19935,11091.474
19936,9278.792
19937,14361.162
19938,12320.791
19939,12297.2295
19940,12420.299
19941,12822.931
19942,11126.034
19943,9307.705
19944,11077.296
19945,10581.17
19946,10799.243
19947,11498.596
19948,12653.587
19949,12015.778
19950,10136.679
19951,17461.314
19952,12711.672
19953,12534.959
19954,12544.874
19955,12756.171
19956,11189.47
19957,9750.951
19958,11623.701
19959,10846.676
19960,10853.412
19961,11073.314
19962,11560.075
19963,11133.051
19964,9325.877
19965,14122.945
19966,12274.673
19967,12251.199
19968,12430.988
19969,6707.7935
19970,6294.192
19971,9972.277
19972,8024.493
19973,7963.337
19974,8057.141
19975,8415.365
19976,6432.437
19977,5891.213
19978,6286.2783
19979,6375.4355
19980,6483.495
19981,6874.5356
19982,7294.506
19983,5353.5347
19984,5898.995
19985,9371.619
19986,7854.696
19987,7926.8867
19988,8113.2734
19989,8473.993
19990,6461.0054
19991,5917.378
19992,6388.377
19993,6460.1553
19994,6622.7764
19995,7243.4985
19996,8697.324
19997,7396.8315
19998,7028.0054
19999,12347.412
20000,8279.731
20001,8321.843
20002,8345.936
20003,8562.796
20004,6589.8525
20005,5890.876
20006,6431.3696
20007,6432.8853
20008,6516.3975
20009,6900.307
20010,7321.8516
20011,6465.08
20012,5928.9316
20013,9216.161
20014,7844.304
20015,7916.3994
20016,8139.984
20017,5181.9526
20018,4795.996
20019,9590.811
20020,7843.6606
20021,7499.4766
20022,7514.993
20023,7532.848
20024,4822.613
20025,4518.9834
20026,6462.9346
20027,6516.8076
20028,6530.397
20029,6664.205
20030,6796.1445
20031,4826.2573
20032,4522.3984
20033,8910.531
20034,7512.284
20035,7412.348
20036,7517.495
20037,7557.2515
20038,4840.7295
20039,4535.96
20040,6585.831
20041,6564.9585
20042,6528.7095
20043,6784.0073
20044,7588.6787
20045,5234.218
20046,4706.032
20047,11884.379
20048,8144.7603
20049,7901.29
20050,7797.9863
20051,7766.3
20052,5022.739
20053,4497.8247
20054,6684.8003
20055,6609.1836
20056,6563.537
20057,6692.9663
20058,6825.4746
20059,4847.0874
20060,4545.35
20061,8762.721
20062,7469.43
20063,7370.064
20064,7509.154
20065,5085.327
20066,4844.4253
20067,8916.524
20068,6672.868
20069,6474.5156
20070,6465.1606
20071,6710.507
20072,4891.0425
20073,4682.113
20074,5596.255
20075,5641.7637
20076,5619.502
20077,5692.3857
20078,5993.856
20079,4868.9595
20080,4688.2983
20081,7879.638
20082,6495.0635
20083,6448.1997
20084,6501.4663
20085,6744.381
20086,4912.766
20087,4702.9087
20088,5665.5186
20089,5690.6484
20090,5693.222
20091,5941.7773
20092,6917.2295
20093,5398.434
20094,5308.2744
20095,9833.925
20096,6815.19
20097,6704.0195
20098,6651.0923
20099,6750.527
20100,4973.429
20101,4681.845
20102,5913.9697
20103,5670.395
20104,5648.02
20105,5713.726
20106,6016.326
20107,4915.8643
20108,4712.092
20109,7748.9263
20110,6479.755
20111,6433.0015
20112,6516.1177
20113,1750.0508
20114,1886.6572
20115,4191.678
20116,3130.6086
20117,3036.657
20118,3044.8518
20119,3060.5107
20120,1559.228
20121,1712.978
20122,2259.0952
20123,2177.1218
20124,2190.0806
20125,2229.4626
20126,2313.3042
20127,1560.4076
20128,1714.2739
20129,3921.6353
20130,2995.4805
20131,2993.8064
20132,3023.5332
20133,3073.6892
20134,1565.0889
20135,1719.4165
20136,2287.7131
20137,2185.1423
20138,2225.3503
20139,2345.7576
20140,2586.2104
20141,1606.5596
20142,1784.5872
20143,4484.082
20144,3213.1963
20145,3198.3364
20146,3158.9438
20147,3178.5474
20148,1594.1027
20149,1683.8389
20150,2323.5432
20151,2203.4622
20152,2196.571
20153,2234.3796
20154,2295.9993
20155,1542.726
20156,1695.9354
20157,3880.404
20158,2996.7954
20159,2980.1455
20160,3023.6487
20161,8451.659
20162,6740.136
20163,14421.665
20164,12625.752
20165,12372.958
20166,12349.402
20167,12454.105
20168,8954.681
20169,6347.639
20170,10604.65
20171,10502.174
20172,10534.236
20173,10749.681
20174,10922.511
20175,8954.681
20176,6347.639
20177,13878.986
20178,12415.774
20179,12298.25
20180,12432.624
20181,12580.363
20182,8982.584
20183,6367.42
20184,10059.57
20185,9883.384
20186,10072.07
20187,10644.362
20188,11590.236
20189,9149.126
20190,6495.8813
20191,16900.715
20192,12700.935
20193,12488.504
20194,12530.214
20195,12480.859
20196,9046.25
20197,6899.9316
20198,11064.899
20199,10702.847
20200,10662.428
20201,10816.757
20202,11038.232
20203,8952.973
20204,6564.176
20205,13611.432
20206,12309.738
20207,12224.389
20208,12448.191
20209,6320.82
20210,4865.352
20211,9010.171
20212,6528.5347
20213,6516.658
20214,6575.123
20215,6979.1143
20216,6043.2485
20217,4694.4336
20218,5304.048
20219,5335.3457
20220,5493.9756
20221,5699.188
20222,6209.4214
20223,5295.6006
20224,4700.635
20225,8032.48
20226,6421.195
20227,6503.3765
20228,6608.3135
20229,7014.3438
20230,6070.089
20231,4715.284
20232,5390.1963
20233,5406.246
20234,5568.4814
20235,5918.4395
20236,7114.952
20237,6600.219
20238,5314.7896
20239,10010.29
20240,5947.1357
20241,6554.091
20242,6698.35
20243,6967.9663
20244,6238.695
20245,4668.119
20246,5492.6445
20247,5317.0967
20248,5434.4805
20249,5749.2773
20250,6241.8076
20251,6140.932
20252,4702.451
20253,7844.5513
20254,6384.387
20255,6476.1772
20256,6654.341
20257,4573.0225
20258,3723.3572
20259,6616.2476
20260,5085.143
20261,4967.6826
20262,4993.203
20263,5208.8916
20264,4132.4907
20265,3409.883
20266,4154.772
20267,4027.942
20268,4062.4697
20269,4191.602
20270,4632.9414
20271,4135.6143
20272,3412.4604
20273,6155.323
20274,4868.2954
20275,4878.429
20276,4958.248
20277,5231.318
20278,4148.016
20279,3422.694
20280,4207.389
20281,4042.7773
20282,4073.9294
20283,4312.6235
20284,5280.67
20285,4617.7686
20286,3812.4016
20287,7272.6987
20288,5190.565
20289,5180.213
20290,5177.491
20291,5388.5156
20292,4245.273
20293,3368.9302
20294,4294.9824
20295,4097.376
20296,4095.211
20297,4222.193
20298,4628.1797
20299,4109.553
20300,3393.1233
20301,6088.139
20302,4868.453
20303,4854.199
20304,4956.4224
20305,3887.618
20306,3975.9292
20307,6424.503
20308,5368.2
20309,5120.27
20310,5090.224
20311,5190.674
20312,3598.4065
20313,3732.5964
20314,4226.795
20315,4208.8105
20316,4219.62
20317,4251.5586
20318,4483.12
20319,3601.1262
20320,3735.4175
20321,5906.7427
20322,5034.6973
20323,5041.146
20324,5071.5796
20325,5213.022
20326,3611.9255
20327,3746.6194
20328,4270.744
20329,4200.8447
20330,4205.784
20331,4357.964
20332,5082.088
20333,4060.8774
20334,4274.045
20335,6904.481
20336,5475.6597
20337,5363.5376
20338,5321.4097
20339,5309.51
20340,3713.599
20341,3715.1191
20342,4360.6416
20343,4251.9194
20344,4241.529
20345,4270.406
20346,4465.7744
20347,3616.6697
20348,3754.376
20349,5838.617
20350,5031.711
20351,5012.97
20352,5066.5415
20353,5652.45
20354,3420.3376
20355,7534.271
20356,5949.5527
20357,5844.278
20358,5797.2856
20359,5924.7314
20360,5116.12
20361,3139.8835
20362,4725.1895
20363,4540.8647
20364,4602.0786
20365,4729.076
20366,5129.8613
20367,5119.987
20368,3142.2568
20369,6955.748
20370,5712.62
20371,5734.6924
20372,5756.702
20373,5950.2393
20374,5135.34
20375,3151.6807
20376,4785.0293
20377,4563.8843
20378,4614.149
20379,4982.5366
20380,6146.892
20381,5869.8315
20382,3536.9062
20383,8545.54
20384,6021.246
20385,6019.9253
20386,5993.5986
20387,6162.731
20388,5165.4795
20389,3093.3481
20390,4870.7524
20391,4606.0005
20392,4625.973
20393,4750.04
20394,5102.82
20395,5073.254
20396,3115.563
20397,6875.526
20398,5709.2314
20399,5702.6406
20400,5750.9834
20401,7040.2563
20402,5578.8857
20403,9853.6875
20404,8614.354
20405,8207.341
20406,8144.348
20407,8207.771
20408,6644.6436
20409,5330.93
20410,7175.087
20411,7115.013
20412,7101.372
20413,7189.3906
20414,7502.088
20415,6649.665
20416,5334.959
20417,8926.199
20418,8119.722
20419,8051.9556
20420,8087.3374
20421,8243.106
20422,6669.604
20423,5350.9565
20424,7253.973
20425,7115.563
20426,7093.1743
20427,7403.1274
20428,8197.812
20429,7268.219
20430,5602.199
20431,10532.95
20432,8892.362
20433,8626.547
20434,8457.836
20435,8355.183
20436,6937.7656
20437,5323.8057
20438,7402.2734
20439,7187.8823
20440,7138.2397
20441,7221.2583
20442,7537.067
20443,6678.3633
20444,5362.0337
20445,8823.255
20446,8114.9067
20447,8006.9546
20448,8079.3037
20449,4953.955
20450,3834.2407
20451,11782.15
20452,8702.07
20453,8460.07
20454,8518.36
20455,8691.461
20456,4757.0317
20457,3400.304
20458,6990.6133
20459,7083.175
20460,7022.437
20461,7183.051
20462,7275.932
20463,4763.316
20464,3256.2212
20465,10995.719
20466,8514.128
20467,8441.121
20468,8582.55
20469,8752.013
20470,4778.16
20471,3266.3699
20472,7077.131
20473,7130.8154
20474,7235.8403
20475,7696.9805
20476,8304.003
20477,5339.001
20478,3848.598
20479,13736.446
20480,8915.904
20481,8752.288
20482,8757.941
20483,8737.316
20484,4877.3545
20485,3585.1978
20486,7199.5674
20487,7149.5234
20488,7088.217
20489,7240.77
20490,7366.6973
20491,4793.5356
20492,3428.8806
20493,10810.126
20494,8493.081
20495,8420.255
20496,8600.898
20497,7905.24
20498,6106.4414
20499,10346.638
20500,8328.647
20501,8374.139
20502,8421.508
20503,8835.406
20504,7580.9814
20505,5963.8364
20506,6832.288
20507,6903.7437
20508,6997.898
20509,7481.701
20510,7915.705
20511,7590.9956
20512,5971.7144
20513,9755.443
20514,8232.68
20515,8312.133
20516,8464.018
20517,8880.005
20518,7614.65
20519,5990.3237
20520,6947.3604
20521,6999.62
20522,7206.218
20523,7924.256
20524,9094.385
20525,8593.034
20526,6762.1523
20527,12323.506
20528,8572.39
20529,8619.918
20530,8621.851
20531,8852.767
20532,7773.7773
20533,5963.495
20534,6989.9795
20535,6965.9526
20536,7033.41
20537,7509.7485
20538,7945.379
20539,7619.452
20540,6002.02
20541,9626.441
20542,8242.863
20543,8322.414
20544,8513.649
20545,5502.6553
20546,4836.3496
20547,7909.8936
20548,5833.284
20549,5735.0645
20550,5719.637
20551,5974.1416
20552,5040.7134
20553,4489.8774
20554,4706.288
20555,4616.491
20556,4678.7246
20557,4835.178
20558,5268.58
20559,5044.523
20560,4493.271
20561,7078.1772
20562,5631.763
20563,5653.5234
20564,5698.6875
20565,5999.862
20566,5059.6494
20567,4506.745
20568,4765.888
20569,4639.8936
20570,4712.523
20571,5089.127
20572,6053.073
20573,5653.7607
20574,4968.725
20575,8476.709
20576,6028.7285
20577,5997.276
20578,5900.492
20579,6024.2334
20580,5213.703
20581,4468.8555
20582,4984.409
20583,4682.7114
20584,4703.0166
20585,4856.612
20586,5235.4365
20587,5066.295
20588,4516.0747
20589,6996.5435
20590,5628.423
20591,5621.9253
20592,5693.0264
20593,4617.1035
20594,4693.596
20595,7155.343
20596,5532.0737
20597,5393.8945
20598,5366.48
20599,5540.3066
20600,4266.359
20601,4362.5015
20602,4191.93
20603,4160.348
20604,4241.6704
20605,4344.3833
20606,4645.0796
20607,4247.0957
20608,4368.2646
20609,6691.849
20610,5348.1855
20611,5361.2563
20612,5393.5703
20613,5568.2744
20614,4285.308
20615,4381.878
20616,4260.0186
20617,4215.637
20618,4299.9185
20619,4590.2285
20620,5370.6226
20621,4829.716
20622,4995.137
20623,8319.946
20624,5077.228
20625,5518.44
20626,5530.4175
20627,5597.563
20628,4424.0913
20629,4338.0474
20630,4199.238
20631,4120.8037
20632,4186.451
20633,4364.087
20634,4647.925
20635,4335.325
20636,4369.9526
20637,6580.7886
20638,5313.9683
20639,5310.4165
20640,5393.704
20641,2758.8738
20642,2983.7244
20643,6275.261
20644,4751.155
20645,4504.446
20646,4487.7324
20647,4484.9893
20648,2458.8357
20649,2709.9053
20650,3789.595
20651,3591.1572
20652,3568.9893
20653,3595.85
20654,3667.673
20655,2460.6956
20656,2711.9548
20657,5769.642
20658,4503.0796
20659,4446.3364
20660,4476.4155
20661,4465.889
20662,2468.076
20663,2720.0884
20664,3861.2183
20665,3614.521
20666,3573.4316
20667,3768.5708
20668,4273.1562
20669,2673.1694
20670,3213.1934
20671,6868.3354
20672,4879.7373
20673,4737.23
20674,4676.6987
20675,4652.662
20676,2489.3333
20677,2697.2166
20678,3922.331
20679,3639.7551
20680,3587.1033
20681,3611.3708
20682,3683.504
20683,2471.317
20684,2725.7202
20685,5673.9277
20686,4477.389
20687,4420.9697
20688,4471.4478
20689,2703.313
20690,3214.7722
20691,5079.694
20692,4130.5244
20693,3918.8867
20694,3877.063
20695,3987.799
20696,2441.1287
20697,2958.309
20698,3178.2683
20699,3098.079
20700,3068.603
20701,3092.0264
20702,3217.8682
20703,2442.975
20704,2960.5464
20705,4672.124
20706,3871.944
20707,3842.3618
20708,3849.9197
20709,4012.2803
20710,2450.3022
20711,2969.4253
20712,3217.1807
20713,3097.8606
20714,3084.9197
20715,3257.4329
20716,3564.6477
20717,2676.709
20718,3392.6313
20719,5542.706
20720,4251.3477
20721,4127.1885
20722,4055.0322
20723,4104.554
20724,2526.3801
20725,2954.355
20726,3288.2737
20727,3138.7427
20728,3093.3362
20729,3114.5942
20730,3214.5608
20731,2453.52
20732,2975.5747
20733,4628.396
20734,3878.1616
20735,3829.2915
20736,3854.5571
20737,6377.8687
20738,5533.4146
20739,9360.051
20740,7844.8804
20741,7799.3105
20742,7843.504
20743,8033.522
20744,5748.137
20745,4980.042
20746,6406.4814
20747,6442.04
20748,6563.8564
20749,6928.686
20750,7289.178
20751,5752.481
20752,4766.3477
20753,8810.053
20754,7671.453
20755,7694.852
20756,7832.021
20757,8068.0996
20758,5769.7305
20759,4780.6406
20760,6514.576
20761,6515.024
20762,6641.2915
20763,7185.634
20764,8033.9126
20765,6331.488
20766,4759.483
20767,11046.595
20768,8162.9272
20769,8154.523
20770,8074.2505
20771,8171.4883
20772,6017.537
20773,4956.725
20774,6625.234
20775,6579.6523
20776,6603.0967
20777,6964.8433
20778,7320.636
20779,5777.308
20780,5009.098
20781,8663.908
20782,7627.691
20783,7650.956
20784,7823.3306
20785,16260.213
20786,20153.568
20787,20017.254
20788,17814.967
20789,17751.316
20790,17923.117
20791,18101.793
20792,16001.802
20793,20562.158
20794,16543.611
20795,16072.726
20796,16193.928
20797,16419.229
20798,16976.027
20799,16013.894
20800,20577.695
20801,19347.236
20802,17583.459
20803,17656.34
20804,17857.479
20805,18179.719
20806,16061.907
20807,20639.39
20808,16768.545
20809,16147.9375
20810,16254.554
20811,16836.314
20812,17867.682
20813,16826.154
20814,21346.133
20815,21701.17
20816,17968.283
20817,17969.38
20818,18039.389
20819,18206.701
20820,16417.506
20821,20492.639
20822,16965.96
20823,16241.057
20824,16297.365
20825,16511.627
20826,17120.426
20827,16104.013
20828,20709.133
20829,19026.318
20830,17506.002
20831,17578.562
20832,17860.969
20833,3319.4348
20834,3680.1147
20835,5881.6567
20836,4823.9697
20837,4640.7437
20838,4623.4805
20839,4694.5454
20840,2924.6592
20841,3255.7087
20842,3824.4
20843,3671.107
20844,3667.04
20845,3696.6902
20846,3950.4785
20847,2928.5273
20848,3260.01
20849,5560.0107
20850,4631.9165
20851,4613.8145
20852,4644.982
20853,4737.1577
20854,2937.655
20855,3270.1704
20856,3872.188
20857,3698.2422
20858,3718.6682
20859,3920.0383
20860,4641.6777
20861,3231.2678
20862,3618.1365
20863,6614.1465
20864,4895.014
20865,4831.204
20866,4793.476
20867,4826.4277
20868,2958.6052
20869,3255.5225
20870,3938.2764
20871,3690.1687
20872,3685.6514
20873,3710.55
20874,3965.2898
20875,2939.504
20876,3276.5564
20877,5467.7734
20878,4604.9507
20879,4586.9546
20880,4639.283
20881,5652.224
20882,4634.824
20883,7904.2974
20884,5826.417
20885,5729.34
20886,5772.554
20887,6134.27
20888,5210.5464
20889,4316.1133
20890,4626.2466
20891,4577.059
20892,4689.7295
20893,4888.258
20894,5378.974
20895,5217.4297
20896,4321.8154
20897,7179.523
20898,5646.9697
20899,5697.9214
20900,5802.3696
20901,6202.75
20902,5233.689
20903,4335.284
20904,4701.9355
20905,4638.4243
20906,4755.562
20907,5175.1113
20908,6239.117
20909,5859.7007
20910,4990.432
20911,8816.836
20912,5940.3833
20913,5969.6016
20914,5963.444
20915,6298.0474
20916,5303.5015
20917,4315.866
20918,4844.5176
20919,4600.8237
20920,4713.5303
20921,4906.584
20922,5399.1396
20923,5236.9897
20924,4343.749
20925,7060.424
20926,5614.096
20927,5664.751
20928,5795.251
20929,5348.5225
20930,4442.7837
20931,9255.439
20932,7351.844
20933,7035.584
20934,7083.3643
20935,7076.429
20936,4997.825
20937,4203.1494
20938,6166.2
20939,6180.338
20940,6185.144
20941,6364.2925
20942,6570.465
20943,5001.6025
20944,4206.326
20945,8509.185
20946,6996.63
20947,6903.5527
20948,7052.771
20949,7090.09
20950,5016.6006
20951,4218.94
20952,6278.518
20953,6224.958
20954,6162.1313
20955,6586.8926
20956,7468.2617
20957,5502.1675
20958,4445.556
20959,11068.404
20960,7608.7188
20961,7381.2705
20962,7360.9873
20963,7269.356
20964,5185.824
20965,4197.5317
20966,6377.881
20967,6259.766
20968,6216.5327
20969,6391.76
20970,6598.822
20971,5023.1895
20972,4227.674
20973,8368.03
20974,6956.717
20975,6864.1704
20976,7044.945
20977,4667.251
20978,5770.473
20979,7358.558
20980,6113.26
20981,5823.589
20982,5868.93
20983,6072.4688
20984,4287.758
20985,5327.204
20986,4993.8223
20987,5027.93
20988,4988.9375
20989,5094.5083
20990,5405.952
20991,4293.422
20992,5334.2417
20993,6816.341
20994,5831.5654
20995,5797.2856
20996,5901.888
20997,6103.1226
20998,4306.8022
20999,5350.8647
21000,5055.631
21001,5071.4976
21002,5056.9043
21003,5375.1733
21004,6514.098
21005,4897.9146
21006,5978.2227
21007,8833.199
21008,6146.036
21009,6053.922
21010,6125.377
21011,6238.088
21012,4361.9644
21013,5326.8994
21014,5133.523
21015,5062.5366
21016,5023.2754
21017,5122.805
21018,5459.9194
21019,4309.5186
21020,5361.3125
21021,6693.522
21022,5802.8286
21023,5768.718
21024,5899.9463
21025,5146.1816
21026,5593.112
21027,7425.963
21028,6331.669
21029,6235.054
21030,6317.029
21031,6416.4863
21032,4806.108
21033,5071.7344
21034,4642.519
21035,4747.798
21036,4902.3877
21037,5180.287
21038,5440.1807
21039,4806.108
21040,5071.7344
21041,7028.099
21042,6158.3945
21043,6154.2783
21044,6355.2964
21045,6502.5327
21046,4821.0854
21047,5087.5396
21048,4712.249
21049,4778.306
21050,4951.0073
21051,5459.5654
21052,6268.4834
21053,5357.09
21054,5728.7827
21055,9049.693
21056,6459.1694
21057,6448.618
21058,6561.5405
21059,6630.329
21060,4895.4624
21061,5114.9443
21062,4813.6367
21063,4842.6973
21064,4959.5957
21065,5202.501
21066,5461.9927
21067,4802.6206
21068,5147.9883
21069,6911.564
21070,6126.8086
21071,6141.7817
21072,6340.293
21073,5734.3203
21074,4908.068
21075,7340.22
21076,5988.0845
21077,5894.473
21078,5918.3545
21079,6269.643
21080,5299.3145
21081,4585.5547
21082,4603.6025
21083,4631.1255
21084,4723.297
21085,4898.4707
21086,5407.128
21087,5306.315
21088,4591.6123
21089,6762.0815
21090,5801.7773
21091,5854.1255
21092,5948.2305
21093,6301.292
21094,5322.851
21095,4605.9214
21096,4678.3765
21097,4692.6694
21098,4767.7207
21099,5131.721
21100,6423.167
21101,6034.2974
21102,5342.027
21103,8568.146
21104,6027.435
21105,6057.081
21106,6134.8843
21107,6461.548
21108,5417.9697
21109,4599.4897
21110,4820.805
21111,4655.1704
21112,4769.208
21113,4917.407
21114,5473.7324
21115,5343.3213
21116,4629.204
21117,6650.6797
21118,5768.674
21119,5820.723
21120,5941.6245
21121,2929.1045
21122,3503.1694
21123,5797.695
21124,4815.2993
21125,4553.0093
21126,4517.1
21127,4500.589
21128,2528.7048
21129,3084.4077
21130,3426.827
21131,3338.5781
21132,3316.6335
21133,3330.2473
21134,3414.3164
21135,2530.6174
21136,3086.739
21137,5362.2686
21138,4530.9307
21139,4473.837
21140,4488.807
21141,4487.7964
21142,2538.2073
21143,3095.9963
21144,3496.5623
21145,3365.0789
21146,3325.9866
21147,3513.7793
21148,4058.3176
21149,2808.4885
21150,3444.6602
21151,6280.1294
21152,4902.35
21153,4759.183
21154,4709.171
21155,4686.398
21156,2570.7273
21157,3080.2852
21158,3545.4326
21159,3382.3972
21160,3333.4673
21161,3344.622
21162,3429.054
21163,2541.5403
21164,3102.4062
21165,5273.311
21166,4505.0815
21167,4448.3135
21168,4483.8257
21169,8806.474
21170,5390.5205
21171,10722.944
21172,9057.552
21173,9088.939
21174,9077.14
21175,9500.359
21176,8360.443
21177,5260.169
21178,7619.932
21179,7594.761
21180,7706.7803
21181,8162.8496
21182,8640.934
21183,8322.7
21184,5267.1177
21185,10240.578
21186,8947.219
21187,9043.473
21188,9122.958
21189,9548.314
21190,8397.573
21191,5283.5317
21192,7764.648
21193,7716.511
21194,7990.788
21195,8624.86
21196,9717.249
21197,9450.888
21198,5952.3623
21199,12654.504
21200,9293.45
21201,9355.223
21202,9299.275
21203,9500.3955
21204,8512.837
21205,5259.868
21206,7795.8003
21207,7663.1963
21208,7745.889
21209,8193.45
21210,8673.325
21211,8402.869
21212,5293.848
21213,10070.706
21214,8925.102
21215,9021.117
21216,9142.461
21217,6408.6206
21218,4887.279
21219,8935.059
21220,7124.622
21221,7096.307
21222,7255.6543
21223,7577.8657
21224,5973.572
21225,4597.3535
21226,5655.4326
21227,5701.9443
21228,5880.2993
21229,6237.1064
21230,6714.553
21231,5981.4624
21232,4603.427
21233,8435.737
21234,6978.2954
21235,7056.9497
21236,7302.6577
21237,7672.47
21238,6000.1025
21239,4617.773
21240,5747.956
21241,5785.9385
21242,5960.0435
21243,6524.3267
21244,7610.787
21245,6639.9995
21246,5023.113
21247,11249.533
21248,7335.874
21249,7388.3843
21250,7463.348
21251,7686.321
21252,6153.908
21253,4597.0903
21254,5786.6396
21255,5761.514
21256,5910.141
21257,6260.4883
21258,6739.7246
21259,6003.886
21260,4626.7896
21261,8295.802
21262,6937.673
21263,7015.869
21264,7293.6987
21265,2781.037
21266,2790.9458
21267,5629.937
21268,4414.396
21269,4259.446
21270,4250.675
21271,4359.9805
21272,2448.9468
21273,2467.7146
21274,3567.1377
21275,3503.0225
21276,3482.744
21277,3516.757
21278,3667.327
21279,2437.8877
21280,2470.9775
21281,5308.664
21282,4255.429
21283,4238.799
21284,4274.5464
21285,4381.9907
21286,2459.8284
21287,2478.6794
21288,3611.2917
21289,3528.505
21290,3531.778
21291,3729.2366
21292,4181.0
21293,2684.9727
21294,2973.9302
21295,6415.5195
21296,4469.154
21297,4410.894
21298,4396.7124
21299,4449.489
21300,2477.372
21301,2467.5732
21302,3668.9749
21303,3520.8018
21304,3500.4202
21305,3529.9424
21306,3681.0767
21307,2461.3777
21308,2483.5203
21309,5220.5957
21310,4235.5005
21311,4218.9478
21312,4274.192
21313,8493.843
21314,6859.4775
21315,12656.641
21316,10413.781
21317,10424.543
21318,10413.891
21319,10717.495
21320,8286.328
21321,6980.093
21322,8557.399
21323,8427.92
21324,8477.68
21325,8785.718
21326,9179.281
21327,8292.59
21328,6985.3677
21329,12031.26
21330,10207.677
21331,10297.374
21332,10375.75
21333,10763.634
21334,8317.454
21335,7006.313
21336,8574.516
21337,8382.425
21338,8513.341
21339,9130.488
21340,10509.689
21341,9312.927
21342,7543.6904
21343,14576.235
21344,10603.042
21345,10652.711
21346,10570.428
21347,10871.117
21348,8506.093
21349,6947.4136
21350,8810.246
21351,8538.387
21352,8520.7
21353,8823.634
21354,9218.895
21355,8328.378
21356,7020.8164
21357,11872.461
21358,10221.754
21359,10260.033
21360,10385.898
21361,3127.1284
21362,3206.2273
21363,8476.75
21364,6758.7026
21365,6517.1743
21366,6564.608
21367,6593.82
21368,2871.1133
21369,2963.3975
21370,5369.501
21371,5434.8696
21372,5365.5024
21373,5510.8706
21374,5577.795
21375,2858.1511
21376,2967.3127
21377,8030.7793
21378,6544.1084
21379,6460.5864
21380,6601.472
21381,6627.1045
21382,2883.8699
21383,2976.5613
21384,5435.958
21385,5471.4253
21386,5428.1445
21387,5749.256
21388,6252.5693
21389,3086.845
21390,3289.1208
21391,11133.772
21392,6772.0986
21393,6624.4062
21394,6760.269
21395,6721.5376
21396,2995.992
21397,2963.228
21398,5522.779
21399,5462.451
21400,5392.732
21401,5531.5303
21402,5598.7056
21403,2885.6863
21404,2982.3755
21405,7897.5605
21406,6506.7705
21407,6423.7246
21408,6594.1406
21409,5065.7007
21410,4999.132
21411,7095.218
21412,6030.322
21413,5737.7236
21414,5781.007
21415,5908.2583
21416,4746.5615
21417,4735.6396
21418,4916.0425
21419,4966.37
21420,4966.2188
21421,5074.178
21422,5292.823
21423,4752.832
21424,4741.896
21425,6681.0713
21426,5735.382
21427,5701.667
21428,5813.471
21429,5938.0835
21430,4767.6436
21431,4756.6733
21432,4976.8887
21433,5009.4043
21434,5020.3057
21435,5232.6055
21436,6283.281
21437,5364.3306
21438,5447.9595
21439,8529.889
21440,5443.3467
21441,5945.3374
21442,6013.3315
21443,6039.1343
21444,4867.901
21445,4523.9478
21446,5011.287
21447,4947.061
21448,4974.3257
21449,5092.0547
21450,5328.871
21451,4766.4204
21452,4557.2197
21453,6551.1157
21454,5685.3965
21455,5650.747
21456,5797.374
21457,9541.777
21458,8060.1235
21459,14783.781
21460,11777.05
21461,11789.221
21462,11867.955
21463,12053.1045
21464,9377.878
21465,8262.833
21466,10246.645
21467,9904.418
21468,9962.894
21469,10226.542
21470,10622.558
21471,9384.965
21472,8269.077
21473,13991.023
21474,11563.847
21475,11665.46
21476,11784.882
21477,12104.993
21478,9413.1045
21479,8293.871
21480,10065.099
21481,9641.686
21482,9824.1
21483,10416.632
21484,11589.308
21485,10068.939
21486,8531.125
21487,16756.62
21488,12049.45
21489,12045.382
21490,11986.991
21491,12144.866
21492,9658.943
21493,8251.791
21494,10595.268
21495,10114.804
21496,10043.397
21497,10301.392
21498,10693.144
21499,9425.467
21500,8311.039
21501,13806.36
21502,11579.794
21503,11623.158
21504,11796.408
21505,6870.4126
21506,5515.088
21507,10328.801
21508,8259.326
21509,8259.523
21510,8264.268
21511,8501.566
21512,6349.571
21513,5089.8164
21514,6838.723
21515,6876.68
21516,6935.192
21517,7400.833
21518,7792.3804
21519,6354.369
21520,4871.4126
21521,9680.543
21522,8066.676
21523,8095.2476
21524,8239.554
21525,8553.76
21526,6373.423
21527,4886.02
21528,6953.539
21529,6954.0166
21530,7060.41
21531,7680.3555
21532,8839.823
21533,7173.807
21534,5153.4956
21535,11578.16
21536,8634.754
21537,8630.094
21538,8542.166
21539,8673.466
21540,6669.496
21541,5083.014
21542,7071.652
21543,7022.9995
21544,6976.6514
21545,7439.454
21546,7826.01
21547,6381.7935
21548,5119.513
21549,9519.961
21550,8020.659
21551,8049.0684
21552,8230.411
21553,9204.425
21554,8568.114
21555,12301.91
21556,10753.034
21557,10337.316
21558,10346.895
21559,10590.469
21560,8951.581
21561,8199.329
21562,9227.851
21563,8917.631
21564,8933.013
21565,9230.676
21566,9666.335
21567,8958.345
21568,8205.524
21569,11432.852
21570,10217.65
21571,10177.006
21572,10274.467
21573,10636.061
21574,8985.206
21575,8230.129
21576,9236.594
21577,8829.695
21578,8932.314
21579,9579.647
21580,11100.893
21581,10042.89
21582,9090.673
21583,13992.719
21584,11087.962
21585,10772.825
21586,10631.437
21587,10817.5
21588,9080.127
21589,8616.909
21590,9546.375
21591,9019.68
21592,8990.075
21593,9282.624
21594,9671.638
21595,8997.006
21596,8247.164
21597,11299.686
21598,10223.743
21599,10132.174
21600,10276.477
21601,2739.2275
21602,2856.2637
21603,8365.453
21604,6158.2593
21605,5783.0527
21606,5750.358
21607,5855.4375
21608,2441.861
21609,2596.7886
21610,4783.3086
21611,4738.292
21612,4688.477
21613,4712.9814
21614,4914.7017
21615,2443.7083
21616,2598.7527
21617,7591.0024
21618,5777.231
21619,5684.708
21620,5710.103
21621,5880.647
21622,2451.0376
21623,2606.5469
21624,4833.043
21625,4745.434
21626,4683.1895
21627,4880.719
21628,5516.377
21629,2565.7546
21630,2798.4937
21631,9636.611
21632,6204.052
21633,6002.0483
21634,5990.998
21635,6086.444
21636,2575.196
21637,2593.3174
21638,4934.7744
21639,4786.823
21640,4712.82
21641,4733.874
21642,4937.618
21643,2454.2563
21644,2611.9436
21645,7503.455
21646,5773.804
21647,5652.9355
21648,5704.4307
21649,4772.6123
21650,5036.849
21651,9085.594
21652,7011.8555
21653,6689.565
21654,6762.5396
21655,6762.7393
21656,4516.9062
21657,4861.6733
21658,5953.3447
21659,5881.825
21660,5851.9424
21661,5993.1987
21662,6154.407
21663,4520.32
21664,4865.3477
21665,8491.412
21666,6656.4614
21667,6600.9053
21668,6737.771
21669,6791.8545
21670,4533.875
21671,4967.8247
21672,6019.971
21673,5883.4243
21674,5858.2866
21675,6187.5693
21676,7013.106
21677,4901.3687
21678,5178.3257
21679,11157.0205
21680,7200.3843
21681,7020.234
21682,7015.6016
21683,6989.313
21684,4585.7383
21685,4820.0186
21686,6153.5796
21687,5967.4385
21688,5907.4414
21689,6045.4683
21690,6171.1777
21691,4529.094
21692,4870.9478
21693,8401.956
21694,6674.918
21695,6586.1196
21696,6753.747
21697,5066.1694
21698,5335.651
21699,6812.6943
21700,5709.9995
21701,5523.569
21702,5491.1045
21703,5667.086
21704,4655.588
21705,4935.9604
21706,4263.844
21707,4278.2915
21708,4381.945
21709,4463.675
21710,4773.764
21711,4661.7383
21712,4942.481
21713,6464.248
21714,5472.3857
21715,5485.76
21716,5518.824
21717,5695.6934
21718,4676.266
21719,4957.884
21720,4333.101
21721,4335.1475
21722,4446.892
21723,4721.3374
21724,5693.673
21725,5379.6104
21726,5771.332
21727,7966.1934
21728,5234.1333
21729,5688.977
21730,5722.7476
21731,5775.6772
21732,4800.175
21733,4946.202
21734,4283.9595
21735,4250.2085
21736,4408.2354
21737,4497.233
21738,4858.5347
21739,4700.106
21740,4982.579
21741,6361.683
21742,5440.7773
21743,5437.1406
21744,5522.4155
21745,5614.6265
21746,3972.32
21747,7707.949
21748,6106.6978
21749,5914.4834
21750,5988.787
21751,6000.675
21752,5118.053
21753,3666.0537
21754,5079.069
21755,4790.254
21756,4844.536
21757,5085.8174
21758,5383.897
21759,5121.921
21760,3668.8245
21761,7083.959
21762,5789.82
21763,5799.868
21764,5946.8633
21765,6026.5093
21766,5137.28
21767,3679.827
21768,5143.389
21769,4814.5366
21770,4863.6865
21771,5240.068
21772,6232.3906
21773,5717.0625
21774,4066.436
21775,8951.342
21776,6235.744
21777,6190.0605
21778,6253.267
21779,6272.066
21780,5318.837
21781,3661.1538
21782,5235.5312
21783,4858.966
21784,4869.689
21785,5108.362
21786,5380.447
21787,5144.027
21788,3687.445
21789,7002.258
21790,5786.3857
21791,5767.4526
21792,5940.9556
21793,14686.251
21794,14297.122
21795,19565.639
21796,16765.012
21797,16273.509
21798,16330.989
21799,16083.828
21800,14399.208
21801,13793.251
21802,15064.231
21803,14481.773
21804,14504.691
21805,14648.384
21806,14842.879
21807,14410.088
21808,13803.674
21809,18418.445
21810,16137.4375
21811,16090.732
21812,16237.866
21813,16174.171
21814,14453.294
21815,13845.062
21816,14736.103
21817,14060.048
21818,14129.426
21819,14691.112
21820,15392.296
21821,14812.545
21822,14046.27
21823,21071.754
21824,16933.145
21825,16588.576
21826,16548.771
21827,16432.324
21828,14635.913
21829,14495.688
21830,15472.601
21831,14574.275
21832,14578.293
21833,14711.598
21834,14906.932
21835,14472.274
21836,13873.719
21837,18112.934
21838,16045.387
21839,15998.948
21840,16219.85
21841,10421.015
21842,9404.606
21843,14399.537
21844,10816.922
21845,10847.151
21846,11026.974
21847,11557.385
21848,10324.714
21849,9617.273
21850,9634.028
21851,9420.299
21852,9608.427
21853,10175.803
21854,10730.045
21855,10165.511
21856,9629.978
21857,13750.615
21858,10759.918
21859,10863.499
21860,11082.633
21861,11615.722
21862,10370.566
21863,9659.984
21864,9687.406
21865,9444.968
21866,9743.477
21867,10761.149
21868,12302.191
21869,11530.389
21870,10670.17
21871,17173.02
21872,10941.299
21873,11001.698
21874,11121.313
21875,11549.958
21876,10429.694
21877,9616.724
21878,9856.376
21879,9505.182
21880,9657.185
21881,10213.948
21882,10770.268
21883,10377.106
21884,9678.845
21885,13522.525
21886,10711.262
21887,10814.374
21888,11083.5
21889,6282.0703
21890,5348.558
21891,8783.95
21892,7031.4854
21893,6960.009
21894,7061.8647
21895,7283.716
21896,5776.228
21897,4794.011
21898,5785.271
21899,5796.351
21900,5904.9795
21901,6241.766
21902,6667.505
21903,5780.5933
21904,4797.6343
21905,8157.269
21906,6763.939
21907,6811.005
21908,7012.4307
21909,7315.0737
21910,5797.927
21911,4812.021
21912,5858.5327
21913,5816.433
21914,5908.0723
21915,6473.083
21916,7538.368
21917,6398.4087
21918,4820.184
21919,9957.241
21920,7276.411
21921,7260.7637
21922,7308.964
21923,7410.998
21924,6085.747
21925,4787.604
21926,5972.005
21927,5887.893
21928,5944.1187
21929,6278.3926
21930,6708.1646
21931,5805.5415
21932,4821.9824
21933,8074.7124
21934,6769.5864
21935,6782.616
21936,7015.4746
21937,4232.645
21938,4188.5244
21939,7847.8213
21940,6431.7686
21941,6218.679
21942,6263.8335
21943,6295.1167
21944,3892.8762
21945,3763.053
21946,5141.545
21947,5186.8926
21948,5191.6445
21949,5389.8364
21950,5450.6416
21951,3892.8762
21952,3763.053
21953,7446.0845
21954,6167.553
21955,6129.9653
21956,6304.6045
21957,6332.5146
21958,3905.0085
21959,3774.7808
21960,5198.3145
21961,5195.796
21962,5215.9067
21963,5700.324
21964,6301.3823
21965,4355.271
21966,4313.796
21967,9634.488
21968,6533.5684
21969,6435.647
21970,6587.4204
21971,6551.091
21972,3945.2927
21973,3876.8596
21974,5348.7773
21975,5272.8184
21976,5248.5615
21977,5419.6704
21978,5489.8477
21979,3863.5947
21980,3901.9067
21981,7345.6484
21982,6150.98
21983,6114.8228
21984,6308.075
21985,6042.182
21986,3744.64
21987,7181.256
21988,6073.2915
21989,6004.6426
21990,6087.576
21991,6404.997
21992,5630.1465
21993,3527.5862
21994,4825.0327
21995,4871.529
21996,4957.9497
21997,5193.527
21998,5693.7812
21999,5637.584
22000,3532.2466
22001,6906.0615
22002,5922.771
22003,5963.5405
22004,6118.3057
22005,6437.329
22006,5655.1523
22007,3543.2551
22008,4903.4023
22009,4936.2666
22010,4997.5967
22011,5433.2314
22012,6796.449
22013,6442.071
22014,4129.4805
22015,8816.962
22016,6104.671
22017,6121.6914
22018,6269.344
22019,6558.2056
22020,5737.773
22021,3527.3843
22022,4917.1445
22023,4896.2515
22024,4983.1113
22025,5212.997
22026,5715.127
22027,5658.7188
22028,3550.174
22029,6792.2886
22030,5888.977
22031,5929.514
22032,6111.5107
22033,5654.645
22034,4451.5396
22035,8571.212
22036,7287.2183
22037,6989.0996
22038,7099.151
22039,7260.7983
22040,5300.518
22041,4211.0913
22042,5867.206
22043,5931.302
22044,5926.6816
22045,6145.233
22046,6379.566
22047,5307.52
22048,4216.6543
22049,7950.822
22050,6994.3545
22051,6943.889
22052,7139.016
22053,7297.4497
22054,5324.0596
22055,4229.7954
22056,5939.8223
22057,5982.695
22058,5980.31
22059,6386.257
22060,7247.9146
22061,5817.354
22062,4733.1875
22063,10325.373
22064,6623.534
22065,7118.3936
22066,7339.7515
22067,7274.475
22068,5523.0527
22069,4109.157
22070,5992.3926
22071,5919.619
22072,5947.788
22073,6177.291
22074,6390.6196
22075,5381.92
22076,4139.3794
22077,7789.884
22078,6927.807
22079,6889.8105
22080,7140.317
22081,2444.9277
22082,2943.7654
22083,6033.555
22084,4643.002
22085,4412.0425
22086,4403.1714
22087,4484.1123
22088,2150.6746
22089,2638.8303
22090,3806.6125
22091,3607.284
22092,3573.3806
22093,3606.417
22094,3741.7834
22095,2152.3015
22096,2640.8262
22097,5598.5776
22098,4406.1714
22099,4350.6494
22100,4387.5537
22101,4455.8555
22102,2158.757
22103,2648.7466
22104,3865.969
22105,3618.9683
22106,3577.8284
22107,3779.645
22108,4340.026
22109,2338.155
22110,2897.464
22111,6577.927
22112,4772.125
22113,4632.7603
22114,4573.332
22115,4579.588
22116,2210.8716
22117,2626.4744
22118,3927.157
22119,3644.2334
22120,3591.5168
22121,3621.9834
22122,3757.934
22123,2161.592
22124,2654.231
22125,5505.7007
22126,4381.0337
22127,4325.828
22128,4382.6846
22129,7679.9746
22130,5931.579
22131,13744.794
22132,10969.626
22133,10626.235
22134,10574.038
22135,10194.348
22136,7149.7485
22137,5154.661
22138,8923.978
22139,8716.849
22140,8701.415
22141,8888.437
22142,8961.242
22143,7155.152
22144,5158.552
22145,12262.597
22146,10361.639
22147,10310.514
22148,10348.532
22149,10238.234
22150,7176.6064
22151,5174.0205
22152,9022.089
22153,8721.206
22154,8785.165
22155,9307.909
22156,10116.724
22157,7916.7617
22158,5453.3975
22159,14724.47
22160,11271.539
22161,10964.501
22162,10795.423
22163,10457.774
22164,7471.8457
22165,5496.5073
22166,9211.951
22167,8816.601
22168,8756.997
22169,8938.459
22170,9013.737
22171,7186.0312
22172,5184.731
22173,12119.768
22174,10367.816
22175,10265.094
22176,10350.556
22177,5390.119
22178,5121.1245
22179,7692.21
22180,6321.1333
22181,6106.4126
22182,6134.8843
22183,6258.4883
22184,4949.459
22185,4733.838
22186,5097.77
22187,5201.9253
22188,5147.733
22189,5249.6934
22190,5473.482
22191,4955.997
22192,4740.0913
22193,7035.6245
22194,6120.343
22195,6068.0396
22196,6169.336
22197,6290.0806
22198,4971.442
22199,4840.499
22200,5160.8647
22201,5247.0
22202,5217.8623
22203,5533.9316
22204,6591.2666
22205,5715.699
22206,5745.166
22207,8942.279
22208,5706.194
22209,6155.646
22210,6248.9683
22211,6287.4595
22212,5029.6094
22213,4613.696
22214,5340.4575
22215,5182.9707
22216,5157.4004
22217,5258.7393
22218,5495.1914
22219,4924.7583
22220,4647.628
22221,6897.9316
22222,6066.2627
22223,6013.114
22224,6151.5024
22225,6140.3
22226,4994.6846
22227,7869.769
22228,6276.3145
22229,6179.837
22230,6153.556
22231,6425.943
22232,5728.061
22233,4709.5034
22234,4944.9946
22235,4994.861
22236,5093.6626
22237,5274.9814
22238,5618.5693
22239,5702.2
22240,4715.7246
22241,7140.3574
22242,6117.1445
22243,6140.323
22244,6184.619
22245,6458.381
22246,5753.5015
22247,4730.421
22248,5025.3125
22249,5061.238
22250,5152.537
22251,5518.4346
22252,6647.5723
22253,6396.059
22254,5292.788
22255,9051.498
22256,6355.3574
22257,6353.49
22258,6341.043
22259,6584.9077
22260,5834.909
22261,4709.234
22262,5177.698
22263,5020.21
22264,5119.513
22265,5294.7573
22266,5639.633
22267,5757.1304
22268,4739.657
22269,7021.9077
22270,6094.019
22271,6117.11
22272,6189.712
22273,7971.3994
22274,5700.7754
22275,10122.631
22276,9052.749
22277,9181.399
22278,9251.627
22279,9584.547
22280,7870.707
22281,5255.861
22282,7693.3545
22283,7628.462
22284,7730.2427
22285,8436.035
22286,8784.276
22287,7870.707
22288,5026.5347
22289,9649.533
22290,8935.331
22291,9059.349
22292,9324.356
22293,9659.893
22294,7895.2334
22295,5042.199
22296,7812.608
22297,7681.125
22298,7865.649
22299,8741.393
22300,9909.889
22301,8707.177
22302,5449.503
22303,11837.658
22304,9397.81
22305,9474.724
22306,9469.34
22307,9660.233
22308,7931.182
22309,5142.281
22310,8007.2983
22311,7820.7866
22312,7957.999
22313,8466.335
22314,8921.6455
22315,7792.581
22316,5175.501
22317,9576.907
22318,8953.972
22319,9064.119
22320,9311.461
22321,4875.159
22322,4142.2666
22323,6638.904
22324,5371.76
22325,5269.314
22326,5257.37
22327,5510.245
22328,4540.683
22329,3883.8147
22330,4112.632
22331,4109.8984
22332,4227.827
22333,4322.3267
22334,4839.968
22335,4546.6816
22336,3888.9458
22337,6277.4644
22338,5181.8486
22339,5233.2446
22340,5283.91
22341,5538.061
22342,4560.8506
22343,3901.0657
22344,4179.4326
22345,4164.517
22346,4290.4907
22347,4512.328
22348,5573.37
22349,5138.9023
22350,4524.6123
22351,7714.1416
22352,5417.5977
22353,5449.0767
22354,5473.6753
22355,5646.474
22356,4645.4604
22357,3898.2236
22358,4191.618
22359,4140.955
22360,4278.965
22361,4349.2427
22362,4906.701
22363,4581.4536
22364,3923.409
22365,6168.4766
22366,5159.762
22367,5210.939
22368,5285.7046
22369,5760.448
22370,5381.7607
22371,9222.201
22372,7093.5396
22373,6871.992
22374,6960.1416
22375,7109.7354
22376,5453.9126
22377,5120.2847
22378,5877.6245
22379,5865.5723
22380,5842.4277
22381,5997.1157
22382,6248.8965
22383,5461.117
22384,5127.0483
22385,8519.319
22386,6895.044
22387,6845.2944
22388,6999.2266
22389,7145.624
22390,5478.1357
22391,5143.0264
22392,5955.0483
22393,5921.048
22394,5951.079
22395,6317.336
22396,7099.8955
22397,6025.4634
22398,5502.797
22399,10975.654
22400,6393.2534
22401,6919.7764
22402,7088.4873
22403,7076.267
22404,5688.353
22405,5104.923
22406,6001.791
22407,5874.2617
22408,5883.509
22409,6044.5747
22410,6288.833
22411,5559.878
22412,5142.467
22413,8357.382
22414,6863.103
22415,6812.103
22416,7015.816
22417,5959.6284
22418,6147.5254
22419,9944.315
22420,8184.0073
22421,7967.113
22422,7949.7373
22423,8042.622
22424,5605.0483
22425,5521.0615
22426,6754.99
22427,6853.559
22428,6827.8774
22429,7099.733
22430,7281.118
22431,5612.4526
22432,5528.355
22433,9286.76
22434,7967.029
22435,7891.093
22436,8009.643
22437,8098.6533
22438,5629.9424
22439,5545.583
22440,6842.6377
22441,6917.0312
22442,6967.2886
22443,7410.637
22444,8388.336
22445,6290.459
22446,6244.684
22447,12043.935
22448,8428.965
22449,8272.13
22450,8220.385
22451,8145.6533
22452,5774.261
22453,5809.691
22454,6947.811
22455,6888.339
22456,6862.5273
22457,7126.3486
22458,7308.4136
22459,5633.493
22460,5556.411
22461,9124.107
22462,7942.197
22463,7866.4966
22464,8021.5776
22465,6713.586
22466,5420.8696
22467,9693.866
22468,7579.6367
22469,7513.4165
22470,7623.094
22471,7870.1743
22472,6170.3774
22473,5081.201
22474,6147.5723
22475,6142.391
22476,6251.985
22477,6641.982
22478,7053.262
22479,6069.087
22480,5085.041
22481,9007.412
22482,7322.9062
22483,7385.7637
22484,7584.1855
22485,7919.1484
22486,6193.5566
22487,5100.2896
22488,6225.4214
22489,6173.527
22490,6319.578
22491,7036.6045
22492,8186.513
22493,7062.4106
22494,5641.425
22495,11370.92
22496,7869.7915
22497,7905.059
22498,7907.472
22499,8098.7847
22500,6481.2754
22501,5074.41
22502,6329.2236
22503,6222.904
22504,6283.7124
22505,6670.6475
22506,7083.702
22507,6201.691
22508,5110.8477
22509,8857.995
22510,7356.5723
22511,7382.6294
22512,7616.001
22513,7622.302
22514,5342.144
22515,9841.769
22516,8260.319
22517,8316.519
22518,8407.937
22519,8808.783
22520,7324.5127
22521,4989.0806
22522,7001.0693
22523,7100.5522
22524,7191.064
22525,7685.214
22526,8054.974
22527,7334.188
22528,4777.6953
22529,9362.31
22530,8191.207
22531,8278.452
22532,8466.513
22533,8870.152
22534,7357.0425
22535,4792.5845
22536,7118.9844
22537,7199.162
22538,7376.8857
22539,8030.128
22540,9129.695
22541,8237.573
22542,5667.7183
22543,11711.803
22544,8523.058
22545,8578.802
22546,8596.945
22547,8814.802
22548,7503.7554
22549,4988.795
22550,7162.656
22551,7164.535
22552,7227.5566
22553,7714.024
22554,8085.1704
22555,7361.682
22556,5021.024
22557,9192.555
22558,8160.5454
22559,8247.464
22560,8473.8
22561,2490.028
22562,2840.3132
22563,5939.3237
22564,4385.5703
22565,4178.321
22566,4148.5186
22567,4163.7065
22568,2185.2537
22569,2540.171
22570,3672.96
22571,3475.9
22572,3468.6392
22573,3482.7405
22574,3581.981
22575,2186.9067
22576,2542.092
22577,5496.1143
22578,4150.5215
22579,4108.946
22580,4122.5337
22581,4144.306
22582,2193.4663
22583,2549.7166
22584,3740.8733
22585,3497.106
22586,3472.9565
22587,3650.0298
22588,4067.5225
22589,2375.7483
22590,2784.2493
22591,6349.2437
22592,4502.448
22593,4382.3965
22594,4311.5376
22595,4322.1943
22596,2242.402
22597,2536.7754
22598,3800.082
22599,3521.5208
22600,3486.2441
22601,3497.7732
22602,3597.4421
22603,2196.3467
22604,2554.9956
22605,5404.9365
22606,4126.842
22607,4085.5034
22608,4117.9585
22609,5676.104
22610,5352.5137
22611,8405.627
22612,6603.7896
22613,6379.158
22614,6358.6313
22615,6588.3315
22616,5316.0015
22617,5058.202
22618,5422.478
22619,5491.1777
22620,5469.5103
22621,5540.449
22622,5844.858
22623,5292.0005
22624,5064.884
22625,7529.206
22626,6381.1665
22627,6335.1245
22628,6387.457
22629,6621.589
22630,5339.6123
22631,5080.668
22632,5489.5913
22633,5538.7583
22634,5533.5303
22635,5731.078
22636,6725.257
22637,5837.7593
22638,5685.245
22639,9537.42
22640,6735.2266
22641,6625.3604
22642,6582.239
22643,6736.685
22644,5415.1646
22645,5057.9126
22646,5736.5034
22647,5519.045
22648,5497.2676
22649,5561.22
22650,5866.7695
22651,5342.98
22652,5090.5884
22653,7404.3066
22654,6366.126
22655,6320.193
22656,6401.8516
22657,6727.676
22658,5460.768
22659,9479.424
22660,7378.068
22661,7365.053
22662,7503.183
22663,7832.469
22664,6302.6504
22665,5162.7803
22666,5947.6177
22667,5983.477
22668,6161.3735
22669,6591.3296
22670,6974.649
22671,4808.3916
22672,5169.6
22673,8949.003
22674,7248.7026
22675,7327.762
22676,7555.4565
22677,7887.0366
22678,6330.6426
22679,5185.7104
22680,6044.2173
22681,6062.989
22682,6244.928
22683,7006.614
22684,8102.2773
22685,7181.8926
22686,5684.4424
22687,11918.205
22688,7619.038
22689,7670.809
22690,7743.437
22691,7910.9497
22692,6492.9204
22693,5162.485
22694,6084.894
22695,6037.395
22696,6192.641
22697,6616.0396
22698,7000.7954
22699,6334.6353
22700,5195.836
22701,8800.554
22702,7238.8643
22703,7317.816
22704,7580.0703
22705,8476.766
22706,8511.773
22707,12016.352
22708,9701.951
22709,9636.593
22710,9599.752
22711,9858.294
22712,8155.7363
22713,8542.109
22714,8229.281
22715,8023.567
22716,8063.422
22717,8442.289
22718,8906.113
22719,8161.9
22720,8548.564
22721,11045.825
22722,9442.292
22723,9487.148
22724,9532.554
22725,9900.734
22726,8186.3726
22727,8574.196
22728,8338.416
22729,8069.9463
22730,8201.222
22731,8807.768
22732,10062.21
22733,9174.668
22734,9084.649
22735,13271.572
22736,9961.487
22737,9968.103
22738,9824.55
22739,10088.636
22740,8368.669
22741,8498.696
22742,8509.273
22743,8194.005
22744,8128.579
22745,8504.081
22746,8917.971
22747,8166.377
22748,8559.718
22749,10900.032
22750,9455.314
22751,9452.745
22752,9541.878
22753,7808.779
22754,5029.0864
22755,10707.258
22756,9274.571
22757,9071.834
22758,8993.291
22759,9120.278
22760,7456.6455
22761,4846.417
22762,8060.4155
22763,8030.9937
22764,8054.498
22765,8285.111
22766,8475.44
22767,7466.4956
22768,4641.0757
22769,9985.497
22770,9028.037
22771,8985.515
22772,9061.302
22773,9210.353
22774,7489.762
22775,4655.539
22776,8170.1323
22777,8121.062
22778,8236.568
22779,8647.273
22780,9672.976
22781,8372.022
22782,5209.6665
22783,12190.764
22784,8389.176
22785,9259.96
22786,9325.877
22787,9201.625
22788,7754.8784
22789,4691.913
22790,8266.403
22791,8035.6294
22792,8088.1475
22793,8342.036
22794,8483.423
22795,7511.611
22796,4726.42
22797,9776.9795
22798,8936.294
22799,8909.707
22800,9066.358
22801,7600.624
22802,6016.8657
22803,10342.819
22804,8143.968
22805,8177.601
22806,8220.393
22807,8510.58
22808,7314.8086
22809,5941.653
22810,6749.0396
22811,6779.26
22812,6872.241
22813,7336.378
22814,7797.622
22815,7320.336
22816,5686.7036
22817,9742.761
22818,7931.4624
22819,8032.3877
22820,8190.285
22821,8547.219
22822,7342.286
22823,5703.756
22824,6838.547
22825,6817.654
22826,6990.6665
22827,7607.311
22828,8806.65
22829,8217.931
22830,6119.4497
22831,11731.311
22832,8448.741
22833,8521.448
22834,8471.214
22835,8671.299
22836,7616.9165
22837,5895.665
22838,6992.2803
22839,6920.463
22840,6924.9663
22841,7387.081
22842,7853.31
22843,7333.698
22844,5957.9575
22845,9641.566
22846,7946.3184
22847,8007.2065
22848,8202.34
22849,3623.625
22850,4253.656
22851,7620.535
22852,5984.9326
22853,5807.602
22854,5803.6313
22855,5869.132
22856,3322.2766
22857,3793.3381
22858,4868.1284
22859,4898.0176
22860,4906.383
22861,5006.533
22862,5121.7793
22863,3302.9116
22864,3793.3381
22865,7254.5195
22866,5750.945
22867,5738.605
22868,5841.4077
22869,5903.9995
22870,3332.6309
22871,3805.1604
22872,4921.8794
22873,4938.8945
22874,4955.7607
22875,5248.3164
22876,6045.226
22877,3665.274
22878,4318.1846
22879,9368.232
22880,6056.735
22881,5989.661
22882,6065.3022
22883,6047.198
22884,3353.8462
22885,3807.931
22886,5061.233
22887,4976.1006
22888,4957.127
22889,5049.539
22890,5174.292
22891,3307.6318
22892,3832.533
22893,7149.9326
22894,5734.594
22895,5723.5337
22896,5857.175
22897,9472.013
22898,6458.0913
22899,11263.339
22900,9877.673
22901,9860.975
22902,9982.631
22903,10449.359
22904,9272.607
22905,6337.645
22906,8248.966
22907,8116.362
22908,8279.811
22909,8889.521
22910,9438.123
22911,8346.39
22912,6346.0166
22913,10881.605
22914,9668.548
22915,9811.6455
22916,10033.02
22917,10502.1045
22918,9313.788
22919,6365.7925
22920,8405.627
22921,8246.473
22922,8516.224
22923,9405.449
22924,10682.236
22925,10480.91
22926,7288.4067
22927,13793.462
22928,10077.951
22929,10185.513
22930,10277.172
22931,10652.559
22932,9441.626
22933,6337.282
22934,8439.351
22935,8189.4966
22936,8321.827
22937,8922.846
22938,9473.504
22939,9319.662
22940,6378.221
22941,10701.102
22942,9637.107
22943,9779.74
22944,10046.607
22945,5536.709
22946,6164.148
22947,8200.118
22948,6538.113
22949,6222.9814
22950,6247.526
22951,6248.301
22952,5164.859
22953,5864.375
22954,5677.1704
22955,5401.607
22956,5339.8667
22957,5435.248
22958,5657.094
22959,5168.762
22960,5868.807
22961,7682.165
22962,6232.3726
22963,6141.219
22964,6225.3677
22965,6268.5312
22966,5184.261
22967,5992.4155
22968,5765.687
22969,5426.5864
22970,5341.456
22971,5627.5425
22972,6622.4097
22973,5669.362
22974,6373.2104
22975,9495.803
22976,6683.047
22977,6474.5776
22978,6442.7344
22979,6431.247
22980,5255.991
22981,5836.919
22982,5856.9346
22983,5456.9307
22984,5366.9663
22985,5458.706
22986,5681.51
22987,5191.0703
22988,5898.5903
22989,7554.729
22990,6196.8184
22991,6106.185
22992,6218.46
22993,3240.7883
22994,2881.0032
22995,6274.13
22996,5299.694
22997,5017.0693
22998,4996.5195
22999,5056.7256
23000,2914.8752
23001,2628.1926
23002,4065.7573
23003,4048.458
23004,4046.6587
23005,4074.1665
23006,4305.2
23007,2917.0798
23008,2630.1804
23009,5732.795
23010,4956.9097
23011,4948.3447
23012,4978.2183
23013,5078.497
23014,2942.332
23015,2652.9473
23016,4131.202
23017,4063.586
23018,4057.1565
23019,4252.4995
23020,4922.56
23021,3159.423
23022,2807.772
23023,6790.7207
23024,5401.5967
23025,5275.0923
23026,5224.4814
23027,5186.6206
23028,3013.3396
23029,2615.8865
23030,4194.506
23031,4089.925
23032,4067.67
23033,4092.2275
23034,4288.543
23035,2929.6704
23036,2643.531
23037,5666.675
23038,4953.969
23039,4920.687
23040,4973.2725
23041,5799.4424
23042,5377.63
23043,9199.589
23044,7727.294
23045,7520.6865
23046,7555.3413
23047,7673.656
23048,5413.0366
23049,5043.854
23050,6302.0015
23051,6393.961
23052,6417.7354
23053,6575.9194
23054,6820.399
23055,5420.1875
23056,5050.517
23057,8633.733
23058,7541.216
23059,7508.402
23060,7634.205
23061,7771.5605
23062,5437.078
23063,5066.2563
23064,6390.961
23065,6484.126
23066,6548.773
23067,6886.5127
23068,7632.865
23069,5996.6123
23070,5435.45
23071,11371.246
23072,7969.271
23073,7839.278
23074,7780.5127
23075,7745.8447
23076,5576.454
23077,5043.5654
23078,6513.762
23079,6463.033
23080,6456.102
23081,6606.505
23082,6845.9673
23083,5440.5073
23084,5076.1484
23085,8490.514
23086,7497.317
23087,7464.694
23088,7624.8394
23089,4878.048
23090,3839.9727
23091,9511.565
23092,7771.3755
23093,7416.662
23094,7432.0073
23095,7484.842
23096,4527.8677
23097,3608.6675
23098,6203.72
23099,6253.953
23100,6259.778
23101,6394.2476
23102,6562.8174
23103,4531.2896
23104,3611.395
23105,8733.275
23106,7395.9146
23107,7297.526
23108,7401.045
23109,7521.9136
23110,4544.8774
23111,3622.2253
23112,6309.4473
23113,6287.9634
23114,6253.243
23115,6561.9033
23116,7354.489
23117,4958.011
23118,3791.4607
23119,11754.091
23120,8060.4077
23121,7819.459
23122,7717.225
23123,7683.1323
23124,4756.02
23125,3603.8445
23126,6409.2993
23127,6335.3
23128,6291.545
23129,6421.8438
23130,6591.141
23131,4550.8467
23132,3629.7244
23133,8588.405
23134,7353.724
23135,7255.8965
23136,7392.8325
23137,4083.2747
23138,4381.1216
23139,8509.217
23140,6398.14
23141,6271.043
23142,6296.708
23143,6467.8804
23144,3945.974
23145,4018.9915
23146,5240.4478
23147,5289.674
23148,5308.877
23149,5456.5093
23150,5648.6396
23151,3945.974
23152,4018.9915
23153,7908.543
23154,6269.721
23155,6223.1294
23156,6350.7036
23157,6538.3247
23158,3958.2717
23159,4031.5168
23160,5296.707
23161,5309.6313
23162,5352.5337
23163,5657.159
23164,6491.756
23165,4250.8125
23166,4468.28
23167,10303.563
23168,6572.1445
23169,6464.9385
23170,6498.6143
23171,6558.1304
23172,3961.698
23173,4021.3652
23174,5619.936
23175,5407.9224
23176,5386.5835
23177,5506.651
23178,5704.817
23179,3915.8374
23180,4047.346
23181,7810.112
23182,6259.4795
23183,6214.3154
23184,6360.9126
23185,7054.944
23186,5689.9756
23187,9961.62
23188,7973.825
23189,7920.9536
23190,7917.502
23191,8190.028
23192,6666.831
23193,5443.882
23194,6354.151
23195,6389.2485
23196,6537.782
23197,6845.4907
23198,7331.901
23199,6671.869
23200,5447.9956
23201,9216.24
23202,7664.739
23203,7746.953
23204,7877.091
23205,8240.992
23206,6691.875
23207,5464.332
23208,6434.6157
23209,6421.6357
23210,6622.631
23211,7155.3633
23212,8634.211
23213,7630.1064
23214,6038.95
23215,11355.055
23216,8279.068
23217,8333.837
23218,8254.656
23219,8470.817
23220,6998.8926
23221,5422.6436
23222,6595.902
23223,6534.952
23224,6600.6914
23225,6906.1406
23226,7398.553
23227,6696.983
23228,5461.581
23229,9138.163
23230,7693.9565
23231,7737.612
23232,7903.9507
23233,5458.555
23234,4220.417
23235,10136.533
23236,8414.065
23237,8019.275
23238,7954.114
23239,8023.138
23240,4979.9277
23241,3898.272
23242,6805.829
23243,6460.944
23244,6415.2563
23245,6494.7725
23246,6665.884
23247,4983.6914
23248,3901.2183
23249,9403.754
23250,7956.7163
23251,7890.31
23252,7924.9814
23253,8057.679
23254,4998.6357
23255,3912.9175
23256,6880.6562
23257,6461.443
23258,6411.042
23259,6791.265
23260,7373.333
23261,5507.2344
23262,4177.488
23263,11282.617
23264,8492.951
23265,8280.466
23266,8226.221
23267,8180.495
23268,5158.9697
23269,3860.419
23270,7021.325
23271,6527.115
23272,6448.563
23273,6523.5615
23274,6696.964
23275,4980.498
23276,3901.211
23277,9295.303
23278,7951.9976
23279,7846.2124
23280,7917.1094
23281,6184.914
23282,6119.736
23283,8375.152
23284,6430.4126
23285,6340.7163
23286,6329.598
23287,6663.0864
23288,5957.5366
23289,5923.5615
23290,5155.148
23291,5207.133
23292,5310.133
23293,5503.17
23294,5893.4053
23295,5930.6396
23296,5931.3867
23297,7545.511
23298,6287.5557
23299,6311.3794
23300,6361.5493
23301,6696.721
23302,5983.996
23303,5949.87
23304,5238.8784
23305,5276.33
23306,5379.015
23307,5740.083
23308,6852.363
23309,6613.5474
23310,6366.934
23311,9519.262
23312,6007.1743
23313,6395.8276
23314,6475.566
23315,6643.2935
23316,6027.113
23317,5837.988
23318,5304.827
23319,5156.6377
23320,5239.988
23321,5527.0527
23322,5895.8677
23323,5914.6523
23324,5880.922
23325,7418.8413
23326,6267.15
23327,6271.3657
23328,6381.8906
23329,5764.9937
23330,3876.0312
23331,7128.7754
23332,6048.9233
23333,5903.2505
23334,5973.731
23335,6249.2544
23336,5429.7085
23337,3684.1365
23338,4728.382
23339,4764.593
23340,4863.733
23341,5104.1196
23342,5563.7456
23343,5436.8813
23344,3689.0037
23345,6762.0425
23346,5815.59
23347,5873.27
23348,6003.886
23349,6280.8003
23350,5453.824
23351,3700.5007
23352,4805.182
23353,4827.91
23354,4909.4775
23355,5354.9546
23356,6636.4346
23357,6160.7095
23358,4219.012
23359,8652.686
23360,5453.559
23361,6064.695
23362,6192.765
23363,6389.1753
23364,5554.6514
23365,3669.9165
23366,4744.764
23367,4727.4165
23368,4886.8125
23369,5136.0796
23370,5623.2876
23371,5448.5312
23372,3696.909
23373,6650.109
23374,5777.964
23375,5817.1543
23376,6003.6
23377,6567.0815
23378,5552.1304
23379,10037.183
23380,8377.821
23381,8061.5303
23382,8030.3887
23383,8046.0366
23384,6236.4814
23385,5109.897
23386,6918.872
23387,6949.2827
23388,6926.208
23389,7188.9795
23390,7416.8105
23391,6241.195
23392,4890.632
23393,9172.647
23394,7915.675
23395,7869.416
23396,7974.1753
23397,8080.676
23398,6259.909
23399,4905.2974
23400,6994.942
23401,6949.8193
23402,7021.352
23403,7416.4004
23404,8576.421
23405,7053.7466
23406,5514.6724
23407,11173.047
23408,8751.612
23409,8486.943
23410,8352.688
23411,8236.489
23412,6527.9
23413,5370.1562
23414,7157.3906
23415,7045.059
23416,6986.567
23417,7246.152
23418,7470.791
23419,6268.1304
23420,5139.711
23421,9057.267
23422,7931.5757
23423,7845.808
23424,7986.9937
23425,6517.858
23426,5837.386
23427,9211.582
23428,6600.685
23429,6600.4014
23430,6697.213
23431,7064.6743
23432,6222.9336
23433,5600.4844
23434,5621.212
23435,5552.427
23436,5698.552
23437,5990.598
23438,6459.379
23439,6194.839
23440,5607.8823
23441,8416.16
23442,6504.667
23443,6586.949
23444,6731.02
23445,7100.336
23446,6250.572
23447,5625.3584
23448,5712.5107
23449,5626.2114
23450,5791.0347
23451,6297.122
23452,7445.7505
23453,6906.5557
23454,6114.508
23455,10516.247
23456,6806.758
23457,6864.825
23458,6877.5786
23459,7172.446
23460,6308.545
23461,5600.1636
23462,5750.956
23463,5602.4614
23464,5727.471
23465,6013.056
23466,6483.5938
23467,6254.5137
23468,5636.342
23469,8276.549
23470,6500.9204
23471,6583.1553
23472,6758.232
23473,6693.4263
23474,5819.2075
23475,10196.127
23476,8598.339
23477,8600.627
23478,8570.501
23479,8833.907
23480,6433.7563
23481,5436.171
23482,6983.982
23483,6927.1396
23484,6976.7314
23485,7128.694
23486,7364.723
23487,6189.2104
23488,5443.352
23489,9636.427
23490,8519.506
23491,8561.261
23492,8630.209
23493,8895.45
23494,6462.3306
23495,5460.315
23496,7101.609
23497,7019.845
23498,7109.4775
23499,7366.318
23500,8188.528
23501,7058.7134
23502,6211.3228
23503,12355.776
23504,8864.325
23505,8871.54
23506,8770.254
23507,8897.428
23508,6591.204
23509,5435.86
23510,7145.1743
23511,6989.5596
23512,7012.136
23513,7155.418
23514,7392.332
23515,6466.4062
23516,5470.9766
23517,9487.303
23518,8524.529
23519,8566.309
23520,8675.204
23521,8531.972
23522,7483.0713
23523,12325.011
23524,10656.715
23525,10725.522
23526,10827.667
23527,11308.688
23528,8761.342
23529,7280.4375
23530,8690.624
23531,8489.267
23532,8618.126
23533,9179.613
23534,9619.586
23535,8614.863
23536,7280.4375
23537,11767.2705
23538,10462.673
23539,10627.117
23540,10891.988
23541,11375.867
23542,8788.643
23543,7303.1245
23544,8714.047
23545,8495.933
23546,8637.983
23547,9630.785
23548,11056.481
23549,9759.12
23550,8098.646
23551,14598.83
23552,10919.428
23553,11028.751
23554,11071.255
23555,11381.488
23556,8799.354
23557,7342.461
23558,9029.639
23559,8676.925
23560,8805.499
23561,9184.676
23562,9643.783
23563,8754.984
23564,7389.8926
23565,11658.542
23566,10466.3955
23567,10614.3545
23568,10858.144
23569,6531.313
23570,5885.2935
23571,8707.144
23572,6938.1294
23573,6853.0425
23574,6934.2593
23575,7144.1455
23576,6100.119
23577,5605.92
23578,5671.785
23579,5613.705
23580,5688.7
23581,5996.658
23582,6403.8853
23583,6069.151
23584,5610.1562
23585,8113.1187
23586,6696.568
23587,6728.8696
23588,6908.862
23589,7174.9023
23590,6123.0347
23591,5626.979
23592,5743.61
23593,5642.162
23594,5715.7866
23595,6245.232
23596,7232.3286
23597,6795.775
23598,6178.3223
23599,9869.941
23600,7133.5845
23601,7138.839
23602,7186.2715
23603,7365.039
23604,6383.157
23605,5579.6733
23606,5816.5996
23607,5665.1025
23608,5717.57
23609,6022.5386
23610,6431.523
23611,6131.076
23612,5638.627
23613,7978.5347
23614,6715.1357
23615,6713.7974
23616,6925.2437
23617,2769.6042
23618,3385.9062
23619,6385.2275
23620,5066.0146
23621,4836.359
23622,4826.635
23623,4918.815
23624,2414.2727
23625,3007.7708
23626,4028.768
23627,3855.9143
23628,3848.3481
23629,3883.926
23630,4059.8936
23631,2416.0989
23632,3010.0442
23633,5862.194
23634,4794.505
23635,4756.061
23636,4796.4033
23637,4890.879
23638,2423.3455
23639,3019.0715
23640,4103.2583
23641,3879.4382
23642,3853.1382
23643,4045.8367
23644,4663.0366
23645,2608.8293
23646,3236.3828
23647,6999.467
23648,5201.0225
23649,5072.5664
23650,5016.2944
23651,5043.5845
23652,2490.1873
23653,3003.7505
23654,4168.201
23655,3906.5212
23656,3867.8796
23657,3900.69
23658,4077.4167
23659,2426.5278
23660,3025.322
23661,5764.9443
23662,4767.1523
23663,4728.9277
23664,4791.0806
23665,10872.704
23666,9655.343
23667,14325.089
23668,12569.653
23669,12623.488
23670,12730.66
23671,13056.706
23672,10739.279
23673,9875.2705
23674,11097.007
23675,10918.292
23676,11067.876
23677,11291.864
23678,11856.358
23679,10747.395
23680,9882.733
23681,13560.819
23682,12462.054
23683,12549.326
23684,12700.607
23685,13101.126
23686,10779.619
23687,9912.365
23688,10596.48
23689,10362.369
23690,10542.659
23691,11110.732
23692,12411.583
23693,11207.328
23694,10006.958
23695,16225.605
23696,12859.317
23697,12896.705
23698,12836.758
23699,13090.022
23700,11024.092
23701,9829.039
23702,11482.277
23703,11131.49
23704,11124.039
23705,11340.595
23706,11907.524
23707,10793.775
23708,9932.883
23709,13335.877
23710,12390.967
23711,12477.741
23712,12686.516
23713,3388.433
23714,2429.2158
23715,7496.552
23716,5947.652
23717,5696.72
23718,5752.4644
23719,5794.908
23720,3122.579
23721,2259.1716
23722,4739.2866
23723,4776.875
23724,4750.3525
23725,4855.7827
23726,4941.3687
23727,3126.7046
23728,2262.159
23729,7098.514
23730,5711.3125
23731,5671.65
23732,5785.442
23733,5847.5063
23734,3136.4497
23735,2269.2102
23736,4798.504
23737,4818.828
23738,4795.726
23739,5071.207
23740,5775.9087
23741,3434.9045
23742,2567.094
23743,9128.868
23744,5388.4746
23745,5821.8394
23746,5912.1987
23747,5897.015
23748,3240.5535
23749,2252.5994
23750,4831.1074
23751,4758.3027
23752,4757.5537
23753,4872.323
23754,4950.0396
23755,3178.6353
23756,2269.1724
23757,6959.6304
23758,5660.8784
23759,5620.3438
23760,5768.751
23761,3216.352
23762,3021.3218
23763,4372.154
23764,3388.7434
23765,3343.464
23766,3375.9885
23767,3486.773
23768,2921.3184
23769,2781.5957
23770,2847.7854
23771,2822.7627
23772,2889.419
23773,2941.0718
23774,3142.5295
23775,2925.181
23776,2785.2734
23777,4219.777
23778,3332.0588
23779,3341.5032
23780,3398.3389
23781,3534.4272
23782,2934.298
23783,2793.9548
23784,2905.0242
23785,2867.1663
23786,2926.3057
23787,3088.6272
23788,3505.9844
23789,3171.835
23790,3184.0647
23791,5112.9346
23792,3215.76
23793,3467.22
23794,3458.2515
23795,3553.6675
23796,2991.6936
23797,2770.3523
23798,2881.8223
23799,2824.4248
23800,2903.5461
23801,2947.836
23802,3150.6313
23803,2930.9143
23804,2790.7327
23805,4161.65
23806,3319.856
23807,3318.9282
23808,3390.1208
23809,8114.9917
23810,7780.2456
23811,10538.406
23812,9558.446
23813,9386.263
23814,9293.592
23815,9386.701
23816,7963.861
23817,6927.8994
23818,8282.852
23819,8178.857
23820,8206.222
23821,8454.094
23822,8586.906
23823,7963.861
23824,6927.8994
23825,9953.842
23826,9294.851
23827,9249.06
23828,9354.08
23829,9442.464
23830,7988.6772
23831,6949.488
23832,8374.298
23833,8247.109
23834,8459.95
23835,8893.626
23836,9871.278
23837,8913.923
23838,7761.1606
23839,12049.208
23840,9894.872
23841,9729.964
23842,9577.3
23843,9490.234
23844,8129.075
23845,7513.997
23846,8650.351
23847,8353.334
23848,8335.093
23849,8531.964
23850,8672.49
23851,7987.0166
23852,7186.429
23853,9804.368
23854,9289.436
23855,9245.682
23856,9369.322
23857,9215.827
23858,5817.8867
23859,11809.005
23860,10012.533
23861,10021.944
23862,10082.557
23863,10661.035
23864,9035.9795
23865,5809.43
23866,8303.773
23867,8166.5405
23868,8268.659
23869,8800.134
23870,9438.016
23871,8979.141
23872,5817.1045
23873,11329.751
23874,9894.051
23875,9997.037
23876,10133.449
23877,10714.848
23878,9076.109
23879,5835.232
23880,8359.718
23881,8197.671
23882,8428.41
23883,9247.489
23884,10850.245
23885,10262.606
23886,6593.776
23887,14426.782
23888,10229.82
23889,10294.262
23890,10281.957
23891,10657.324
23892,9117.991
23893,5809.0977
23894,8495.423
23895,8240.127
23896,8310.619
23897,8833.123
23898,9473.3955
23899,9081.833
23900,5846.6255
23901,11141.814
23902,9857.354
23903,9959.958
23904,10142.52
23905,9066.549
23906,7963.4507
23907,16597.09
23908,14819.567
23909,14347.691
23910,14179.591
23911,14048.332
23912,9768.292
23913,7361.3594
23914,12271.032
23915,12203.561
23916,12135.962
23917,12190.102
23918,12092.75
23919,9768.292
23920,7361.3594
23921,15825.171
23922,14555.55
23923,14330.351
23924,14271.878
23925,14131.784
23926,9798.73
23927,7384.2983
23928,11640.309
23929,11545.442
23930,11524.792
23931,11881.342
23932,12278.841
23933,9752.29
23934,7397.304
23935,18078.744
23936,14899.157
23937,14573.372
23938,14473.668
23939,14233.219
23940,9869.414
23941,8002.8315
23942,12841.117
23943,12470.329
23944,12319.122
23945,12323.788
23946,12257.64
23947,9819.65
23948,7653.956
23949,15501.491
23950,14466.768
23951,14291.355
23952,14362.833
23953,4295.753
23954,4096.078
23955,7209.38
23956,5803.0723
23957,5508.5527
23958,5455.942
23959,5471.2114
23960,3933.767
23961,3832.2258
23962,4574.9336
23963,4524.2065
23964,4491.492
23965,4513.103
23966,4792.2144
23967,3913.7947
23968,3835.1223
23969,6514.042
23970,5434.351
23971,5405.261
23972,5417.7476
23973,5494.767
23974,3948.5457
23975,3846.623
23976,4622.5015
23977,4521.881
23978,4488.794
23979,4750.3345
23980,5628.2886
23981,4552.7007
23982,4473.1416
23983,7882.562
23984,5864.1235
23985,5734.6597
23986,5708.796
23987,5745.3633
23988,4052.4375
23989,3827.104
23990,4695.6606
23991,4547.1675
23992,4514.287
23993,4532.582
23994,4812.8975
23995,3953.732
23996,3854.5867
23997,6405.9805
23998,5431.128
23999,5375.0503
24000,5412.3657
24001,5349.5176
24002,4283.845
24003,9070.13
24004,7705.457
24005,7343.911
24006,7287.545
24007,7353.114
24008,4917.0933
24009,3986.5706
24010,6310.212
24011,5984.624
24012,5942.304
24013,6015.959
24014,6248.658
24015,4920.809
24016,3989.5835
24017,8294.789
24018,7265.509
24019,7204.8706
24020,7236.531
24021,7384.77
24022,4935.565
24023,4001.5476
24024,6379.5903
24025,5985.0864
24026,5935.4443
24027,6287.4653
24028,6852.997
24029,5371.637
24030,4220.1753
24031,10397.524
24032,7876.264
24033,7640.8193
24034,7533.43
24035,7519.1157
24036,5134.0176
24037,3981.2424
24038,6510.017
24039,6045.918
24040,5973.156
24041,6042.626
24042,6277.7935
24043,4942.0474
24044,4009.8315
24045,8199.125
24046,7261.1997
24047,7164.6035
24048,7229.3423
24049,6063.301
24050,6060.0923
24051,9094.645
24052,6989.84
24053,6794.595
24054,6891.5522
24055,7001.4497
24056,5688.4126
24057,5776.509
24058,5887.8877
24059,5887.101
24060,5863.8716
24061,6039.509
24062,6262.6025
24063,5662.7305
24064,5784.1396
24065,8516.346
24066,6796.7344
24067,6747.6943
24068,6922.7935
24069,7036.792
24070,5713.6772
24071,5802.1646
24072,5965.4463
24073,5942.781
24074,5945.468
24075,6309.062
24076,7190.447
24077,6247.1562
24078,6493.038
24079,10640.881
24080,7138.921
24081,7022.4707
24082,7089.258
24083,7042.721
24084,5794.521
24085,5776.178
24086,6062.4854
24087,5916.9775
24088,5893.63
24089,6062.1504
24090,6286.08
24091,5717.281
24092,5813.493
24093,8375.073
24094,6780.715
24095,6731.7905
24096,6938.394
24097,6430.474
24098,6566.5493
24099,9749.928
24100,7923.047
24101,7543.7695
24102,7595.696
24103,7639.012
24104,5960.748
24105,6207.781
24106,6471.571
24107,6468.5527
24108,6460.3955
24109,6630.8794
24110,6856.5273
24111,5965.253
24112,6212.472
24113,8962.02
24114,7571.5225
24115,7453.3677
24116,7595.413
24117,7660.924
24118,5983.14
24119,6231.1006
24120,6571.5303
24121,6521.353
24122,6492.1587
24123,6975.4805
24124,7890.9194
24125,6689.3413
24126,6708.76
24127,10943.668
24128,8247.393
24129,7982.188
24130,7900.461
24131,7894.4727
24132,6145.5264
24133,6178.717
24134,6681.53
24135,6563.7124
24136,6499.017
24137,6665.483
24138,6886.1187
24139,5990.998
24140,6243.999
24141,8813.355
24142,7528.33
24143,7410.8496
24144,7586.9854
24145,5381.9507
24146,4389.6973
24147,7874.3716
24148,6432.836
24149,6468.2383
24150,6629.855
24151,6817.173
24152,5158.95
24153,4065.0632
24154,5076.129
24155,5072.852
24156,5239.8525
24157,5657.03
24158,5946.948
24159,5158.95
24160,4065.0632
24161,7504.278
24162,6320.3735
24163,6387.3413
24164,6670.0176
24165,6906.984
24166,5175.0273
24167,4077.732
24168,5152.37
24169,5139.2354
24170,5260.957
24171,5932.8633
24172,6713.016
24173,5647.158
24174,4315.574
24175,9558.647
24176,6614.872
24177,6647.407
24178,6811.011
24179,6890.034
24180,5252.478
24181,4099.698
24182,5254.808
24183,5165.972
24184,5292.5205
24185,5666.6426
24186,5967.7397
24187,5155.2065
24188,4126.1846
24189,7435.801
24190,6315.107
24191,6372.086
24192,6648.2314
24193,7656.8184
24194,7018.66
24195,10967.816
24196,9384.159
24197,9463.488
24198,9546.402
24199,9769.644
24200,7949.3433
24201,6528.5786
24202,7663.8105
24203,7559.9116
24204,7812.25
24205,8235.648
24206,8529.9375
24207,7949.3433
24208,6528.5786
24209,10562.96
24210,9370.117
24211,9435.171
24212,9627.93
24213,9894.447
24214,7974.1143
24215,6548.923
24216,7792.5366
24217,7631.7734
24218,8030.4575
24219,8713.074
24220,9661.284
24221,8884.283
24222,7618.239
24223,13019.873
24224,9639.636
24225,9697.187
24226,9711.561
24227,9804.91
24228,8044.502
24229,6599.6274
24230,7972.9355
24231,7746.9976
24232,7889.8506
24233,8267.603
24234,8547.08
24235,7962.19
24236,6642.2607
24237,10365.642
24238,9302.158
24239,9395.909
24240,9617.375
24241,3211.223
24242,3559.7747
24243,4601.1353
24244,3748.2031
24245,3693.1655
24246,3701.281
24247,3840.5771
24248,2903.765
24249,3232.1125
24250,2819.7698
24251,2843.922
24252,2910.0657
24253,2969.5642
24254,3089.019
24255,2907.6042
24256,3236.3828
24257,4409.4844
24258,3659.5337
24259,3664.987
24260,3719.9668
24261,3859.966
24262,2916.6665
24263,3246.4695
24264,2865.5762
24265,2877.7427
24266,2957.214
24267,3147.9695
24268,3476.0854
24269,3227.4846
24270,3790.3613
24271,5453.824
24272,3823.59
24273,3813.711
24274,3817.0413
24275,3912.1785
24276,2968.8928
24277,3243.8071
24278,2884.5068
24279,2869.1992
24280,2949.1594
24281,2991.999
24282,3124.4744
24283,2929.574
24284,3264.7654
24285,4349.944
24286,3649.6501
24287,3655.0889
24288,3727.0671
24289,5521.1567
24290,4033.771
24291,7728.2593
24292,6655.515
24293,6476.029
24294,6547.867
24295,6647.439
24296,5173.7393
24297,3814.668
24298,4853.8564
24299,4973.505
24300,5071.2505
24301,5351.7734
24302,5524.8916
24303,5180.5737
24304,3819.7075
24305,7295.981
24306,6421.593
24307,6428.334
24308,6581.686
24309,6681.772
24310,5196.718
24311,3831.6118
24312,4936.1865
24313,5043.166
24314,5132.1323
24315,5694.6777
24316,6278.8477
24317,5841.937
24318,4122.337
24319,9777.697
24320,6697.66
24321,6677.421
24322,6794.8804
24323,6814.5854
24324,5300.518
24325,3814.4495
24326,4947.094
24327,4999.327
24328,5096.9873
24329,5371.837
24330,5545.604
24331,5199.9956
24332,3839.0938
24333,7174.95
24334,6384.2104
24335,6390.912
24336,6573.612
24337,5416.9883
24338,4586.714
24339,7480.4595
24340,6270.062
24341,6151.878
24342,6241.391
24343,6413.745
24344,5016.806
24345,4286.8945
24346,4842.4385
24347,4879.523
24348,4999.637
24349,5244.783
24350,5574.0347
24351,5023.4336
24352,4292.558
24353,7206.032
24354,6085.312
24355,6121.347
24356,6273.6274
24357,6471.9595
24358,5039.0884
24359,4305.9355
24360,4921.6636
24361,4944.943
24362,5046.6597
24363,5490.6543
24364,6535.27
24365,5497.1943
24366,4495.6157
24367,9496.147
24368,6312.656
24369,6324.209
24370,6441.874
24371,6564.965
24372,5103.633
24373,4286.6494
24374,4935.457
24375,4904.8574
24376,5025.0103
24377,5264.446
24378,5594.931
24379,5042.2666
24380,4314.3433
24381,7086.493
24382,6049.8867
24383,6085.7124
24384,6265.9307
24385,5111.6714
24386,5410.007
24387,7529.666
24388,6029.9595
24389,5902.783
24390,5857.7783
24391,5991.3066
24392,4677.9434
24393,5058.289
24394,4796.5864
24395,4618.218
24396,4678.8403
24397,4809.974
24398,5179.072
24399,4681.479
24400,5062.112
24401,6951.4966
24402,5789.825
24403,5792.101
24404,5816.7715
24405,6017.101
24406,4695.517
24407,5077.291
24408,4857.33
24409,4641.629
24410,4710.0337
24411,5029.307
24412,6145.1216
24413,5274.77
24414,5604.1553
24415,8635.463
24416,6102.6216
24417,6080.189
24418,6056.1396
24419,6179.713
24420,4795.772
24421,4983.33
24422,4944.3486
24423,4684.463
24424,4703.1333
24425,4831.2964
24426,5166.519
24427,4638.7476
24428,5019.1133
24429,6871.323
24430,5786.391
24431,5759.7285
24432,5810.993
24433,3354.9246
24434,3649.5945
24435,8201.792
24436,6278.686
24437,6066.7837
24438,6114.018
24439,6234.2456
24440,3089.9004
24441,3377.7283
24442,5089.151
24443,5215.8076
24444,5162.642
24445,5262.739
24446,5398.532
24447,3075.948
24448,3382.1907
24449,7506.726
24450,6083.501
24451,6032.882
24452,6141.735
24453,6265.7153
24454,3103.6257
24455,3392.7317
24456,5152.139
24457,5250.89
24458,5222.9165
24459,5450.605
24460,6152.805
24461,3252.3623
24462,3683.4792
24463,10343.332
24464,6291.131
24465,6181.617
24466,6285.163
24467,6307.919
24468,3143.3843
24469,3377.535
24470,5383.876
24471,5242.2773
24472,5188.8423
24473,5282.4688
24474,5418.771
24475,3105.5835
24476,3399.357
24477,7382.1997
24478,6048.7905
24479,5998.46
24480,6134.9136
24481,6939.3735
24482,5102.5767
24483,9559.969
24484,7156.1416
24485,7077.1514
24486,7192.1274
24487,7387.2783
24488,6635.03
24489,4939.5166
24490,6095.565
24491,6011.565
24492,6151.3203
24493,6432.278
24494,6837.477
24495,6640.044
24496,4943.2495
24497,8871.049
24498,6916.926
24499,6978.0625
24500,7141.7812
24501,7419.0815
24502,6659.954
24503,4958.0728
24504,6172.756
24505,6042.038
24506,6184.206
24507,6660.3545
24508,7807.0063
24509,7341.67
24510,5297.5864
24511,10863.852
24512,7386.813
24513,7421.7925
24514,7409.789
24515,7660.982
24516,6827.2783
24517,4920.246
24518,6324.4565
24519,6145.7197
24520,6207.544
24521,6486.167
24522,6879.573
24523,6661.854
24524,4955.576
24525,8791.694
24526,6939.976
24527,6966.3184
24528,7162.7104
24529,6687.689
24530,6413.048
24531,9865.104
24532,8435.263
24533,8389.231
24534,8286.51
24535,8500.886
24536,6315.9385
24537,6176.855
24538,6978.3887
24539,6883.295
24540,6911.406
24541,7065.4224
24542,7367.681
24543,6320.7114
24544,6181.523
24545,9184.815
24546,8200.807
24547,8232.523
24548,8271.925
24549,8553.784
24550,6339.664
24551,6200.0586
24552,7070.937
24553,6923.084
24554,7000.6353
24555,7246.9814
24556,8219.781
24557,6975.2544
24558,6617.125
24559,11356.062
24560,8753.808
24561,8751.921
24562,8577.182
24563,8681.577
24564,6591.2856
24565,6125.085
24566,7220.3633
24567,7033.9336
24568,6971.6357
24569,7121.6123
24570,7382.1294
24571,6328.1553
24572,6189.801
24573,9069.282
24574,8217.28
24575,8207.826
24576,8285.222
24577,5910.874
24578,4898.4146
24579,9184.229
24580,7327.594
24581,6997.6978
24582,7074.0737
24583,7159.664
24584,5556.5063
24585,4662.072
24586,6027.5786
24587,5957.139
24588,5945.718
24589,6127.054
24590,6401.65
24591,5560.7056
24592,4665.595
24593,8405.539
24594,6946.751
24595,6888.7725
24596,7048.1646
24597,7190.488
24598,5577.38
24599,4679.586
24600,6090.2476
24601,5954.077
24602,5950.9487
24603,6348.22
24604,7231.4385
24605,6131.1055
24606,5205.2954
24607,10307.171
24608,7554.347
24609,7365.3413
24610,7340.7666
24611,7357.1055
24612,5816.927
24613,4640.243
24614,6186.631
24615,5987.3706
24616,5975.891
24617,6153.4976
24618,6429.2783
24619,5584.705
24620,4689.2734
24621,8330.062
24622,6969.661
24623,6876.9424
24624,7068.5767
24625,6167.6533
24626,5959.844
24627,11185.426
24628,8732.201
24629,8531.256
24630,8552.137
24631,8696.527
24632,5855.2925
24633,5412.758
24634,6955.4097
24635,7046.141
24636,6991.8667
24637,7160.825
24638,7343.484
24639,5863.0273
24640,5419.908
24641,10432.749
24642,8538.639
24643,8472.87
24644,8600.16
24645,8740.426
24646,5881.298
24647,5436.7983
24648,7045.657
24649,7097.729
24650,7232.356
24651,7617.374
24652,8382.385
24653,6647.509
24654,6183.681
24655,13208.119
24656,8946.775
24657,8790.319
24658,8781.018
24659,8745.912
24660,6019.7246
24661,5707.0537
24662,7163.312
24663,7112.143
24664,7057.3604
24665,7218.366
24666,7395.844
24667,5900.2163
24668,5458.248
24669,10256.657
24670,8517.531
24671,8451.925
24672,8618.545
24673,6706.3477
24674,4951.8765
24675,10793.662
24676,8469.889
24677,8506.888
24678,8636.995
24679,9023.827
24680,6509.1914
24681,4691.143
24682,6689.769
24683,6757.916
24684,6850.1016
24685,7199.9727
24686,7484.2993
24687,6517.7896
24688,4697.3403
24689,10368.302
24690,8408.794
24691,8503.569
24692,8697.167
24693,9086.694
24694,6538.1006
24695,4711.979
24696,6807.79
24697,6853.742
24698,7077.664
24699,7557.352
24700,8477.68
24701,7220.9966
24702,5450.8286
24703,13173.46
24704,7473.635
24705,8571.711
24706,8829.434
24707,9012.981
24708,6680.5615
24709,4629.871
24710,6739.2363
24711,6731.45
24712,6772.5513
24713,7235.5645
24714,7490.148
24715,6564.8145
24716,4663.922
24717,10272.899
24718,8427.84
24719,8496.371
24720,8720.25
24721,7892.583
24722,5707.157
24723,11481.9375
24724,9828.721
24725,9869.744
24726,9890.041
24727,10108.776
24728,7607.746
24729,5644.6865
24730,8010.3154
24731,7814.255
24732,7903.6113
24733,8252.074
24734,8631.288
24735,7613.495
24736,5402.478
24737,10865.095
24738,9595.953
24739,9702.654
24740,9820.812
24741,10152.295
24742,7636.324
24743,5418.6777
24744,8116.548
24745,7859.425
24746,8064.8755
24747,8668.67
24748,9811.964
24749,8588.43
24750,5902.0684
24751,13383.812
24752,10156.652
24753,10176.695
24754,10074.126
24755,10226.737
24756,7898.2837
24757,5637.143
24758,8288.431
24759,7966.8467
24760,7954.0986
24761,8298.516
24762,8681.851
24763,7646.353
24764,5677.62
24765,10738.542
24766,9601.675
24767,9659.911
24768,9822.732
24769,5157.0757
24770,4333.626
24771,7093.384
24772,5678.9956
24773,5589.933
24774,5587.305
24775,5929.7007
24776,4738.726
24777,4008.642
24778,4326.0015
24779,4311.562
24780,4435.2764
24781,4567.6294
24782,5100.8633
24783,4751.916
24784,4013.938
24785,6666.189
24786,5512.721
24787,5567.398
24788,5615.5103
24789,5959.634
24790,4759.7734
24791,4026.4475
24792,4396.2676
24793,4361.8857
24794,4468.949
24795,4832.476
24796,5952.703
24797,5503.07
24798,4756.5737
24799,8318.486
24800,5713.6606
24801,5746.86
24802,5795.4224
24803,6038.276
24804,4815.6714
24805,4008.4128
24806,4408.589
24807,4333.444
24808,4457.7856
24809,4584.754
24810,5119.987
24811,4762.7754
24812,4034.3096
24813,6542.1177
24814,5474.2705
24815,5528.566
24816,5602.114
24817,5476.7515
24818,4834.399
24819,9556.295
24820,8200.385
24821,8031.744
24822,8049.13
24823,8150.7983
24824,5403.7715
24825,4481.914
24826,6868.4663
24827,6968.691
24828,6979.66
24829,7256.637
24830,7369.7334
24831,5372.2773
24832,4481.914
24833,9053.034
24834,7994.821
24835,7935.412
24836,8101.52
24837,8199.219
24838,5420.6113
24839,4495.882
24840,6948.4077
24841,7031.0024
24842,7087.757
24843,7598.768
24844,8116.3696
24845,5953.9067
24846,5046.4863
24847,11820.431
24848,8511.644
24849,8372.805
24850,8346.994
24851,8261.879
24852,5496.5073
24853,4570.772
24854,7160.4155
24855,7099.1235
24856,7071.1123
24857,7304.7197
24858,7430.7954
24859,5362.5093
24860,4600.3013
24861,8934.871
24862,8018.946
24863,7961.089
24864,8143.952
24865,5307.7427
24866,3795.2747
24867,10150.861
24868,8131.929
24869,7879.7886
24870,7890.754
24871,8037.3613
24872,5055.5347
24873,3648.143
24874,6552.1094
24875,6662.0444
24876,6669.674
24877,6857.489
24878,7061.488
24879,3871.3938
24880,3652.9626
24881,9395.686
24882,7846.2124
24883,7804.6016
24884,7950.2153
24885,8093.3564
24886,5077.989
24887,3664.3474
24888,6633.201
24889,6719.7686
24890,6761.101
24891,7245.9033
24892,8336.953
24893,5748.625
24894,4165.6216
24895,12272.917
24896,8375.328
24897,8230.835
24898,8208.633
24899,8159.2065
24900,5208.161
24901,3647.934
24902,6758.58
24903,6695.8525
24904,6703.521
24905,6883.1963
24906,7087.96
24907,5081.1914
24908,3671.5027
24909,9239.828
24910,7815.641
24911,7774.1924
24912,7955.836
24913,7757.3345
24914,5810.4497
24915,11270.614
24916,9677.756
24917,9752.355
24918,9818.067
24919,10240.9
24920,7748.6675
24921,5449.0195
24922,7868.9507
24923,7857.3335
24924,7969.1724
24925,8636.468
24926,9074.171
24927,7748.6675
24928,5211.267
24929,10810.26
24930,9508.473
24931,9648.926
24932,9876.392
24933,10301.736
24934,7772.8135
24935,5227.5073
24936,7990.9253
24937,7911.576
24938,8177.336
24939,9029.613
24940,10201.175
24941,8742.552
24942,5774.9883
24943,13366.73
24944,9916.337
24945,10006.29
24946,10047.661
24947,10315.776
24948,7772.154
24949,5331.2656
24950,8188.989
24951,8043.8647
24952,8155.4565
24953,8655.046
24954,9111.541
24955,7671.753
24956,5365.707
24957,10741.185
24958,9539.221
24959,9665.0625
24960,9874.027
24961,7220.2324
24962,5560.5464
24963,10538.406
24964,9437.548
24965,9265.924
24966,9216.293
24967,9318.56
24968,7390.3296
24969,5390.3047
24970,8169.961
24971,8067.384
24972,8098.136
24973,8356.976
24974,8498.615
24975,7390.3296
24976,5390.3047
24977,9911.543
24978,9224.26
24979,9181.417
24980,9301.511
24981,9426.32
24982,7413.359
24983,5407.1025
24984,8257.263
24985,8108.0054
24986,8268.454
24987,8707.144
24988,9632.871
24989,8209.658
24990,5945.207
24991,12202.292
24992,9775.348
24993,9604.404
24994,9499.218
24995,9385.779
24996,7521.2676
24997,5554.885
24998,8567.779
24999,8273.598
25000,8227.75
25001,8436.453
25002,8608.834
25003,7410.899
25004,5590.7705
25005,9812.366
25006,9231.943
25007,9180.787
25008,9319.431
25009,1893.4933
25010,2507.9128
25011,5922.031
25012,4155.053
25013,4011.3352
25014,4004.8584
25015,4095.3867
25016,1693.9404
25017,2252.807
25018,3270.6384
25019,3211.851
25020,3185.2922
25021,3217.8345
25022,3315.1216
25023,1696.1807
25024,2255.786
25025,5557.158
25026,4018.5085
25027,3992.355
25028,4027.8188
25029,4151.959
25030,1711.0667
25031,2275.58
25032,3336.2668
25033,3259.783
25034,3254.2896
25035,3478.6565
25036,3844.69
25037,1881.0795
25038,2531.1545
25039,7200.4463
25040,4226.2544
25041,4160.2725
25042,4129.252
25043,4182.36
25044,1713.6058
25045,2252.678
25046,3364.4048
25047,3228.5286
25048,3201.4595
25049,3229.8994
25050,3327.5513
25051,1702.5405
25052,2267.2366
25053,5464.9683
25054,3995.1133
25055,3969.1118
25056,4022.877
25057,7409.5137
25058,7385.1084
25059,12300.197
25060,9638.413
25061,9568.489
25062,9675.992
25063,9874.536
25064,7227.0737
25065,7099.381
25066,7834.487
25067,7758.548
25068,7788.175
25069,8028.336
25070,8286.241
25071,7232.5356
25072,7104.746
25073,11423.674
25074,9477.462
25075,9481.585
25076,9626.607
25077,9935.981
25078,7254.222
25079,7126.0493
25080,7938.387
25081,7792.2764
25082,7868.2227
25083,8298.255
25084,9152.416
25085,7951.459
25086,8163.6904
25087,13476.034
25088,9856.038
25089,9820.222
25090,9819.932
25091,10003.638
25092,7410.256
25093,7076.2603
25094,8100.6157
25095,7922.9336
25096,7881.4346
25097,8118.336
25098,8353.166
25099,7264.4556
25100,7127.069
25101,11316.436
25102,9527.191
25103,9483.692
25104,9673.243
25105,7502.911
25106,7881.337
25107,9371.101
25108,7885.5024
25109,7958.386
25110,8008.322
25111,8278.357
25112,7196.2993
25113,7252.202
25114,6499.29
25115,6594.128
25116,6700.708
25117,7291.167
25118,7649.5405
25119,7072.8257
25120,7252.202
25121,8979.166
25122,7826.585
25123,7873.5005
25124,8071.2783
25125,8343.437
25126,7218.724
25127,7274.801
25128,6600.0366
25129,6683.589
25130,6803.499
25131,7629.357
25132,8447.267
25133,8002.0835
25134,7768.152
25135,11506.89
25136,8187.95
25137,8229.077
25138,8209.854
25139,8338.329
25140,7370.76
25141,7313.9854
25142,6768.702
25143,6755.738
25144,6862.488
25145,7319.5054
25146,7709.3755
25147,7191.0776
25148,7361.233
25149,8835.854
25150,7832.462
25151,7903.9507
25152,8091.473
25153,8513.072
25154,6114.9043
25155,10269.921
25156,8934.931
25157,8899.074
25158,8889.072
25159,9219.607
25160,8092.97
25161,5841.5415
25162,7666.128
25163,7550.947
25164,7751.1514
25165,8227.782
25166,8684.359
25167,8103.6606
25168,5594.0454
25169,9753.611
25170,8752.213
25171,8832.096
25172,8952.614
25173,9312.092
25174,8128.9126
25175,5611.478
25176,7783.0063
25177,7671.8115
25178,7908.264
25179,8575.055
25180,9752.923
25181,8926.863
25182,6173.757
25183,12299.036
25184,9255.299
25185,9301.785
25186,9203.924
25187,9342.668
25188,8278.713
25189,5841.207
25190,7837.79
25191,7641.774
25192,7797.4883
25193,8266.049
25194,8716.915
25195,8134.039
25196,5878.9424
25197,9591.816
25198,8701.266
25199,8780.683
25200,8941.631
25201,5957.5312
25202,5371.586
25203,7462.174
25204,6114.6597
25205,5987.85
25206,6008.298
25207,6252.611
25208,5440.4087
25209,4938.056
25210,4853.8936
25211,4836.1143
25212,4937.2603
25213,5118.815
25214,5527.2373
25215,5447.5957
25216,4944.5796
25217,7020.7695
25218,5924.415
25219,5946.8633
25220,6038.6274
25221,6284.174
25222,5464.572
25223,4959.989
25224,4932.732
25225,4900.382
25226,5003.7974
25227,5395.9683
25228,6697.596
25229,6273.5015
25230,5731.1055
25231,9132.526
25232,5487.078
25233,6106.721
25234,6194.1475
25235,6394.4307
25236,5599.6562
25237,4870.028
25238,4872.565
25239,4811.516
25240,4974.269
25241,5164.9673
25242,5595.3
25243,5482.9243
25244,4905.8447
25245,6897.188
25246,5893.658
25247,5897.6226
25248,6046.1084
25249,3822.3464
25250,4059.8394
25251,5935.19
25252,4756.1562
25253,4588.1973
25254,4613.6255
25255,4739.0063
25256,3528.7205
25257,3786.119
25258,4017.0483
25259,3918.808
25260,3951.413
25261,4004.4878
25262,4297.179
25263,3533.3823
25264,3791.1206
25265,5597.3867
25266,4568.0913
25267,4579.1597
25268,4634.5415
25269,4762.9297
25270,3544.3945
25271,3802.936
25272,4066.7698
25273,3947.3142
25274,3979.6704
25275,4194.622
25276,4811.4976
25277,3842.8638
25278,4055.8486
25279,6490.784
25280,4613.7705
25281,4764.2383
25282,4772.412
25283,4822.6724
25284,3598.7498
25285,3616.2007
25286,4130.572
25287,3933.3582
25288,3988.0652
25289,4030.4438
25290,4334.7173
25291,3542.836
25292,3642.798
25293,5488.141
25294,4527.9756
25295,4537.9595
25296,4615.527
25297,8404.953
25298,6762.8555
25299,12140.141
25300,9418.915
25301,9383.846
25302,9540.121
25303,10020.443
25304,8184.593
25305,6730.192
25306,7751.61
25307,7572.9814
25308,7708.111
25309,8244.199
25310,8666.983
25311,7376.6113
25312,6739.082
25313,11319.307
25314,9274.536
25315,9368.009
25316,9588.277
25317,10071.023
25318,8220.941
25319,6760.082
25320,7882.1636
25321,7674.329
25322,7879.578
25323,8647.381
25324,9819.959
25325,9184.588
25326,7754.93
25327,14126.852
25328,9618.53
25329,9675.956
25330,9763.328
25331,10116.299
25332,8252.279
25333,6729.8066
25334,7930.5166
25335,7641.22
25336,7747.2266
25337,8275.1045
25338,8699.473
25339,8226.126
25340,6773.2812
25341,11131.543
25342,9232.912
25343,9325.966
25344,9589.356
25345,3565.4978
25346,3477.0837
25347,8505.054
25348,6621.235
25349,6393.9854
25350,6450.6914
25351,6544.6455
25352,3255.6062
25353,3190.392
25354,5542.5317
25355,5520.93
25356,5479.8867
25357,5612.11
25358,5737.4663
25359,3259.9075
25360,3194.6072
25361,8009.7197
25362,6411.7144
25363,6358.3345
25364,6492.747
25365,6583.5947
25366,3270.0676
25367,3204.564
25368,5602.974
25369,5563.061
25370,5541.1045
25371,5818.6084
25372,6379.548
25373,3443.75
25374,3496.422
25375,10995.257
25376,6696.095
25377,6579.502
25378,6641.197
25379,6633.283
25380,3389.6228
25381,3190.2095
25382,5697.579
25383,5558.9287
25384,5512.6475
25385,5638.213
25386,5758.9756
25387,3272.1301
25388,3210.8215
25389,7876.85
25390,6374.3896
25391,6321.3203
25392,6484.7812
25393,8487.389
25394,5854.22
25395,11302.79
25396,9342.712
25397,9325.726
25398,9293.353
25399,9612.414
25400,8163.924
25401,5777.991
25402,7950.6245
25403,7803.604
25404,7912.293
25405,8298.967
25406,8811.54
25407,8170.0933
25408,5782.358
25409,10502.685
25410,9167.784
25411,9210.678
25412,9271.414
25413,9645.116
25414,8194.591
25415,5799.697
25416,8096.537
25417,7897.5303
25418,8077.755
25419,8639.705
25420,9911.25
25421,9228.669
25422,6324.969
25423,12709.611
25424,9659.238
25425,9664.961
25426,9510.033
25427,9717.556
25428,8447.307
25429,5750.9395
25430,8226.667
25431,7955.988
25432,7952.445
25433,8334.782
25434,8849.567
25435,8205.353
25436,5811.7026
25437,10328.466
25438,9115.487
25439,9158.136
25440,9261.126
25441,5761.646
25442,5188.922
25443,9586.813
25444,7194.604
25445,7113.391
25446,7194.0005
25447,7388.462
25448,5198.929
25449,4775.1304
25450,5981.5996
25451,5865.2363
25452,5969.886
25453,6204.6436
25454,6543.8467
25455,5202.8584
25456,4778.7393
25457,8828.785
25458,6960.633
25459,7020.381
25460,7167.652
25461,7420.2705
25462,5218.46
25463,4793.0693
25464,6057.347
25465,5885.557
25466,6024.7964
25467,6540.2334
25468,7458.2104
25469,5806.799
25470,4838.726
25471,11320.797
25472,7425.021
25473,7458.296
25474,7429.6543
25475,7577.9956
25476,5387.95
25477,4740.4033
25478,6201.827
25479,6006.006
25480,6034.378
25481,6266.935
25482,6605.1187
25483,5219.769
25484,4790.491
25485,8735.775
25486,6989.053
25487,7013.8086
25488,7194.0347
25489,5136.4663
25490,5289.83
25491,8014.3887
25492,6284.2456
25493,5947.3853
25494,5952.635
25495,5991.358
25496,4696.5205
25497,4941.5947
25498,5421.93
25499,5133.6353
25500,5081.7925
25501,5160.0327
25502,5344.937
25503,4700.07
25504,4945.3296
25505,7277.7437
25506,5935.0933
25507,5856.1636
25508,5931.5225
25509,5959.7134
25510,4714.164
25511,5049.491
25512,5506.4673
25513,5157.376
25514,5085.8364
25515,5375.8916
25516,6422.23
25517,5338.8276
25518,5844.25
25519,9085.212
25520,6376.439
25521,6185.852
25522,6195.808
25523,6192.96
25524,4790.0664
25525,4918.458
25526,5593.6133
25527,5186.215
25528,5107.5825
25529,5182.303
25530,5368.0054
25531,4720.356
25532,4970.4272
25533,7157.015
25534,5901.2354
25535,5822.7554
25536,5924.9404
25537,7523.7505
25538,5636.374
25539,10201.525
25540,8284.1
25541,8301.968
25542,8414.731
25543,8786.422
25544,7219.8535
25545,5279.124
25546,6816.757
25547,6891.2104
25548,7070.883
25549,7564.564
25550,8007.68
25551,7229.3906
25552,5055.4526
25553,9699.9795
25554,8168.3013
25555,8273.716
25556,8468.257
25557,8867.623
25558,7251.9185
25559,5071.207
25560,6931.568
25561,6996.043
25562,7269.1133
25563,7992.694
25564,9185.044
25565,8125.711
25566,5951.5957
25567,12140.859
25568,8538.565
25569,8613.582
25570,8634.31
25571,8823.507
25572,7383.3755
25573,5278.822
25574,6974.09
25575,6962.3926
25576,7106.7656
25577,7592.9214
25578,8037.6987
25579,7256.4917
25580,5312.9243
25581,9539.075
25582,8120.7524
25583,8225.554
25584,8457.868
25585,4032.39
25586,4205.7964
25587,8741.526
25588,6841.1694
25589,6504.152
25590,6578.0337
25591,6566.8438
25592,3763.6416
25593,4003.468
25594,5660.014
25595,5602.1885
25596,5560.679
25597,5697.443
25598,5798.264
25599,3766.4863
25600,4006.4937
25601,8238.469
25602,6521.26
25603,6418.6963
25604,6554.7036
25605,6562.567
25606,3777.7815
25607,4090.885
25608,5748.263
25609,5617.278
25610,5551.643
25611,5847.3115
25612,6483.2974
25613,3898.7405
25614,4105.948
25615,10874.913
25616,6979.3804
25617,6754.108
25618,6783.5674
25619,6732.914
25620,3830.055
25621,3984.7227
25622,5839.2354
25623,5659.5664
25624,5588.899
25625,5722.0327
25626,5823.2886
25627,3782.7434
25628,4026.8276
25629,8101.8057
25630,6484.0576
25631,6382.0796
25632,6547.43
25633,5097.167
25634,4964.3623
25635,9650.868
25636,7330.5234
25637,7244.8457
25638,7347.8975
25639,7591.0024
25640,4782.912
25641,4681.059
25642,5967.5806
25643,5928.1343
25644,5962.5737
25645,6222.079
25646,6442.753
25647,4789.2305
25648,4687.243
25649,9195.632
25650,7182.633
25651,7208.163
25652,7399.09
25653,7643.888
25654,4804.1553
25655,4701.85
25656,6069.2725
25657,6008.6416
25658,6069.556
25659,6533.9546
25660,7407.436
25661,5374.7993
25662,5086.7485
25663,12787.014
25664,7566.173
25665,7562.183
25666,7603.6187
25667,7731.4663
25668,4949.435
25669,4692.3115
25670,6124.7285
25671,6008.412
25672,6046.858
25673,6273.4478
25674,6495.9434
25675,4828.7715
25676,4722.6255
25677,9071.843
25678,7172.884
25679,7198.3794
25680,7423.1943
25681,7903.069
25682,6546.687
25683,11050.831
25684,9436.72
25685,9223.046
25686,9207.831
25687,9367.696
25688,7592.27
25689,5991.101
25690,8040.5283
25691,8038.1665
25692,8046.1133
25693,8270.165
25694,8479.451
25695,6142.0044
25696,5999.015
25697,10477.882
25698,9215.616
25699,9172.21
25700,9249.571
25701,9414.981
25702,7625.9883
25703,6017.7095
25704,8144.8535
25705,8112.6084
25706,8312.213
25707,8711.487
25708,9689.393
25709,8601.989
25710,6810.537
25711,12943.493
25712,9616.036
25713,9455.774
25714,9395.82
25715,9402.454
25716,7730.6626
25717,6304.298
25718,8302.831
25719,8078.957
25720,8086.944
25721,8301.168
25722,8511.237
25723,7630.798
25724,6029.459
25725,10304.074
25726,9185.648
25727,9142.383
25728,9262.098
25729,3137.0063
25730,3428.04
25731,8818.081
25732,6431.7437
25733,6181.9062
25734,6158.8584
25735,6285.655
25736,2935.7107
25737,3223.7615
25738,5185.2554
25739,5223.305
25740,5151.707
25741,5189.2334
25742,5336.6387
25743,2939.5923
25744,3228.0205
25745,8100.299
25746,6243.797
25747,6157.4956
25748,6194.165
25749,6318.1196
25750,2948.7544
25751,3238.0813
25752,5250.044
25753,5259.0503
25754,5209.2593
25755,5341.186
25756,6044.0845
25757,3082.872
25758,3325.806
25759,11009.917
25760,6490.5674
25761,6342.2046
25762,6306.481
25763,6348.8745
25764,3035.093
25765,3223.577
25766,5480.2783
25767,5250.4243
25768,5177.8516
25769,5208.688
25770,5356.6455
25771,2950.6116
25772,3244.4045
25773,7965.9272
25774,6207.449
25775,6121.651
25776,6186.566
25777,9032.163
25778,8041.579
25779,12816.341
25780,11381.261
25781,10985.163
25782,10988.726
25783,11068.066
25784,8722.596
25785,7572.2373
25786,9715.359
25787,9388.752
25788,9394.081
25789,9607.94
25790,9964.072
25791,8729.187
25792,7577.9595
25793,11955.239
25794,10891.251
25795,10862.898
25796,10948.48
25797,11115.714
25798,8755.36
25799,7600.6816
25800,9513.09
25801,9094.012
25802,9264.59
25803,9802.619
25804,11216.225
25805,9628.324
25806,8389.168
25807,14606.239
25808,11735.754
25809,11417.944
25810,11249.136
25811,11255.285
25812,8898.361
25813,7931.2275
25814,10050.709
25815,9496.192
25816,9454.088
25817,9662.012
25818,9969.538
25819,8766.858
25820,7616.415
25821,11815.99
25822,10897.745
25823,10815.045
25824,10950.622
25825,10089.617
25826,8202.051
25827,13354.688
25828,11554.982
25829,11526.089
25830,11505.035
25831,11993.258
25832,9763.123
25833,8156.8877
25834,9799.217
25835,9522.586
25836,9703.153
25837,10039.768
25838,10604.883
25839,9776.02
25840,8167.6626
25841,12710.969
25842,11385.43
25843,11509.019
25844,11587.273
25845,12113.5625
25846,9806.481
25847,8193.113
25848,9635.554
25849,9365.892
25850,9654.357
25851,10399.528
25852,11971.772
25853,10675.025
25854,8796.098
25855,15973.837
25856,11836.383
25857,11916.204
25858,11792.584
25859,12082.098
25860,9862.395
25861,8156.421
25862,10018.638
25863,9637.126
25864,9761.158
25865,10086.462
25866,10644.637
25867,9812.666
25868,8209.11
25869,12500.122
25870,11319.155
25871,11442.025
25872,11573.06
25873,8330.054
25874,7198.3794
25875,11013.992
25876,9607.363
25877,9304.43
25878,9233.6
25879,9387.2295
25880,7853.2803
25881,6911.386
25882,8163.9395
25883,8130.409
25884,8112.655
25885,8348.34
25886,8556.885
25887,7863.654
25888,6920.5156
25889,10277.437
25890,9284.483
25891,9240.753
25892,9285.449
25893,9434.613
25894,7888.1577
25895,6942.081
25896,8287.348
25897,8223.051
25898,8425.621
25899,8916.499
25900,9937.157
25901,8899.626
25902,7881.412
25903,12693.258
25904,9862.395
25905,9698.028
25906,9572.113
25907,9506.551
25908,8073.8115
25909,6924.735
25910,8426.272
25911,8206.565
25912,8188.645
25913,8415.422
25914,8617.8955
25915,7913.531
25916,6969.4683
25917,10103.966
25918,9261.532
25919,9217.91
25920,9305.3
25921,3548.4846
25922,3587.0725
25923,6759.618
25924,5394.2544
25925,5159.8213
25926,5156.2837
25927,5230.6396
25928,3176.159
25929,3243.3772
25930,4183.6807
25931,4163.0674
25932,4165.9634
25933,4218.3887
25934,4353.58
25935,3180.3552
25936,3247.662
25937,6264.921
25938,5134.522
25939,5131.496
25940,5185.2407
25941,5257.0444
25942,3190.2673
25943,3257.7842
25944,4235.4644
25945,4193.3496
25946,4206.587
25947,4375.6543
25948,4983.059
25949,3534.8623
25950,3774.1543
25951,7833.448
25952,5470.7573
25953,5417.4326
25954,5401.4526
25955,5413.119
25956,3234.6729
25957,3243.1914
25958,4303.615
25959,4184.6826
25960,4187.5938
25961,4234.697
25962,4387.42
25963,3192.6514
25964,3264.1458
25965,6161.7085
25966,5105.225
25967,5102.2163
25968,5179.4814
25969,5285.044
25970,4984.062
25971,8667.099
25972,6900.3467
25973,6837.5947
25974,6947.672
25975,7197.02
25976,4959.066
25977,4707.8594
25978,5630.7373
25979,5679.4995
25980,5720.1606
25981,6035.236
25982,6287.13
25983,4936.6763
25984,4714.0786
25985,8204.8125
25986,6759.45
25987,6777.475
25988,6982.743
25989,7233.3496
25990,4981.092
25991,4728.7695
25992,5726.69
25993,5759.4976
25994,5798.917
25995,6263.636
25996,7059.124
25997,5469.458
25998,5282.9775
25999,11522.275
26000,7097.668
26001,7087.649
26002,7185.3804
26003,7267.103
26004,5172.367
26005,4707.59
26006,5738.227
26007,5708.3223
26008,5749.19
26009,6057.8613
26010,6310.699
26011,4984.2334
26012,4738.003
26013,8068.7075
26014,6737.115
26015,6755.0806
26016,6991.8335
26017,3186.6265
26018,3708.1191
26019,6458.5654
26020,5287.0356
26021,5124.653
26022,5060.2676
26023,5182.269
26024,2868.53
26025,3265.485
26026,4007.6404
26027,4032.5898
26028,4026.2092
26029,4074.7185
26030,4282.15
26031,2851.8052
26032,3265.485
26033,6016.78
26034,5062.503
26035,5044.9224
26036,5093.206
26037,5213.0566
26038,2877.4707
26039,3275.6626
26040,4051.8926
26041,4066.246
26042,4067.7512
26043,4287.2627
26044,4905.5312
26045,3102.3765
26046,3787.589
26047,7213.459
26048,5360.9595
26049,5284.1772
26050,5297.49
26051,5355.818
26052,2898.0198
26053,3286.4172
26054,4166.619
26055,4096.8794
26056,4067.8523
26057,4102.3193
26058,4326.1504
26059,2863.1755
26060,3307.6506
26061,5941.664
26062,5059.828
26063,5033.4824
26064,5099.589
26065,2476.968
26066,2724.6492
26067,4655.064
26068,3552.078
26069,3392.01
26070,3373.13
26071,3406.687
26072,2264.1628
26073,2538.022
26074,2928.0386
26075,2895.4275
26076,2877.4927
26077,2884.295
26078,2965.2966
26079,2265.8752
26080,2539.942
26081,4366.3022
26082,3395.61
26083,3352.8193
26084,3358.2002
26085,3385.703
26086,2272.6716
26087,2593.4497
26088,2977.6875
26089,2908.703
26090,2889.3694
26091,3005.7026
26092,3314.7769
26093,2470.0205
26094,3037.1582
26095,4979.505
26096,3670.6692
26097,3563.4646
26098,3480.6414
26099,3490.4968
26100,2308.0164
26101,2526.138
26102,3024.8345
26103,2929.0107
26104,2892.0981
26105,2896.7441
26106,2978.098
26107,2275.656
26108,2552.8345
26109,4300.6196
26110,3381.5486
26111,3338.9348
26112,3359.7512
26113,6806.089
26114,5288.786
26115,10539.703
26116,9410.888
26117,9280.402
26118,9221.059
26119,9311.78
26120,6914.5444
26121,4737.09
26122,7976.0845
26123,7875.9414
26124,7883.825
26125,8068.584
26126,8195.13
26127,6914.5444
26128,4530.395
26129,9923.982
26130,9208.613
26131,9163.858
26132,9300.473
26133,9413.545
26134,6936.0913
26135,4544.5137
26136,8056.2495
26137,7910.6255
26138,8055.443
26139,8412.733
26140,9295.586
26141,7670.7505
26142,5030.276
26143,12076.901
26144,9776.653
26145,9605.687
26146,9489.339
26147,9382.853
26148,7057.1245
26149,5137.236
26150,8341.041
26151,8072.1865
26152,8010.01
26153,8130.6494
26154,8286.462
26155,6933.7896
26156,4913.2676
26157,9843.947
26158,9234.356
26159,9163.2295
26160,9301.608
26161,6239.1235
26162,5621.9897
26163,8138.47
26164,6636.758
26165,6567.62
26166,6699.2
26167,6952.4053
26168,5807.4414
26169,5258.5737
26170,5272.099
26171,5255.6504
26172,5359.61
26173,5738.0576
26174,6076.171
26175,5781.2217
26176,5265.5205
26177,7700.417
26178,6476.869
26179,6521.452
26180,6733.0166
26181,6987.5
26182,5833.2344
26183,5281.9297
26184,5357.7285
26185,5325.492
26186,5429.134
26187,6061.1035
26188,6991.2134
26189,6512.408
26190,6129.3516
26191,9815.765
26192,6073.3784
26193,6589.3057
26194,6837.321
26195,6966.883
26196,5980.39
26197,5238.279
26198,5274.7197
26199,5199.2217
26200,5283.26
26201,5762.5586
26202,6080.502
26203,5827.5728
26204,5276.803
26205,7506.8335
26206,6412.6504
26207,6466.8564
26208,6744.4385
26209,8010.568
26210,5073.3745
26211,11698.5625
26212,10480.96
26213,10132.744
26214,10110.454
26215,10149.478
26216,7668.2124
26217,4735.3735
26218,8985.206
26219,8800.68
26220,8783.112
26221,8892.786
26222,9067.293
26223,7674.007
26224,4532.176
26225,10919.0
26226,10149.235
26227,10020.511
26228,10099.457
26229,10197.002
26230,7697.017
26231,4545.7666
26232,8961.388
26233,8711.496
26234,8807.448
26235,9165.686
26236,10052.991
26237,8400.177
26238,4976.219
26239,13348.003
26240,10880.359
26241,10554.31
26242,10385.69
26243,10246.576
26244,7934.383
26245,4959.889
26246,9286.99
26247,8912.75
26248,8827.683
26249,8931.164
26250,9106.424
26251,7707.1255
26252,4763.0024
26253,10737.876
26254,10091.34
26255,9963.35
26256,10088.251
26257,4527.859
26258,4984.5186
26259,7416.287
26260,5632.0103
26261,5501.2227
26262,5468.8896
26263,5669.5674
26264,4226.7627
26265,4684.1187
26266,4236.9556
26267,4205.3633
26268,4293.32
26269,4434.062
26270,4774.6157
26271,4207.678
26272,4690.3066
26273,6860.2563
26274,5442.942
26275,5463.566
26276,5496.497
26277,5698.1875
26278,4245.536
26279,4704.9233
26280,4305.7754
26281,4261.2505
26282,4351.1807
26283,4742.271
26284,5587.8916
26285,4846.639
26286,5405.8286
26287,8827.085
26288,5669.0215
26289,5667.356
26290,5683.3906
26291,5799.0166
26292,4307.5664
26293,4683.8506
26294,4317.843
26295,4226.706
26296,4315.109
26297,4450.686
26298,4792.516
26299,4248.214
26300,4714.1104
26301,6746.452
26302,5416.12
26303,5436.6426
26304,5494.6885
26305,5634.8423
26306,5023.635
26307,8232.79
26308,6716.4556
26309,6653.8716
26310,6803.3433
26311,7048.1777
26312,5098.13
26313,4567.3423
26314,5339.1284
26315,5334.084
26316,5439.594
26317,5837.559
26318,6170.7603
26319,5112.32
26320,4573.376
26321,7798.314
26322,6561.9287
26323,6607.097
26324,6837.686
26325,7083.756
26326,5120.773
26327,4587.6284
26328,5425.846
26329,5396.339
26330,5501.359
26331,6156.3623
26332,7088.7104
26333,5710.795
26334,5149.6436
26335,9974.18
26336,6837.836
26337,6856.9004
26338,6993.741
26339,7135.6665
26340,5220.6855
26341,4567.0806
26342,5441.0522
26343,5361.154
26344,5467.1997
26345,5859.4434
26346,6193.8936
26347,5124.003
26348,4596.586
26349,7668.951
26350,6537.1216
26351,6582.1196
26352,6843.3164
26353,5138.7993
26354,4751.7256
26355,8563.719
26356,6828.535
26357,6596.0024
26358,6641.076
26359,6800.4565
26360,4933.692
26361,4592.519
26362,5663.811
26363,5711.0127
26364,5704.8877
26365,5837.1523
26366,6067.021
26367,4911.4165
26368,4598.586
26369,7992.816
26370,6586.189
26371,6557.53
26372,6678.3696
26373,6834.784
26374,4955.605
26375,4612.917
26376,5733.91
26377,5760.4976
26378,5779.7275
26379,6092.8853
26380,7003.153
26381,5396.9053
26382,5141.8047
26383,10201.302
26384,6974.177
26385,6860.413
26386,6874.8833
26387,6883.8857
26388,5025.7246
26389,4592.256
26390,5842.294
26391,5739.995
26392,5733.8394
26393,5859.0356
26394,6089.7656
26395,4958.7305
26396,4621.924
26397,7860.2266
26398,6570.6655
26399,6542.074
26400,6693.42
26401,8068.092
26402,6288.701
26403,11415.614
26404,10014.979
26405,9718.899
26406,9783.238
26407,9935.157
26408,7730.405
26409,5588.6323
26410,8691.917
26411,8484.984
26412,8453.497
26413,8737.092
26414,8932.374
26415,7740.616
26416,5596.0146
26417,10797.358
26418,9802.854
26419,9722.821
26420,9859.216
26421,10017.443
26422,7764.737
26423,5613.4536
26424,8804.693
26425,8558.272
26426,8675.038
26427,9221.296
26428,10152.963
26429,8597.642
26430,6534.983
26431,13669.011
26432,10254.261
26433,10077.355
26434,10043.379
26435,9989.897
26436,7849.955
26437,5880.793
26438,8949.651
26439,8539.185
26440,8496.395
26441,8769.845
26442,8965.858
26443,7769.634
26444,5624.414
26445,10618.252
26446,9745.791
26447,9666.225
26448,9847.121
26449,6276.578
26450,4656.1387
26451,7553.057
26452,6380.272
26453,6308.154
26454,6418.1577
26455,6697.973
26456,5807.4746
26457,4355.449
26458,4990.1797
26459,5027.412
26460,5116.5986
26461,5390.119
26462,5861.316
26463,5815.146
26464,4361.203
26465,7190.001
26466,6207.1235
26467,6249.8506
26468,6450.5557
26469,6731.7837
26470,5833.2676
26471,4374.7944
26472,5071.2314
26473,5086.089
26474,5149.28
26475,5670.9897
26476,6840.7715
26477,6651.898
26478,5103.876
26479,9169.323
26480,6402.9995
26481,6420.8516
26482,6625.79
26483,6874.7847
26484,5960.362
26485,4355.2
26486,5085.444
26487,5052.9263
26488,5142.565
26489,5410.3267
26490,5883.2896
26491,5836.947
26492,4383.337
26493,7071.551
26494,6171.7075
26495,6214.191
26496,6443.392
26497,6063.07
26498,5281.199
26499,7936.0254
26500,6385.1484
26501,6309.2666
26502,6397.3223
26503,6708.2285
26504,5739.9736
26505,5033.132
26506,5182.333
26507,5187.6646
26508,5262.9595
26509,5549.975
26510,5917.2764
26511,5714.0586
26512,5039.781
26513,7520.0127
26514,6226.0684
26515,6268.926
26516,6429.615
26517,6742.091
26518,5765.467
26519,5055.4863
26520,5266.505
26521,5256.603
26522,5331.23
26523,5809.9897
26524,6857.149
26525,6413.6353
26526,5660.2627
26527,9631.934
26528,6474.596
26529,6492.648
26530,6589.218
26531,6776.7705
26532,5847.0435
26533,5032.8438
26534,5281.2646
26535,5213.9917
26536,5289.669
26537,5570.7817
26538,5939.46
26539,5769.103
26540,5065.3574
26541,7395.2656
26542,6195.388
26543,6238.034
26544,6427.5
26545,4942.0664
26546,3847.7498
26547,7878.6084
26548,6307.913
26549,6104.7407
26550,6186.908
26551,6314.5044
26552,4648.5854
26553,3652.5027
26554,4902.7197
26555,4933.334
26556,5030.2905
26557,5238.4087
26558,5483.8237
26559,4654.7266
26560,3657.3281
26561,7446.184
26562,6053.4253
26563,6059.78
26564,6218.8633
26565,6371.8184
26566,4669.2324
26567,3668.7263
26568,4982.9307
26569,4999.475
26570,5077.601
26571,5498.007
26572,6195.796
26573,5023.956
26574,3984.1335
26575,9968.92
26576,6350.764
26577,6331.5728
26578,6458.03
26579,6536.654
26580,4762.498
26581,3652.2937
26582,4996.896
26583,4958.9478
26584,5055.8193
26585,5258.0474
26586,5504.3823
26587,4672.1772
26588,3675.8904
26589,7322.6616
26590,6018.186
26591,6024.5034
26592,6211.234
26593,6158.6
26594,6598.1104
26595,10850.142
26596,8359.806
26597,8018.219
26598,8091.1333
26599,8181.1895
26600,5820.8896
26601,5845.343
26602,6881.857
26603,6868.1587
26604,6845.3535
26605,7085.601
26606,7335.573
26607,5825.2886
26608,5849.7603
26609,9896.769
26610,7917.079
26611,7870.812
26612,8034.495
26613,8216.41
26614,5842.7563
26615,5867.3013
26616,6953.4067
26617,6864.6284
26618,6916.5693
26619,7453.375
26620,8546.714
26621,6586.233
26622,6838.3384
26623,12029.814
26624,8649.74
26625,8430.292
26626,8389.864
26627,8399.688
26628,6065.1753
26629,6124.1797
26630,7123.705
26631,6967.322
26632,6909.4746
26633,7146.5713
26634,7354.713
26635,5835.9224
26636,5861.3833
26637,9778.603
26638,7938.1147
26639,7852.2764
26640,8052.6157
26641,5897.859
26642,5431.962
26643,7659.199
26644,6097.4727
26645,6101.592
26646,6168.1294
26647,6479.588
26648,5461.2266
26649,4913.3003
26650,4744.968
26651,4804.041
26652,4882.2744
26653,5199.088
26654,5682.09
26655,4595.389
26656,4913.3003
26657,7081.783
26658,5962.5225
26659,6025.6987
26660,6204.7734
26661,6518.082
26662,5478.2456
26663,4928.612
26664,4815.676
26665,4866.341
26666,4904.3804
26667,5458.7427
26668,6754.5327
26669,6173.692
26670,5564.409
26671,8994.098
26672,6222.6606
26673,6253.267
26674,6383.486
26675,6620.3066
26676,5574.545
26677,4920.8936
26678,5046.212
26679,4891.658
26680,4989.0137
26681,5207.923
26682,5711.977
26683,5497.7397
26684,4952.684
26685,7017.161
26686,5958.247
26687,6012.007
26688,6185.2266
26689,7460.1743
26690,5132.0
26691,10531.3125
26692,9079.097
26693,8953.895
26694,8857.614
26695,8939.704
26696,7223.1665
26697,4787.499
26698,7945.5605
26699,7945.9473
26700,7985.348
26701,8298.405
26702,8421.219
26703,7223.1665
26704,4787.499
26705,9917.746
26706,8871.286
26707,8818.519
26708,8932.289
26709,9009.981
26710,7245.6753
26711,4802.419
26712,8038.036
26713,7964.294
26714,8126.401
26715,8573.616
26716,9469.087
26717,8051.4717
26718,5172.658
26719,11784.69
26720,9446.039
26721,9287.628
26722,9157.192
26723,9045.818
26724,7343.6167
26725,4847.2583
26726,8278.16
26727,8100.2295
26728,8095.5337
26729,8344.073
26730,8542.101
26731,7164.5967
26732,4878.5737
26733,9817.834
26734,8889.666
26735,8821.412
26736,8936.925
26737,6967.4746
26738,4648.457
26739,9828.692
26740,8555.13
26741,8363.402
26742,8375.041
26743,8486.611
26744,6737.9956
26745,4311.0234
26746,7328.8174
26747,7439.1704
26748,7431.83
26749,7758.851
26750,7909.1465
26751,6746.8965
26752,4128.362
26753,9212.566
26754,8323.685
26755,8283.602
26756,8438.151
26757,8545.735
26758,6767.921
26759,4141.2275
26760,7423.909
26761,7508.0654
26762,7599.8267
26763,8098.0127
26764,9026.677
26765,7584.3013
26766,4645.877
26767,11502.445
26768,7734.8667
26769,8536.84
26770,8684.766
26771,8562.306
26772,6967.528
26773,4366.9854
26774,7516.112
26775,7443.4644
26776,7477.328
26777,7827.2866
26778,7974.0156
26779,6748.956
26780,4180.302
26781,9025.859
26782,8255.05
26783,8229.618
26784,8459.207
26785,7117.789
26786,7182.324
26787,10655.556
26788,8470.931
26789,8173.8345
26790,8128.393
26791,8157.7827
26792,6742.734
26793,6939.003
26794,7068.3545
26795,7099.4214
26796,7075.8486
26797,7331.789
26798,7564.7803
26799,6747.8296
26800,6944.247
26801,9797.712
26802,8052.9233
26803,8005.863
26804,8098.6226
26805,8192.902
26806,6768.063
26807,7042.8755
26808,7146.067
26809,7099.97
26810,7173.048
26811,7593.4214
26812,8565.001
26813,7516.4556
26814,7779.763
26815,11742.818
26816,8775.015
26817,8552.389
26818,8431.136
26819,8369.979
26820,6930.0273
26821,6880.846
26822,7312.025
26823,7197.267
26824,7137.511
26825,7390.097
26826,7579.615
26827,6755.7764
26828,6953.546
26829,9674.47
26830,8069.1
26831,7981.8457
26832,8111.641
26833,8500.31
26834,5911.449
26835,10782.776
26836,9363.221
26837,9497.025
26838,9604.633
26839,9985.563
26840,8535.708
26841,5703.9517
26842,7843.4214
26843,7737.088
26844,7847.2153
26845,8543.095
26846,8983.278
26847,8535.708
26848,5455.078
26849,10298.572
26850,9259.527
26851,9396.304
26852,9661.689
26853,10044.883
26854,8562.306
26855,5472.0776
26856,7965.0005
26857,7790.5005
26858,8066.399
26859,9045.388
26860,10137.2
26861,9573.017
26862,6201.342
26863,12835.656
26864,9634.828
26865,9722.228
26866,9796.03
26867,10019.928
26868,8663.471
26869,5763.988
26870,8155.7285
26871,7924.6113
26872,8070.7393
26873,8574.033
26874,9115.8
26875,8551.557
26876,5801.224
26877,10211.348
26878,9270.025
26879,9392.316
26880,9648.613
26881,6437.1816
26882,5530.5806
26883,8624.828
26884,6954.0566
26885,6883.367
26886,6967.508
26887,7223.139
26888,6026.021
26889,5241.7725
26890,5754.583
26891,5753.052
26892,5876.694
26893,6197.1084
26894,6632.8784
26895,6030.5747
26896,5245.734
26897,8098.5996
26898,6763.8745
26899,6776.8936
26900,6960.7324
26901,7257.8003
26902,6048.6577
26903,5261.464
26904,5872.5474
26905,5826.956
26906,5889.174
26907,6437.0464
26908,7511.2095
26909,6682.3647
26910,5444.9517
26911,9924.237
26912,7216.1016
26913,7200.5835
26914,7219.619
26915,7333.1875
26916,6327.6543
26917,5217.2305
26918,5947.1753
26919,5850.6475
26920,5906.517
26921,6223.854
26922,6661.5044
26923,6056.6016
26924,5272.3555
26925,7964.256
26926,6725.289
26927,6738.2334
26928,6953.009
26929,5644.4604
26930,4438.6157
26931,8031.3154
26932,6465.4194
26933,6354.8965
26934,6441.2964
26935,6718.2305
26936,5187.115
26937,4060.9084
26938,5211.8936
26939,5210.8843
26940,5308.5425
26941,5570.192
26942,6015.173
26943,5191.0356
26944,4063.9775
26945,7498.9546
26946,6206.4785
26947,6249.6655
26948,6396.2056
26949,6747.154
26950,5206.6016
26951,4076.1646
26952,5277.8955
26953,5228.9385
26954,5311.323
26955,5755.6533
26956,7007.2153
26957,5710.9526
26958,4047.759
26959,9244.896
26960,6623.3003
26961,6609.0576
26962,6650.4644
26963,6819.8003
26964,5377.902
26965,4055.481
26966,5378.6406
26967,5291.7227
26968,5342.2563
26969,5601.334
26970,6050.187
26971,5213.44
26972,4084.6033
26973,7421.0137
26974,6209.948
26975,6221.901
26976,6397.2183
26977,3795.434
26978,4360.4087
26979,6880.4854
26980,5698.932
26981,5383.491
26982,5341.171
26983,5355.6543
26984,3399.6162
26985,3990.3484
26986,4368.9644
26987,4357.461
26988,4312.9526
26989,4336.885
26990,4523.857
26991,3402.1858
26992,3993.3643
26993,6282.891
26994,5326.9805
26995,5282.5444
26996,5303.78
26997,5378.7124
26998,3412.3887
26999,4005.3398
27000,4414.3916
27001,4355.2207
27002,4322.112
27003,4469.0
27004,5224.536
27005,3774.7014
27006,4571.932
27007,7473.663
27008,5762.8994
27009,5618.7354
27010,5584.8916
27011,5587.156
27012,3487.5845
27013,3933.842
27014,4510.327
27015,4405.0366
27016,4338.246
27017,4359.024
27018,4515.911
27019,3373.3843
27020,3962.091
27021,6214.582
27022,5327.382
27023,5256.5327
27024,5302.055
27025,5937.732
27026,5506.4775
27027,7749.0444
27028,6283.6226
27029,6175.1055
27030,6249.9756
27031,6628.837
27032,5429.3564
27033,5068.6245
27034,4875.4614
27035,4971.252
27036,5075.2236
27037,5344.759
27038,5857.3257
27039,5436.529
27040,5075.3203
27041,7141.9785
27042,6090.9097
27043,6132.837
27044,6281.525
27045,6662.299
27046,5453.4707
27047,5091.1367
27048,4954.65
27049,5029.2734
27050,5128.242
27051,5573.0884
27052,6906.2266
27053,6120.728
27054,5850.4688
27055,9158.7295
27056,6306.006
27057,6323.588
27058,6475.671
27059,6828.607
27060,5533.145
27061,5068.3345
27062,5104.8936
27063,4996.481
27064,5100.9805
27065,5364.796
27066,5879.284
27067,5456.91
27068,5101.0776
27069,7013.2935
27070,6060.8955
27071,6102.616
27072,6279.4585
27073,9400.203
27074,7998.581
27075,13575.39
27076,11792.358
27077,11842.864
27078,11867.684
27079,12041.327
27080,9125.743
27081,8040.5894
27082,9788.848
27083,9584.208
27084,9715.517
27085,10007.034
27086,10429.755
27087,9132.64
27088,8046.6655
27089,12994.3545
27090,11593.254
27091,11674.442
27092,11800.009
27093,12082.293
27094,9160.022
27095,8070.793
27096,9654.809
27097,9395.435
27098,9585.543
27099,10238.02
27100,11676.714
27101,9893.391
27102,8321.645
27103,15637.986
27104,12185.801
27105,12221.2295
27106,12081.061
27107,12174.265
27108,9399.253
27109,8029.8447
27110,10128.705
27111,9771.358
27112,9764.818
27113,10050.221
27114,10474.765
27115,9172.052
27116,8087.4995
27117,12778.809
27118,11527.123
27119,11607.848
27120,11786.916
27121,6249.8506
27122,4708.636
27123,11619.112
27124,9594.278
27125,9308.406
27126,9278.481
27127,9420.748
27128,5721.847
27129,3981.2158
27130,8009.0166
27131,7820.4883
27132,7776.469
27133,7897.907
27134,8097.7188
27135,5729.4053
27136,3812.5251
27137,10879.094
27138,9351.262
27139,9279.234
27140,9340.021
27141,9515.25
27142,5747.26
27143,3824.407
27144,8100.1987
27145,7881.6074
27146,8056.772
27147,8428.298
27148,9313.406
27149,6602.8823
27150,4492.6406
27151,13804.293
27152,9782.744
27153,9611.671
27154,9523.83
27155,9476.423
27156,5851.451
27157,4189.36
27158,8246.771
27159,7883.6826
27160,7822.9575
27161,7934.64
27162,8128.075
27163,5750.885
27164,4006.7078
27165,10698.632
27166,9296.827
27167,9225.219
27168,9328.563
27169,8000.191
27170,5664.0435
27171,13554.302
27172,10770.514
27173,10404.111
27174,10372.495
27175,9960.946
27176,7306.831
27177,4883.1084
27178,8962.695
27179,8757.615
27180,8717.605
27181,8904.975
27182,8942.816
27183,7312.353
27184,4886.799
27185,12115.411
27186,10192.714
27187,10113.993
27188,10151.287
27189,10003.828
27190,7334.279
27191,4901.4526
27192,9061.232
27193,8761.993
27194,8801.511
27195,9239.678
27196,9915.269
27197,8095.943
27198,5386.275
27199,14471.418
27200,11074.486
27201,10742.619
27202,10576.963
27203,10206.09
27204,7621.655
27205,5206.949
27206,9258.221
27207,8863.868
27208,8779.268
27209,8961.19
27210,9001.332
27211,7343.911
27212,4911.599
27213,11982.453
27214,10205.739
27215,10076.298
27216,10160.189
27217,13590.923
27218,14956.591
27219,17366.78
27220,15338.471
27221,15229.653
27222,15331.538
27223,15732.08
27224,13287.353
27225,15252.228
27226,13203.673
27227,12950.458
27228,13146.224
27229,13314.056
27230,14081.358
27231,13352.104
27232,15263.753
27233,16345.824
27234,15046.27
27235,15152.026
27236,15307.313
27237,15897.966
27238,13392.137
27239,15309.518
27240,12704.679
27241,12371.66
27242,12715.528
27243,13211.042
27244,14341.917
27245,13648.271
27246,15500.812
27247,18453.928
27248,15548.236
27249,15593.842
27250,15584.862
27251,15966.663
27252,13639.735
27253,15180.826
27254,13531.659
27255,13108.101
27256,13224.809
27257,13383.53
27258,14142.125
27259,13409.724
27260,15341.206
27261,16074.688
27262,14960.442
27263,15065.597
27264,15290.329
27265,3499.4119
27266,4000.25
27267,7299.6353
27268,5776.0464
27269,5482.532
27270,5451.047
27271,5504.3613
27272,3160.1677
27273,3636.5796
27274,4469.5586
27275,4496.182
27276,4451.0723
27277,4487.861
27278,4584.2427
27279,3164.3428
27280,3641.384
27281,6891.546
27282,5494.18
27283,5448.713
27284,5482.297
27285,5554.323
27286,3174.205
27287,3652.7327
27288,4525.4062
27289,4529.414
27290,4511.468
27291,4656.7695
27292,5405.581
27293,3517.5522
27294,4190.443
27295,8965.2
27296,5268.3843
27297,5677.1978
27298,5653.378
27299,5652.3047
27300,3240.303
27301,3473.3013
27302,4572.5337
27303,4494.8013
27304,4473.8457
27305,4493.7036
27306,4582.6553
27307,3172.7458
27308,3498.848
27309,6769.393
27310,5455.885
27311,5409.5576
27312,5464.15
27313,4543.616
27314,4470.855
27315,7146.381
27316,5486.4976
27317,5299.982
27318,5288.917
27319,5425.945
27320,4206.968
27321,4181.7256
27322,4158.051
27323,4142.334
27324,4204.3164
27325,4319.087
27326,4643.9985
27327,3456.4739
27328,4187.25
27329,6646.019
27330,5262.387
27331,5267.9116
27332,5315.616
27333,5453.3354
27334,4225.654
27335,4200.3
27336,4225.5894
27337,4197.384
27338,4250.561
27339,4517.828
27340,5240.4224
27341,4609.0596
27342,4655.144
27343,8441.089
27344,5564.929
27345,5548.112
27346,5538.061
27347,5591.9385
27348,4283.968
27349,4181.4863
27350,4237.432
27351,4163.3574
27352,4225.654
27353,4335.28
27354,4661.409
27355,4228.3193
27356,4208.5015
27357,6535.7686
27358,5235.636
27359,5241.1323
27360,5313.036
27361,5161.7314
27362,5412.0767
27363,9072.336
27364,7720.5234
27365,7455.6143
27366,7404.5044
27367,7492.3984
27368,4788.8193
27369,5045.62
27370,6315.8237
27371,6318.861
27372,6306.848
27373,6389.0107
27374,6514.371
27375,4795.1455
27376,5052.285
27377,8590.961
27378,7476.5366
27379,7422.5923
27380,7461.3696
27381,7545.677
27382,4810.089
27383,5159.3047
27384,6395.84
27385,6390.4736
27386,6406.0415
27387,6713.0933
27388,7123.107
27389,5126.0264
27390,5401.4785
27391,11231.544
27392,7828.2793
27393,7700.586
27394,7636.9434
27395,7607.5864
27396,4903.9404
27397,5045.331
27398,6499.9844
27399,6369.6855
27400,6344.5522
27401,6418.727
27402,6538.7925
27403,4813.1226
27404,5077.926
27405,8448.451
27406,7433.0137
27407,7379.384
27408,7452.2163
27409,7900.4233
27410,6027.2393
27411,10855.068
27412,8543.828
27413,8553.678
27414,8613.763
27415,8924.633
27416,7542.158
27417,5904.0054
27418,7254.672
27419,7113.8867
27420,7220.8794
27421,7708.559
27422,8201.323
27423,7547.858
27424,5650.6714
27425,10264.457
27426,8363.674
27427,8427.76
27428,8593.428
27429,8954.996
27430,7570.4897
27431,5667.6157
27432,7403.431
27433,7214.732
27434,7435.439
27435,8152.6953
27436,9269.53
27437,8567.085
27438,6207.0347
27439,12259.312
27440,8898.684
27441,8930.397
27442,8873.427
27443,9020.309
27444,7859.17
27445,5876.3633
27446,7506.554
27447,7252.8037
27448,7257.5234
27449,7741.8267
27450,8236.717
27451,7580.432
27452,5938.4517
27453,10094.189
27454,8315.963
27455,8379.684
27456,8583.893
27457,8993.239
27458,7057.165
27459,12420.145
27460,10312.796
27461,10387.811
27462,10493.063
27463,10982.994
27464,8875.966
27465,7189.082
27466,8597.339
27467,8459.135
27468,8618.102
27469,9148.725
27470,9612.68
27471,8739.1
27472,7198.5786
27473,11873.311
27474,10206.508
27475,10350.793
27476,10546.028
27477,11038.433
27478,8915.386
27479,7221.0103
27480,8644.973
27481,8477.065
27482,8734.884
27483,9707.402
27484,11241.36
27485,10025.788
27486,8067.345
27487,15187.241
27488,10443.382
27489,10547.939
27490,10636.689
27491,10991.053
27492,8966.218
27493,7188.671
27494,8795.763
27495,8535.357
27496,8661.835
27497,9183.0205
27498,9648.714
27499,8879.921
27500,7201.7856
27501,11676.357
27502,10160.354
27503,10303.986
27504,10546.853
27505,7609.8145
27506,5150.228
27507,10100.083
27508,8533.917
27509,8548.059
27510,8592.642
27511,8879.903
27512,7209.0156
27513,5042.887
27514,7144.1997
27515,7157.2812
27516,7217.12
27517,7690.706
27518,8068.1226
27519,7214.4634
27520,5046.698
27521,9455.793
27522,8295.312
27523,8383.057
27524,8532.492
27525,8918.132
27526,7236.0957
27527,5061.8315
27528,7238.947
27529,7197.8164
27530,7428.4
27531,8130.347
27532,9282.704
27533,8203.851
27534,5558.2236
27535,11559.723
27536,8831.472
27537,8888.589
27538,8842.101
27539,9064.967
27540,7529.328
27541,5020.6743
27542,7407.2734
27543,7329.104
27544,7295.1323
27545,7767.9663
27546,8143.719
27547,7237.9595
27548,5056.7256
27549,9356.24
27550,8329.235
27551,8375.265
27552,8563.956
27553,8594.1
27554,6057.07
27555,10772.2295
27556,9195.519
27557,9206.119
27558,9177.749
27559,9438.349
27560,8264.614
27561,5976.786
27562,7870.249
27563,7771.642
27564,7878.233
27565,8325.899
27566,8820.453
27567,8270.859
27568,5720.33
27569,10135.209
27570,8944.94
27571,9058.761
27572,9144.136
27573,9478.981
27574,8295.659
27575,5737.483
27576,7991.482
27577,7832.178
27578,8112.322
27579,8819.679
27580,9985.23
27581,9402.714
27582,6298.0415
27583,12071.547
27584,9500.776
27585,9582.535
27586,9454.413
27587,9539.53
27588,8579.686
27589,5926.4893
27590,8143.502
27591,7923.402
27592,7928.5576
27593,8372.757
27594,8872.124
27595,8275.396
27596,5989.107
27597,10017.156
27598,8950.274
27599,9018.8545
27600,9145.924
27601,7643.4727
27602,5102.5815
27603,9953.225
27604,8521.684
27605,8552.683
27606,8534.315
27607,8790.06
27608,7311.6973
27609,4779.532
27610,7351.466
27611,7243.5537
27612,7353.3735
27613,7734.4243
27614,8103.2896
27615,7317.2227
27616,4574.4404
27617,9420.631
27618,8385.328
27619,8445.4375
27620,8525.033
27621,8831.22
27622,7339.163
27623,4588.1577
27624,7495.937
27625,7340.094
27626,7480.0884
27627,8020.055
27628,9151.866
27629,8192.145
27630,5144.292
27631,11416.234
27632,8908.891
27633,8936.26
27634,8768.489
27635,8884.25
27636,7611.8906
27637,4757.1543
27638,7616.415
27639,7394.4263
27640,7390.6895
27641,7767.803
27642,8138.2607
27643,7348.802
27644,4807.4194
27645,9264.359
27646,8337.494
27647,8397.261
27648,8515.574
27649,7126.1987
27650,7429.2007
27651,10918.99
27652,8452.126
27653,8211.193
27654,8306.229
27655,8504.373
27656,6706.936
27657,7187.0596
27658,6866.2656
27659,6911.6104
27660,6896.517
27661,7161.3853
27662,7401.2427
27663,6676.6562
27664,7196.553
27665,10186.368
27666,8184.772
27667,8146.2207
27668,8343.882
27669,8547.301
27670,6736.7236
27671,7218.979
27672,6951.2446
27673,6971.496
27674,7119.779
27675,7688.5425
27676,8732.984
27677,7675.603
27678,8276.684
27679,12727.759
27680,8676.494
27681,8531.891
27682,8583.926
27683,8576.43
27684,6877.507
27685,7186.6484
27686,7090.2656
27687,6946.6846
27688,6931.515
27689,7188.232
27690,7428.9883
27691,6740.972
27692,7233.0737
27693,10017.3955
27694,8185.631
27695,8147.075
27696,8383.32
27697,6475.127
27698,4851.4727
27699,9459.87
27700,7467.243
27701,7464.3594
27702,7576.0156
27703,7921.8833
27704,6066.685
27705,4587.2036
27706,5873.9985
27707,5957.3096
27708,6127.3403
27709,6499.575
27710,6901.1167
27711,6074.699
27712,4593.2637
27713,8913.523
27714,7322.3335
27715,7412.4116
27716,7614.258
27717,7961.871
27718,6093.6294
27719,4607.578
27720,5969.4023
27721,6036.4736
27722,6210.434
27723,6899.024
27724,7977.8115
27725,6879.3438
27726,5112.993
27727,12070.879
27728,6864.0327
27729,7560.842
27730,7803.976
27731,7944.462
27732,6343.5293
27733,4543.8286
27734,5923.901
27735,5948.2246
27736,6171.196
27737,6562.7295
27738,6977.317
27739,6144.53
27740,4577.247
27741,8710.158
27742,7261.6016
27743,7362.3916
27744,7640.0396
27745,5432.983
27746,5681.786
27747,7433.631
27748,6152.1064
27749,6085.3525
27750,6180.3613
27751,6430.523
27752,5080.3677
27753,5338.9907
27754,4834.68
27755,4856.079
27756,4984.452
27757,5197.8633
27758,5660.8457
27759,5087.0786
27760,5346.0435
27761,7111.485
27762,6018.4614
27763,6059.8896
27764,6217.143
27765,6487.3115
27766,5102.9316
27767,5362.7036
27768,4906.0645
27769,4925.0356
27770,5051.625
27771,5475.2993
27772,6533.138
27773,5646.0005
27774,5993.221
27775,9336.779
27776,6204.318
27777,6221.616
27778,6344.0073
27779,6496.693
27780,5168.2935
27781,5338.685
27782,4924.237
27783,4889.503
27784,5014.2515
27785,5222.04
27786,5682.068
27787,5106.1504
27788,5373.1743
27789,6993.514
27790,5983.4253
27791,6024.613
27792,6209.516
27793,3027.0195
27794,3180.3218
27795,6813.7144
27796,5494.044
27797,5283.6074
27798,5265.32
27799,5425.722
27800,2757.0532
27801,2916.0393
27802,4313.3145
27803,4347.5254
27804,4330.948
27805,4373.4136
27806,4580.1514
27807,2760.6985
27808,2919.8948
27809,6400.5083
27810,5254.8887
27811,5244.753
27812,5289.1895
27813,5453.112
27814,2769.3032
27815,2928.9954
27816,4366.702
27817,4379.1494
27818,4389.714
27819,4594.4644
27820,5394.414
27821,3050.213
27822,3341.6433
27823,8052.1396
27824,5530.5913
27825,5469.3433
27826,5483.123
27827,5561.2573
27828,2809.7656
27829,2915.8723
27830,4454.415
27831,4382.5635
27832,4365.8525
27833,4402.8438
27834,4635.4434
27835,2771.0474
27836,2934.7153
27837,6299.0024
27838,5228.1753
27839,5218.0913
27840,5286.622
27841,4879.905
27842,5293.838
27843,7759.251
27844,5919.077
27845,5847.0044
27846,5857.102
27847,6170.978
27848,4481.478
27849,4885.382
27850,4416.055
27851,4448.4956
27852,4535.4497
27853,4685.987
27854,5146.437
27855,4461.244
27856,4891.8354
27857,7121.1846
27858,5785.293
27859,5817.3096
27860,5886.669
27861,6202.129
27862,4501.383
27863,4907.08
27864,4487.7837
27865,4507.6133
27866,4596.5728
27867,5004.4087
27868,6080.711
27869,5112.9053
27870,5727.198
27871,9072.067
27872,5957.974
27873,5966.5786
27874,6018.5244
27875,6241.046
27876,4559.0415
27877,4885.102
27878,4623.873
27879,4471.0723
27880,4558.4673
27881,4703.5547
27882,5165.731
27883,4504.222
27884,4916.6616
27885,7003.0527
27886,5752.2837
27887,5784.1177
27888,5880.1313
27889,2915.953
27890,3412.9683
27891,5577.869
27892,4391.071
27893,4183.561
27894,4153.8843
27895,4154.625
27896,2566.9788
27897,3061.778
27898,3575.6038
27899,3488.9656
27900,3475.1042
27901,3489.3682
27902,3586.1968
27903,2568.9204
27904,3064.0923
27905,5179.62
27906,4155.727
27907,4114.099
27908,4127.8657
27909,4135.267
27910,2576.6252
27911,3073.2817
27912,3641.7175
27913,3510.2512
27914,3479.4297
27915,3656.9756
27916,4065.5557
27917,2772.8337
27918,3334.4277
27919,6044.7646
27920,4519.5137
27921,4399.007
27922,4328.049
27923,4312.7676
27924,2624.9326
27925,3057.6858
27926,3699.3572
27927,3534.7578
27928,3492.742
27929,3504.4297
27930,3601.6758
27931,2580.0088
27932,3079.6445
27933,5093.692
27934,4132.018
27935,4090.6274
27936,4123.2847
27937,3315.1626
27938,3552.1526
27939,8011.706
27940,6410.7544
27941,6236.101
27942,6238.4805
27943,6237.9985
27944,3138.3384
27945,3227.608
27946,5119.4497
27947,5174.3955
27948,5150.8716
27949,5292.238
27950,5353.1157
27951,3138.3384
27952,3227.608
27953,7617.483
27954,6200.502
27955,6147.8535
27956,6279.818
27957,6300.2104
27958,3148.1196
27959,3237.6672
27960,5176.5776
27961,5183.8804
27962,5195.816
27963,5512.3423
27964,6009.897
27965,3330.0918
27966,3522.0078
27967,10083.422
27968,6517.746
27969,6397.42
27970,6496.8726
27971,6455.9478
27972,3180.2278
27973,3229.5144
27974,5361.7163
27975,5295.5957
27976,5235.9956
27977,5339.9077
27978,5401.6587
27979,3114.3684
27980,3250.3804
27981,7536.506
27982,6201.756
27983,6143.557
27984,6294.432
27985,6996.81
27986,6992.1
27987,10337.81
27988,7942.5225
27989,7985.0054
27990,8079.065
27991,8462.476
27992,6713.881
27993,6548.6294
27994,6415.856
27995,6506.851
27996,6659.8145
27997,7101.189
27998,7517.689
27999,6722.7495
28000,6557.28
28001,9784.387
28002,7891.3184
28003,7963.8457
28004,8151.1016
28005,8537.931
28006,6743.6987
28007,6577.7134
28008,6524.1587
28009,6602.7944
28010,6799.4966
28011,7395.456
28012,8663.677
28013,7514.8213
28014,7604.17
28015,12508.566
28016,7200.4395
28017,8118.336
28018,8310.754
28019,8567.125
28020,6968.046
28021,6478.247
28022,6467.3623
28023,6493.9175
28024,6661.409
28025,7153.016
28026,7586.6885
28027,6787.1206
28028,6525.889
28029,9622.431
28030,7840.265
28031,7887.7593
28032,8159.1133
28033,17522.154
28034,18299.348
28035,22386.27
28036,19631.414
28037,19091.938
28038,19248.844
28039,19413.203
28040,17351.863
28041,17773.965
28042,17171.758
28043,16848.217
28044,16806.523
28045,17061.908
28046,17413.666
28047,17374.781
28048,17797.441
28049,21586.729
28050,19247.43
28051,19113.982
28052,19378.834
28053,19533.271
28054,17426.875
28055,17850.803
28056,17376.09
28057,16997.363
28058,17045.4
28059,17656.137
28060,18571.412
28061,18500.328
28062,18940.104
28063,25310.697
28064,19720.965
28065,19391.129
28066,19532.918
28067,19501.963
28068,17565.223
28069,18704.104
28070,17622.223
28071,16955.834
28072,16891.803
28073,17125.865
28074,17478.941
28075,17439.91
28076,17887.75
28077,21228.666
28078,19137.64
28079,19004.955
28080,19357.332
28081,5489.9785
28082,4145.0415
28083,10112.257
28084,8239.742
28085,7931.523
28086,7947.933
28087,8031.9053
28088,5182.407
28089,3961.5203
28090,6787.632
28091,6842.5923
28092,6829.473
28093,7057.946
28094,7300.9795
28095,5186.3237
28096,3964.5144
28097,9324.703
28098,7888.8125
28099,7822.9727
28100,7933.944
28101,8081.8857
28102,5201.876
28103,3976.4033
28104,6858.2017
28105,6839.075
28106,6835.482
28107,7233.108
28108,8289.292
28109,5748.866
28110,4368.548
28111,11842.142
28112,8532.558
28113,8319.081
28114,8218.777
28115,8188.114
28116,5425.298
28117,3942.9714
28118,6966.737
28119,6877.3164
28120,6864.131
28121,7088.4062
28122,7332.4883
28123,5208.7075
28124,3984.6353
28125,9245.708
28126,7918.8843
28127,7813.5396
28128,7960.9976
28129,3761.2012
28130,3015.0908
28131,7545.3457
28132,5940.8535
28133,5629.9424
28134,5591.869
28135,5696.9106
28136,3402.043
28137,2679.8813
28138,4661.547
28139,4611.175
28140,4584.7324
28141,4619.76
28142,4943.0703
28143,3404.6143
28144,2681.9082
28145,6740.4
28146,5563.3794
28147,5524.375
28148,5552.723
28149,5721.4375
28150,3414.8245
28151,2689.952
28152,4710.0156
28153,4601.447
28154,4562.6523
28155,4842.0874
28156,5687.561
28157,3818.975
28158,3063.315
28159,8196.975
28160,5986.982
28161,5845.0474
28162,5836.2397
28163,5932.196
28164,3535.0647
28165,2676.2993
28166,4784.559
28167,4634.5767
28168,4608.0
28169,4639.699
28170,4964.405
28171,3419.31
28172,2695.5212
28173,6662.6606
28174,5560.0796
28175,5493.4985
28176,5547.207
28177,5682.377
28178,5396.5654
28179,10376.156
28180,8825.115
28181,8699.273
28182,8562.657
28183,8615.118
28184,5717.1934
28185,5089.52
28186,7318.0674
28187,7277.084
28188,7277.4106
28189,7382.1436
28190,7428.237
28191,5717.1934
28192,5089.52
28193,9798.722
28194,8728.379
28195,8655.236
28196,8658.332
28197,8706.462
28198,5735.01
28199,5212.217
28200,7396.267
28201,7313.727
28202,7390.118
28203,7610.6567
28204,8179.512
28205,6270.11
28206,5748.258
28207,12317.959
28208,9178.809
28209,9010.368
28210,8855.021
28211,8744.086
28212,5890.8647
28213,5257.862
28214,7652.3354
28215,7463.099
28216,7393.89
28217,7469.815
28218,7510.1567
28219,5747.2544
28220,5291.8286
28221,9654.762
28222,8694.305
28223,8613.681
28224,8695.342
28225,4898.798
28226,4779.327
28227,6644.3965
28228,5511.002
28229,5322.3184
28230,5335.4575
28231,5467.007
28232,4500.426
28233,4438.8994
28234,4241.205
28235,4255.86
28236,4319.54
28237,4429.6064
28238,4642.0054
28239,4506.371
28240,4444.763
28241,6281.0815
28242,5280.343
28243,5285.886
28244,5362.3916
28245,5494.6045
28246,4520.4146
28247,4458.615
28248,4310.094
28249,4306.4697
28250,4359.93
28251,4614.9854
28252,5446.5513
28253,4940.374
28254,4938.3154
28255,7717.6743
28256,5118.278
28257,5504.1147
28258,5570.4365
28259,5595.8228
28260,4631.3154
28261,4376.9443
28262,4273.0547
28263,4239.6724
28264,4287.8477
28265,4449.9263
28266,4645.0884
28267,4534.766
28268,4409.1353
28269,6181.759
28270,5250.129
28271,5239.3228
28272,5353.836
28273,5731.8
28274,4564.424
28275,8849.128
28276,7091.5034
28277,6984.9077
28278,7104.678
28279,7139.2886
28280,5142.3984
28281,4016.9219
28282,5647.584
28283,5596.639
28284,5701.526
28285,6069.481
28286,6373.9155
28287,5146.2847
28288,4019.9578
28289,8133.1157
28290,6707.1216
28291,6753.792
28292,6953.155
28293,7170.0244
28294,5161.7163
28295,4032.013
28296,5719.1025
28297,5616.03
28298,5704.512
28299,6294.414
28300,7178.886
28301,5686.351
28302,4031.786
28303,10457.725
28304,7346.1245
28305,7330.3276
28306,7378.5957
28307,7440.6816
28308,5447.8657
28309,4070.286
28310,5835.9165
28311,5690.92
28312,5745.2646
28313,6111.4233
28314,6419.431
28315,5168.4956
28316,4040.36
28317,8059.147
28318,6719.6787
28319,6732.6123
28320,6963.382
28321,2792.7969
28322,2300.6646
28323,6204.673
28324,5042.3677
28325,4862.026
28326,4862.4756
28327,5011.9805
28328,2429.0085
28329,1954.8896
28330,3964.7488
28331,3844.9136
28332,3857.6582
28333,3903.731
28334,4110.7803
28335,2432.2202
28336,1957.4747
28337,5814.9463
28338,4823.4775
28339,4833.2505
28340,4884.5195
28341,5037.2812
28342,2439.8015
28343,1963.5768
28344,4013.823
28345,3872.8823
28346,3896.2534
28347,4111.1255
28348,4774.921
28349,2628.916
28350,2147.9758
28351,7079.865
28352,4827.537
28353,5033.0884
28354,5056.2485
28355,5126.711
28356,2479.6777
28357,1947.6926
28358,4062.2295
28359,3845.4014
28360,3879.5308
28361,3932.0525
28362,4138.065
28363,2446.0068
28364,1962.0233
28365,5694.2974
28366,4775.1167
28367,4793.1333
28368,4889.1064
28369,7027.6904
28370,4559.2285
28371,12484.919
28372,10494.515
28373,10276.31
28374,10236.34
28375,10277.456
28376,6510.4517
28377,3977.1885
28378,8499.402
28379,8486.8545
28380,8457.715
28381,8586.554
28382,8579.53
28383,6519.052
28384,3982.439
28385,11895.345
28386,10298.5625
28387,10230.679
28388,10293.819
28389,10329.333
28390,6539.3667
28391,3994.8503
28392,8609.68
28393,8535.342
28394,8691.378
28395,9009.174
28396,9803.04
28397,7463.4478
28398,4432.3706
28399,14774.704
28400,10656.338
28401,10481.71
28402,10428.541
28403,10281.251
28404,6629.1343
28405,4185.1177
28406,8748.174
28407,8529.921
28408,8500.634
28409,8618.742
28410,8611.692
28411,6543.4907
28412,4002.651
28413,11698.026
28414,10251.992
28415,10184.415
28416,10294.625
28417,7110.386
28418,5869.854
28419,9630.666
28420,7655.3066
28421,7619.583
28422,7744.722
28423,8022.618
28424,6715.578
28425,5612.934
28426,6152.623
28427,6140.8794
28428,6296.0654
28429,6725.43
28430,7219.4956
28431,5660.884
28432,5617.1763
28433,8968.364
28434,7406.7295
28435,7500.979
28436,7716.357
28437,8057.1562
28438,6740.8047
28439,5634.02
28440,6230.536
28441,6172.008
28442,6338.57
28443,7048.7627
28444,8358.929
28445,7646.4478
28446,6194.5195
28447,11129.622
28448,7948.3574
28449,8016.759
28450,8033.6367
28451,8228.002
28452,7030.3115
28453,5586.655
28454,6334.424
28455,6221.373
28456,6328.0166
28457,6754.4556
28458,7250.653
28459,6749.6577
28460,5645.6826
28461,8819.595
28462,7434.964
28463,7491.934
28464,7742.669
28465,4492.148
28466,3524.673
28467,9007.353
28468,7301.5015
28469,6953.055
28470,7034.698
28471,7142.0537
28472,4136.4663
28473,3231.2156
28474,6009.157
28475,6036.076
28476,6041.883
28477,6231.689
28478,6500.4927
28479,4139.593
28480,3233.6577
28481,8248.659
28482,6882.0933
28483,6844.3413
28484,7008.933
28485,7172.802
28486,4152.0063
28487,3243.3555
28488,6071.635
28489,6023.343
28490,6009.7935
28491,6439.3555
28492,7291.3477
28493,4520.0957
28494,3392.2075
28495,10809.033
28496,7544.554
28497,7319.0234
28498,7327.9927
28499,7268.3022
28500,4304.4897
28501,3216.0852
28502,6233.3774
28503,6113.651
28504,6088.9404
28505,6275.4824
28506,6547.674
28507,4157.46
28508,3250.0703
28509,8174.591
28510,6895.7803
28511,6823.672
28512,7020.0596
28513,12658.705
28514,10805.436
28515,18416.988
28516,16261.081
28517,15702.505
28518,15700.273
28519,15651.042
28520,12267.382
28521,10303.73
28522,13581.697
28523,13397.848
28524,13332.049
28525,13414.827
28526,13663.367
28527,12276.651
28528,10311.517
28529,17063.992
28530,15631.947
28531,15505.883
28532,15590.377
28533,15718.418
28534,12313.461
28535,10342.435
28536,12875.406
28537,12589.378
28538,12515.882
28539,13014.125
28540,13885.978
28541,12500.707
28542,10393.945
28543,19690.48
28544,16568.21
28545,16066.197
28546,15909.645
28547,15775.984
28548,12660.927
28549,10828.473
28550,14019.956
28551,13551.161
28552,13417.207
28553,13490.321
28554,13743.404
28555,12329.631
28556,10363.843
28557,16865.242
28558,15641.268
28559,15437.578
28560,15593.426
28561,11091.664
28562,12161.128
28563,14395.171
28564,12249.318
28565,12099.43
28566,12220.344
28567,12805.43
28568,11025.701
28569,12424.279
28570,10816.107
28571,10485.46
28572,10712.773
28573,11042.528
28574,11656.407
28575,11040.265
28576,12440.69
28577,13696.48
28578,12065.043
28579,12149.848
28580,12314.646
28581,12896.963
28582,11074.666
28583,12479.455
28584,10667.778
28585,10349.411
28586,10693.807
28587,11387.124
28588,12783.0625
28589,11982.705
28590,13557.65
28591,16599.244
28592,12389.998
28593,12389.951
28594,12439.705
28595,12882.543
28596,11137.809
28597,12423.568
28598,11041.275
28599,10570.186
28600,10776.8125
28601,11093.886
28602,11700.103
28603,11081.65
28604,12503.819
28605,13469.288
28606,11994.813
28607,12079.125
28608,12299.54
28609,3279.0642
28610,2312.7073
28611,7636.084
28612,5841.4023
28613,5519.5557
28614,5483.9443
28615,5452.6953
28616,3016.5034
28617,2157.8213
28618,4558.7065
28619,4538.098
28620,4507.76
28621,4535.735
28622,4631.395
28623,3018.7834
28624,2159.4534
28625,7050.733
28626,5488.2246
28627,5416.6885
28628,5446.1875
28629,5423.8955
28630,3027.837
28631,2165.9307
28632,4629.787
28633,4559.085
28634,4499.185
28635,4639.19
28636,5205.7427
28637,3151.9873
28638,2302.3706
28639,9059.124
28640,5948.384
28641,5772.1357
28642,5718.524
28643,5665.5723
28644,3086.9363
28645,2154.9368
28646,4703.0615
28647,4584.579
28648,4530.6367
28649,4555.3115
28650,4651.3843
28651,3031.8142
28652,2170.4155
28653,6933.7695
28654,5456.915
28655,5385.787
28656,5440.144
28657,5234.762
28658,4661.5913
28659,10098.359
28660,8121.0312
28661,7766.737
28662,7833.5376
28663,7875.513
28664,4702.0923
28665,4270.406
28666,6566.117
28667,6577.375
28668,6564.1445
28669,6791.498
28670,7012.6514
28671,4341.185
28672,4273.6333
28673,9198.492
28674,7680.4727
28675,7634.7803
28676,7793.555
28677,7924.5205
28678,4719.757
28679,4286.4487
28680,6634.3843
28681,6563.4995
28682,6585.887
28683,7109.6064
28684,8103.5215
28685,5360.9185
28686,4706.9434
28687,11755.335
28688,8396.204
28689,8182.3213
28690,8149.368
28691,8104.279
28692,4939.022
28693,4264.6987
28694,6758.819
28695,6610.7534
28696,6597.456
28697,6820.8086
28698,7042.916
28699,4725.9556
28700,4295.3228
28701,9045.905
28702,7702.3193
28703,7618.224
28704,7812.593
28705,4071.5208
28706,3981.8464
28707,5589.053
28708,4472.369
28709,4377.771
28710,4366.09
28711,4513.2153
28712,3641.2136
28713,3602.4697
28714,3771.937
28715,3562.6794
28716,3609.0464
28717,3646.3303
28718,3967.9385
28719,3643.9658
28720,3605.1924
28721,5258.4585
28722,4288.498
28723,4316.352
28724,4350.097
28725,4532.647
28726,3654.8936
28727,3616.004
28728,3819.7075
28729,3575.8015
28730,3620.1353
28731,3831.2244
28732,4586.158
28733,3979.5642
28734,3829.938
28735,6121.791
28736,4615.9277
28737,4603.879
28738,4549.3193
28739,4630.145
28740,3730.0762
28741,3585.6016
28742,3899.2314
28743,3624.095
28744,3638.134
28745,3672.9424
28746,3969.6118
28747,3659.6943
28748,3623.4902
28749,5201.062
28750,4288.637
28751,4294.913
28752,4348.496
28753,4593.6274
28754,4733.8877
28755,7213.913
28756,6001.367
28757,5704.4307
28758,5649.949
28759,5686.7036
28760,4217.4106
28761,4440.3984
28762,4743.5107
28763,4687.824
28764,4660.1733
28765,4682.595
28766,4897.714
28767,4220.598
28768,4443.7544
28769,6517.3296
28770,5638.939
28771,5616.2812
28772,5629.255
28773,5711.187
28774,4233.255
28775,4457.08
28776,4792.8315
28777,4685.4146
28778,4663.882
28779,4878.4854
28780,5884.884
28781,4794.2075
28782,5158.6157
28783,8037.6987
28784,6057.6357
28785,5931.8506
28786,5896.8574
28787,5951.647
28788,4243.836
28789,4359.939
28790,4890.4263
28791,4743.805
28792,4692.2485
28793,4711.2646
28794,4875.708
28795,4182.0728
28796,4406.0073
28797,6432.051
28798,5640.0044
28799,5589.261
28800,5628.063
28801,4380.908
28802,2845.0347
28803,7078.6094
28804,5937.4375
28805,5643.6636
28806,5617.224
28807,5635.89
28808,4045.4854
28809,2659.889
28810,4730.2764
28811,4676.8906
28812,4664.0864
28813,4701.191
28814,4893.063
28815,4048.543
28816,2661.9006
28817,6407.258
28818,5570.07
28819,5547.6885
28820,5577.9014
28821,5660.155
28822,4060.6836
28823,2669.8843
28824,4779.4595
28825,4674.4863
28826,4649.047
28827,4878.1826
28828,5856.0186
28829,4603.1807
28830,3092.9705
28831,7947.3115
28832,6039.8027
28833,5884.822
28834,5851.0996
28835,5884.7095
28836,4160.1255
28837,2656.3335
28838,4880.063
28839,4724.793
28840,4688.3027
28841,4722.031
28842,4908.9575
28843,4066.017
28844,2675.412
28845,6333.3604
28846,5566.766
28847,5516.682
28848,5572.3604
28849,8399.016
28850,5643.206
28851,10833.297
28852,9149.178
28853,9235.942
28854,9298.309
28855,9688.949
28856,8173.211
28857,5616.5923
28858,7562.84
28859,7541.3164
28860,7684.7593
28861,8205.142
28862,8676.437
28863,7283.931
28864,5378.625
28865,10362.735
28866,9065.641
28867,9189.74
28868,9345.243
28869,9737.855
28870,8209.51
28871,5395.3867
28872,7690.215
28873,7646.0464
28874,7898.532
28875,8581.503
28876,9772.076
28877,9227.833
28878,6170.972
28879,12928.897
28880,9347.73
28881,9437.151
28882,9456.334
28883,9684.552
28884,8322.192
28885,5616.2705
28886,7737.39
28887,7609.27
28888,7723.757
28889,8235.9
28890,8708.962
28891,8176.852
28892,5626.5176
28893,10190.838
28894,9024.6455
28895,9148.184
28896,9345.975
28897,4354.5728
28898,4633.074
28899,6495.7573
28900,5272.406
28901,5150.493
28902,5134.899
28903,5248.4814
28904,4006.7002
28905,4291.4116
28906,3949.1636
28907,3955.8372
28908,4065.1562
28909,4156.8057
28910,4448.2754
28911,4011.9934
28912,4297.081
28913,6142.8247
28914,5086.598
28915,5115.8325
28916,5161.421
28917,5296.121
28918,4024.4968
28919,4310.4727
28920,4013.777
28921,4003.3457
28922,4119.7188
28923,4328.0776
28924,5092.152
28925,4486.4355
28926,4913.0566
28927,7699.763
28928,5332.69
28929,5341.5225
28930,5331.571
28931,5404.39
28932,4083.298
28933,4291.166
28934,4025.0266
28935,3976.3767
28936,4085.7878
28937,4172.39
28938,4464.952
28939,4027.0352
28940,4318.889
28941,6040.9204
28942,5056.9863
28943,5086.0503
28944,5155.089
28945,4835.224
28946,3687.438
28947,6073.361
28948,5150.6553
28949,5022.408
28950,5062.102
28951,5329.11
28952,4484.0566
28953,3457.1794
28954,3894.57
28955,3901.4119
28956,3996.9087
28957,4091.2986
28958,4556.2417
28959,4489.9805
28960,3461.7468
28961,5744.399
28962,4952.76
28963,4996.9194
28964,5087.6562
28965,5356.0117
28966,4503.973
28967,3472.536
28968,3957.83
28969,3947.8076
28970,4035.295
28971,4287.23
28972,5178.6963
28973,4886.808
28974,4037.2932
28975,6775.239
28976,4812.411
28977,5200.0156
28978,5284.6914
28979,5445.159
28980,4586.3857
28981,3443.2046
28982,3923.817
28983,3886.5723
28984,3967.5825
28985,4114.099
28986,4565.404
28987,4498.7773
28988,3468.53
28989,5614.937
28990,4906.673
28991,4958.139
28992,5087.7046
28993,4532.8677
28994,4716.8765
28995,8115.9824
28996,6588.4507
28997,6366.533
28998,6413.36
28999,6536.205
29000,4155.7153
29001,4345.552
29002,5411.9214
29003,5458.3154
29004,5408.701
29005,5527.137
29006,5682.274
29007,4136.9517
29008,4351.2925
29009,7684.254
29010,6379.8643
29011,6333.8315
29012,6442.433
29013,6569.199
29014,4174.1733
29015,4364.853
29016,5478.904
29017,5505.6113
29018,5479.6567
29019,5810.927
29020,6631.7524
29021,4536.332
29022,4914.5327
29023,10129.556
29024,6663.093
29025,6554.4033
29026,6596.7827
29027,6618.728
29028,4225.7227
29029,4345.303
29030,5572.4077
29031,5486.016
29032,5436.15
29033,5547.858
29034,5703.576
29035,4176.806
29036,4373.376
29037,7556.7827
29038,6348.4263
29039,6302.6206
29040,6440.3135
29041,6044.6665
29042,4368.9146
29043,7313.371
29044,6216.159
29045,6158.9526
29046,6246.4595
29047,6553.716
29048,5649.3296
29049,4128.015
29050,4873.5225
29051,4917.848
29052,5015.725
29053,5254.3623
29054,5773.342
29055,5656.7925
29056,4133.4688
29057,7033.115
29058,6062.098
29059,6116.7944
29060,6277.991
29061,6586.7983
29062,5674.4204
29063,4146.3506
29064,4952.6797
29065,4983.2017
29066,5062.899
29067,5516.603
29068,6873.1914
29069,6446.927
29070,4737.655
29071,8991.713
29072,6257.008
29073,6287.783
29074,6432.9707
29075,6642.958
29076,5757.3228
29077,4127.779
29078,4967.1377
29079,4943.382
29080,5064.478
29081,5274.6743
29082,5826.417
29083,5677.999
29084,4154.447
29085,6917.249
29086,6027.51
29087,6081.894
29088,6271.019
29089,5597.99
29090,5901.483
29091,9246.175
29092,7571.089
29093,7365.285
29094,7386.623
29095,7523.966
29096,5194.4136
29097,5502.792
29098,6376.2505
29099,6485.27
29100,6490.66
29101,6639.3154
29102,6874.6997
29103,5201.2754
29104,5510.061
29105,8736.566
29106,7398.7227
29107,7345.34
29108,7455.693
29109,7598.21
29110,5217.4844
29111,5527.232
29112,6462.4355
29113,6572.8345
29114,6606.171
29115,6935.0396
29116,7809.866
29117,5739.6396
29118,5914.777
29119,11526.716
29120,7804.6016
29121,7677.294
29122,7606.7666
29123,7622.898
29124,5351.232
29125,5502.477
29126,6578.63
29127,6555.3286
29128,6529.463
29129,6670.196
29130,6900.4717
29131,5220.775
29132,5538.024
29133,8591.642
29134,7355.6533
29135,7302.581
29136,7446.546
29137,6600.326
29138,6030.4653
29139,10152.353
29140,8485.656
29141,8552.805
29142,8521.586
29143,8784.653
29144,6821.615
29145,5614.037
29146,6840.1387
29147,6804.953
29148,7031.405
29149,7328.272
29150,7603.7056
29151,6821.615
29152,5614.037
29153,9690.622
29154,8463.089
29155,8514.355
29156,8617.501
29157,8920.829
29158,6842.8726
29159,5631.532
29160,6960.467
29161,6875.008
29162,7166.1616
29163,7628.491
29164,8656.202
29165,7667.481
29166,6521.1724
29167,12018.609
29168,8749.258
29169,8793.758
29170,8709.294
29171,8857.327
29172,6964.5044
29173,5675.135
29174,7121.6055
29175,6978.808
29176,7101.25
29177,7356.7056
29178,7618.9873
29179,6832.6396
29180,5711.7974
29181,9484.425
29182,8379.468
29183,8456.48
29184,8608.055
29185,3496.0686
29186,2986.6062
29187,5667.967
29188,4481.773
29189,4273.34
29190,4252.9136
29191,4413.415
29192,3168.194
29193,2737.9944
29194,3898.0488
29195,3694.2507
29196,3682.6187
29197,3695.8792
29198,3947.2615
29199,3170.5886
29200,2740.0654
29201,5276.4106
29202,4252.1465
29203,4225.323
29204,4237.3354
29205,4432.417
29206,3180.0972
29207,2748.2832
29208,3938.5808
29209,3687.2585
29210,3662.0132
29211,3846.9424
29212,4447.9355
29213,3450.208
29214,3144.5178
29215,6030.6323
29216,4573.62
29217,4468.348
29218,4407.067
29219,4547.0024
29220,3236.3457
29221,2725.1743
29222,4000.9177
29223,3713.0005
29224,3701.309
29225,3711.8318
29226,3964.2988
29227,3184.2744
29228,2753.9734
29229,5204.3228
29230,4240.473
29231,4192.6577
29232,4224.01
29233,7923.7876
29234,5526.494
29235,9884.76
29236,8326.877
29237,8361.265
29238,8405.018
29239,8701.722
29240,7602.48
29241,5440.7046
29242,7087.426
29243,7119.1606
29244,7216.803
29245,7715.2085
29246,8134.993
29247,7608.225
29248,5444.8164
29249,9271.971
29250,8109.5986
29251,8212.791
29252,8374.234
29253,8739.184
29254,7631.038
29255,5461.1436
29256,7181.42
29257,7159.48
29258,7341.1655
29259,8000.13
29260,9187.672
29261,8541.115
29262,5859.1587
29263,11207.146
29264,8638.494
29265,8712.834
29266,8661.471
29267,8866.05
29268,7936.9185
29269,5404.818
29270,7361.8296
29271,7286.2173
29272,7290.9585
29273,7788.5986
29274,8214.256
29275,7641.803
29276,5461.925
29277,9199.369
29278,8145.778
29279,8208.194
29280,8408.225
29281,7035.1885
29282,5092.0938
29283,11541.027
29284,9951.583
29285,9610.195
29286,9596.941
29287,9576.058
29288,6701.066
29289,4763.8657
29290,8306.498
29291,8120.2026
29292,8065.299
29293,8204.163
29294,8342.808
29295,6706.13
29296,4559.446
29297,10705.368
29298,9599.596
29299,9467.244
29300,9549.681
29301,9616.155
29302,6726.239
29303,4573.118
29304,8426.763
29305,8195.224
29306,8237.134
29307,8612.227
29308,9386.549
29309,7469.893
29310,5059.307
29311,13058.226
29312,10334.999
29313,10014.081
29314,9862.197
29315,9704.098
29316,6956.9756
29317,5006.5044
29318,8568.784
29319,8226.942
29320,8113.5137
29321,8246.976
29322,8378.8125
29323,6735.0723
29324,4791.661
29325,10527.788
29326,9544.836
29327,9413.239
29328,9539.084
29329,5675.027
29330,5401.5557
29331,9274.403
29332,7894.571
29333,8020.981
29334,8023.7354
29335,8275.997
29336,5518.1294
29337,4935.033
29338,6404.5874
29339,6401.9614
29340,6554.1973
29341,6799.4966
29342,7098.9814
29343,5492.713
29344,4697.9634
29345,8918.37
29346,7857.4985
29347,7941.5757
29348,8093.0786
29349,8406.565
29350,5509.8296
29351,4712.604
29352,6497.517
29353,6463.471
29354,6654.7407
29355,7053.592
29356,7745.1875
29357,6026.3657
29358,4894.356
29359,11841.679
29360,8273.368
29361,8305.627
29362,8225.797
29363,8352.848
29364,5561.952
29365,4828.1772
29366,6691.2876
29367,6603.84
29368,6655.0137
29369,6839.949
29370,7136.2656
29371,5426.359
29372,4859.369
29373,8870.736
29374,7880.9307
29375,7943.969
29376,8080.067
29377,3844.4148
29378,3534.5317
29379,7357.828
29380,5573.1523
29381,5395.8755
29382,5362.1
29383,5485.8276
29384,3472.6187
29385,3261.9106
29386,4168.925
29387,4147.3315
29388,4190.7944
29389,4278.3936
29390,4511.6396
29391,3475.2434
29392,3264.3762
29393,6899.9316
29394,5317.9893
29395,5295.313
29396,5325.182
29397,5451.2603
29398,3485.6655
29399,3274.166
29400,4243.427
29401,4184.0083
29402,4218.5054
29403,4434.299
29404,5210.3574
29405,3883.4778
29406,3634.6929
29407,8737.075
29408,5686.042
29409,5638.767
29410,5591.677
29411,5630.281
29412,3608.3992
29413,3257.551
29414,4297.3555
29415,4206.8237
29416,4212.0635
29417,4296.8594
29418,4531.1123
29419,3490.244
29420,3280.9446
29421,6785.4697
29422,5287.651
29423,5265.1035
29424,5319.273
29425,3854.833
29426,3862.467
29427,6309.1704
29428,4728.702
29429,4612.6353
29430,4629.1646
29431,4752.868
29432,3530.9058
29433,3552.349
29434,3673.6853
29435,3637.4885
29436,3726.1643
29437,3802.7073
29438,4055.9956
29439,3535.5706
29440,3557.0422
29441,5984.036
29442,4592.431
29443,4591.091
29444,4655.988
29445,4799.0117
29446,3546.5894
29447,3568.128
29448,3744.4436
29449,3691.6755
29450,3778.077
29451,4007.8545
29452,4736.575
29453,3847.2983
29454,4114.519
29455,7537.3184
29456,4375.5586
29457,4782.9756
29458,4797.309
29459,4897.84
29460,3606.8196
29461,3502.7651
29462,3710.221
29463,3632.412
29464,3740.0205
29465,3818.0498
29466,4073.4905
29467,3557.8499
29468,3528.5286
29469,5895.339
29470,4570.7505
29471,4555.229
29472,4653.2393
29473,5177.817
29474,3639.3386
29475,11361.132
29476,8527.692
29477,8190.5195
29478,8211.475
29479,8270.528
29480,4929.082
29481,3223.663
29482,6740.1943
29483,6794.77
29484,6766.611
29485,6914.6963
29486,7117.6533
29487,4932.807
29488,3085.32
29489,10418.579
29490,8176.626
29491,8065.822
29492,8180.238
29493,8314.512
29494,4947.599
29495,3094.573
29496,6844.485
29497,6848.1353
29498,6812.376
29499,7192.1343
29500,8206.049
29501,5530.1587
29502,3563.417
29503,12858.066
29504,8863.218
29505,8590.052
29506,8484.75
29507,8427.108
29508,5148.715
29509,3387.8708
29510,6957.7056
29511,6872.5293
29512,6800.949
29513,6944.538
29514,7148.371
29515,4954.097
29516,3242.4736
29517,10245.756
29518,8129.9824
29519,8019.8105
29520,8171.161
29521,4067.7822
29522,3808.952
29523,7282.667
29524,5684.198
29525,5446.473
29526,5426.3535
29527,5562.8115
29528,3646.8486
29529,3466.7537
29530,4575.6753
29531,4521.8853
29532,4480.8027
29533,4527.924
29534,4826.073
29535,3630.382
29536,3471.3337
29537,6701.2
29538,5450.0435
29539,5410.7446
29540,5450.9536
29541,5590.893
29542,3663.0474
29543,3482.1526
29544,4632.3096
29545,4561.0684
29546,4542.992
29547,4830.209
29548,5633.595
29549,4168.1694
29550,4110.757
29551,8385.88
29552,5739.037
29553,5645.446
29554,5637.052
29555,5687.881
29556,3713.599
29557,3466.5552
29558,4711.368
29559,4544.8345
29560,4503.5435
29561,4544.8994
29562,4844.1665
29563,3665.3577
29564,3488.9521
29565,6590.0347
29566,5418.947
29567,5379.872
29568,5444.8994
29569,8774.839
29570,6321.7964
29571,12524.85
29572,11157.489
29573,10754.337
29574,10766.427
29575,10958.479
29576,8487.04
29577,5957.1562
29578,9426.968
29579,9110.055
29580,9137.692
29581,9390.176
29582,9734.986
29583,8493.454
29584,5961.658
29585,11840.831
29586,10753.362
29587,10657.05
29588,10741.011
29589,10995.761
29590,8518.921
29591,5979.5347
29592,9277.075
29593,8879.9795
29594,8967.338
29595,9560.826
29596,10942.343
29597,9361.346
29598,6558.2617
29599,14361.409
29600,11505.013
29601,11178.024
29602,11012.764
29603,11041.56
29604,8695.765
29605,6239.5874
29606,9752.364
29607,9214.307
29608,9184.0625
29609,9430.7
29610,9776.998
29611,8530.108
29612,5991.9126
29613,11644.418
29614,10692.021
29615,10596.259
29616,10729.093
29617,4392.365
29618,4025.4644
29619,6562.3228
29620,5383.404
29621,5222.6826
29622,5195.355
29623,5286.7686
29624,3947.578
29625,3696.2495
29626,4097.5557
29627,4077.4207
29628,4127.988
29629,4218.63
29630,4487.343
29631,3950.5615
29632,3699.043
29633,6085.968
29634,5110.6523
29635,5124.7505
29636,5158.985
29637,5309.5303
29638,3962.4084
29639,3710.136
29640,4149.4487
29641,4092.4385
29642,4155.283
29643,4356.8413
29644,5149.226
29645,4450.792
29646,4152.4062
29647,7111.329
29648,5463.79
29649,5456.5767
29650,5432.6255
29651,5515.293
29652,4101.924
29653,3691.3093
29654,4226.6133
29655,4138.677
29656,4152.197
29657,4240.1655
29658,4479.461
29659,3967.6128
29660,3717.817
29661,6019.7993
29662,5111.0376
29663,5099.516
29664,5157.307
29665,5261.6797
29666,4562.3345
29667,8845.331
29668,6799.7236
29669,6703.361
29670,6832.3857
29671,6864.6025
29672,4650.5547
29673,4112.518
29674,5568.205
29675,5499.2397
29676,5572.7056
29677,5838.233
29678,6206.123
29679,4654.0693
29680,4115.626
29681,8270.97
29682,6466.0547
29683,6497.2446
29684,6686.6685
29685,6894.156
29686,4668.0254
29687,4127.968
29688,5643.1523
29689,5522.6313
29690,5602.5146
29691,6039.2666
29692,7077.5493
29693,5078.914
29694,4302.6304
29695,10928.127
29696,7015.829
29697,6985.9004
29698,7029.413
29699,7117.5854
29700,4892.199
29701,4167.152
29702,5741.819
29703,5593.2935
29704,5616.876
29705,5880.064
29706,6246.406
29707,4674.1567
29708,4136.5137
29709,8171.2075
29710,6473.9785
29711,6472.688
29712,6692.181
29713,6644.016
29714,5779.739
29715,9799.666
29716,8465.107
29717,8266.285
29718,8204.21
29719,8264.614
29720,6424.3496
29721,5414.395
29722,7317.83
29723,7302.254
29724,7359.6323
29725,7613.873
29726,7713.1484
29727,6424.3496
29728,5414.395
29729,9240.021
29730,8239.507
29731,8182.735
29732,8273.377
29733,8329.585
29734,6444.369
29735,5431.2676
29736,7403.0005
29737,7319.1143
29738,7443.5923
29739,7940.818
29740,8558.615
29741,7080.304
29742,5969.0776
29743,11634.183
29744,8794.026
29745,8630.398
29746,8495.609
29747,8396.236
29748,6534.5903
29749,5521.7305
29750,7633.943
29751,7432.1562
29752,7449.274
29753,7657.344
29754,7769.9746
29755,6375.2896
29756,5557.402
29757,9114.461
29758,8227.264
29759,8172.3535
29760,8279.368
29761,4969.133
29762,5195.429
29763,8396.492
29764,5998.008
29765,5877.6807
29766,5880.4004
29767,6169.177
29768,4582.3496
29769,4814.4497
29770,4674.3037
29771,4643.7017
29772,4704.7886
29773,4886.6494
29774,5206.7207
29775,4588.403
29776,4820.8096
29777,7757.475
29778,5818.286
29779,5850.486
29780,5910.0845
29781,6200.319
29782,4602.702
29783,4835.833
29784,4750.2256
29785,4705.4126
29786,4788.8696
29787,5219.057
29788,5997.9565
29789,5116.4033
29790,5429.7344
29791,10053.25
29792,5552.723
29793,5965.6797
29794,6032.053
29795,6182.5195
29796,4720.9727
29797,4762.7026
29798,4805.5347
29799,4594.377
29800,4713.683
29801,4903.2764
29802,5240.8477
29803,4632.8794
29804,4797.7305
29805,7620.1284
29806,5773.8706
29807,5787.799
29808,5902.879
29809,5659.1724
29810,4883.807
29811,7443.663
29812,5945.349
29813,5852.406
29814,5839.425
29815,6072.55
29816,5179.467
29817,4518.9146
29818,4488.4214
29819,4512.8364
29820,4602.654
29821,4771.0327
29822,5177.486
29823,4364.05
29824,4524.8843
29825,6816.295
29826,5760.371
29827,5812.3457
29828,5868.902
29829,6103.204
29830,5202.471
29831,4538.9854
29832,4561.325
29833,4572.8086
29834,4645.9434
29835,5067.8223
29836,6206.2
29837,5971.2646
29838,5239.383
29839,8595.223
29840,5984.4185
29841,6013.8535
29842,6053.0674
29843,6195.4473
29844,5278.4795
29845,4518.656
29846,4699.644
29847,4535.7393
29848,4626.0127
29849,4788.9194
29850,5196.8965
29851,5205.7524
29852,4547.848
29853,6703.22
29854,5731.089
29855,5782.7993
29856,5866.053
29857,4290.8506
29858,4017.4583
29859,8395.459
29860,6022.0444
29861,5947.754
29862,5983.6255
29863,6347.07
29864,3877.3774
29865,3648.0664
29866,4557.398
29867,4582.31
29868,4648.8203
29869,4823.1094
29870,5239.353
29871,3537.1594
29872,3652.886
29873,7753.0
29874,5877.092
29875,5917.5474
29876,6013.8306
29877,6379.1094
29878,3894.5996
29879,3664.2705
29880,4631.4214
29881,4635.7925
29882,4726.6997
29883,5084.7114
29884,5921.4487
29885,4236.721
29886,4095.9453
29887,10162.166
29888,5566.118
29889,5985.081
29890,6097.112
29891,6323.8594
29892,4041.9597
29893,3703.022
29894,4677.323
29895,4525.8726
29896,4575.2783
29897,4835.9717
29898,5234.7173
29899,3964.7336
29900,3730.2578
29901,7546.0293
29902,5802.1646
29903,5851.2114
29904,6006.7905
29905,6210.1436
29906,6575.1357
29907,9585.461
29908,8125.37
29909,8153.2944
29910,8150.5728
29911,8367.487
29912,6212.9463
29913,6006.6475
29914,6614.872
29915,6602.864
29916,6633.967
29917,6915.25
29918,7154.913
29919,5968.9067
29920,6006.6475
29921,9343.844
29922,8107.0312
29923,8130.564
29924,8214.647
29925,8433.268
29926,6232.307
29927,6025.3657
29928,6722.692
29929,6653.675
29930,6736.171
29931,7172.7124
29932,7867.0894
29933,6838.4297
29934,6620.1807
29935,12034.175
29936,8439.189
29937,8446.059
29938,8355.725
29939,8462.653
29940,6343.088
29941,6072.017
29942,6900.491
29943,6775.898
29944,6797.7847
29945,6962.1333
29946,7220.191
29947,6222.9873
29948,6111.2427
29949,9190.687
29950,8109.568
29951,8149.3135
29952,8258.933
29953,9324.054
29954,7435.6304
29955,12606.127
29956,11257.207
29957,10852.356
29958,10834.806
29959,11150.894
29960,9009.973
29961,7121.864
29962,9353.376
29963,9157.088
29964,9152.338
29965,9397.128
29966,9826.34
29967,9016.781
29968,7127.2456
29969,11765.239
29970,10696.724
29971,10684.061
29972,10758.964
29973,11198.897
29974,9043.817
29975,7148.6167
29976,9356.704
29977,9061.431
29978,9137.266
29979,9823.734
29980,11275.377
29981,9984.944
29982,7737.8477
29983,14226.527
29984,11533.545
29985,11293.631
29986,11149.968
29987,11369.294
29988,9245.205
29989,7456.496
29990,9669.729
29991,9277.455
29992,9226.293
29993,9465.908
29994,9891.636
29995,9021.719
29996,7136.538
29997,11609.951
29998,10711.476
29999,10645.316
30000,10769.487
30001,6298.7925
30002,5472.4272
30003,12536.466
30004,10097.685
30005,9761.55
30006,9718.834
30007,9779.283
30008,6088.4585
30009,5195.4937
30010,7985.4854
30011,7799.184
30012,7760.99
30013,7851.0635
30014,7996.598
30015,6093.0596
30016,5199.4204
30017,11548.195
30018,9789.932
30019,9673.077
30020,9703.478
30021,9820.231
30022,6111.33
30023,5215.011
30024,8101.1025
30025,7858.675
30026,7862.634
30027,8129.0366
30028,8847.753
30029,6714.22
30030,5711.04
30031,13734.612
30032,10393.053
30033,10089.232
30034,9928.261
30035,9860.034
30036,6243.1772
30037,5441.8203
30038,8237.637
30039,7901.7046
30040,7807.386
30041,7892.0337
30042,8031.1084
30043,6119.3564
30044,5225.807
30045,11356.636
30046,9734.086
30047,9617.897
30048,9692.711
30049,6218.4004
30050,4468.037
30051,8069.038
30052,6542.748
30053,6421.458
30054,6536.8843
30055,6789.7363
30056,5819.657
30057,4233.5737
30058,5296.212
30059,5270.279
30060,5357.6675
30061,5646.0273
30062,6025.7104
30063,5824.055
30064,4236.7734
30065,7539.094
30066,6284.809
30067,6315.125
30068,6491.1245
30069,6818.968
30070,5841.519
30071,4249.4785
30072,5363.2817
30073,5296.995
30074,5361.5527
30075,5835.1875
30076,6897.2803
30077,6405.382
30078,4591.231
30079,9361.3545
30080,6661.2056
30081,6666.1123
30082,6755.4287
30083,7046.8335
30084,6012.695
30085,4227.916
30086,5465.6562
30087,5352.0386
30088,5391.693
30089,5677.593
30090,6060.7856
30091,5849.1914
30092,4258.276
30093,7460.7363
30094,6288.323
30095,6287.07
30096,6492.1523
30097,3456.1572
30098,3560.2502
30099,5986.034
30100,4803.2754
30101,4585.5283
30102,4553.0005
30103,4574.6587
30104,3101.829
30105,3256.1218
30106,3999.7424
30107,3832.577
30108,3813.733
30109,3829.3865
30110,4022.9038
30111,3104.1736
30112,3258.5828
30113,5526.7573
30114,4519.7637
30115,4506.0483
30116,4521.126
30117,4594.355
30118,3113.4832
30119,3268.3552
30120,4041.3313
30121,3825.323
30122,3818.4797
30123,3989.0242
30124,4658.6396
30125,3377.6316
30126,3484.279
30127,6371.7515
30128,4943.773
30129,4821.6694
30130,4743.8955
30131,4748.785
30132,3171.8533
30133,3251.7698
30134,4138.1714
30135,3882.8777
30136,3844.4697
30137,3857.3342
30138,4013.111
30139,3117.5728
30140,3275.1218
30141,5466.433
30142,4519.91
30143,4483.6675
30144,4519.462
30145,5887.3706
30146,7034.9062
30147,8686.207
30148,7263.839
30149,6917.1895
30150,6975.7734
30151,7046.262
30152,5591.0957
30153,6813.5845
30154,5994.359
30155,6006.7676
30156,5976.25
30157,6148.7627
30158,6389.7544
30159,5595.321
30160,6818.7334
30161,7934.194
30162,6866.344
30163,6809.0366
30164,6950.2236
30165,7076.5977
30166,5612.099
30167,6839.1797
30168,6056.6826
30169,6003.68
30170,5978.029
30171,6389.492
30172,7181.4062
30173,6102.4995
30174,7170.7085
30175,9851.865
30176,7459.1426
30177,7272.5186
30178,7267.727
30179,7252.105
30180,5818.192
30181,6781.685
30182,6152.535
30183,6037.251
30184,6006.5786
30185,6175.3
30186,6417.331
30187,5619.4697
30188,6853.337
30189,7850.6064
30190,6885.383
30191,6793.785
30192,6966.7036
30193,6355.818
30194,6427.8555
30195,8980.356
30196,7295.9395
30197,7046.121
30198,7097.749
30199,7180.838
30200,5825.689
30201,5955.139
30202,5914.4043
30203,5980.892
30204,5957.2925
30205,6147.4844
30206,6365.1606
30207,5799.387
30208,5963.006
30209,8380.874
30210,7013.581
30211,6962.977
30212,7129.925
30213,7217.0854
30214,5851.563
30215,5981.588
30216,5992.3125
30217,6037.4585
30218,6040.1885
30219,6468.732
30220,7331.0337
30221,6511.551
30222,6812.714
30223,10539.593
30224,7451.548
30225,7329.999
30226,7385.4814
30227,7333.4604
30228,6030.546
30229,5954.7983
30230,6089.7886
30231,6011.244
30232,5987.525
30233,6170.5303
30234,6389.023
30235,5855.2534
30236,5993.267
30237,8241.849
30238,6997.0503
30239,6946.5654
30240,7145.992
30241,4961.6685
30242,4356.0767
30243,6735.4
30244,5453.283
30245,5243.3125
30246,5277.835
30247,5310.685
30248,4514.3906
30249,4012.7244
30250,4681.9834
30251,4381.2344
30252,4427.1816
30253,4518.022
30254,4672.1504
30255,4517.8022
30256,4015.757
30257,6320.5605
30258,5188.12
30259,5166.2236
30260,5259.1157
30261,5282.635
30262,4531.35
30263,4027.7996
30264,4765.652
30265,4419.979
30266,4439.6655
30267,4670.475
30268,5553.9893
30269,4884.203
30270,4122.097
30271,7596.0796
30272,5587.6357
30273,5541.422
30274,5552.819
30275,5547.805
30276,4604.507
30277,3993.9358
30278,4826.216
30279,4444.0806
30280,4449.6504
30281,4537.5225
30282,4692.316
30283,4537.302
30284,4036.1382
30285,6215.7085
30286,5158.522
30287,5136.7505
30288,5253.28
30289,5863.7764
30290,5254.4175
30291,8029.929
30292,6364.062
30293,6220.073
30294,6274.543
30295,6561.791
30296,5513.568
30297,4973.5713
30298,5118.8687
30299,5136.5693
30300,5204.1387
30301,5459.8047
30302,5862.9487
30303,5520.851
30304,4980.1416
30305,7529.917
30306,6165.236
30307,6180.3022
30308,6306.2163
30309,6594.914
30310,5538.0557
30311,4995.6616
30312,5202.01
30313,5204.829
30314,5271.6465
30315,5715.5957
30316,6941.3267
30317,6160.662
30318,5593.2827
30319,9728.832
30320,5725.106
30321,6316.9385
30322,6451.6265
30323,6616.014
30324,5673.0405
30325,4905.0537
30326,5127.391
30327,5087.3506
30328,5219.4556
30329,5484.1377
30330,5890.713
30331,5557.3013
30332,4941.1284
30333,7404.3706
30334,6124.6
30335,6120.5063
30336,6305.146
30337,4752.5146
30338,4041.4817
30339,8306.419
30340,6460.6665
30341,6157.5195
30342,6135.815
30343,6222.595
30344,4389.5464
30345,3779.281
30346,5133.082
30347,5157.317
30348,5147.4287
30349,5200.3926
30350,5420.0117
30351,4392.864
30352,3782.1372
30353,7355.323
30354,6106.523
30355,6055.556
30356,6092.8623
30357,6249.3853
30358,4406.037
30359,3793.4792
30360,5186.4526
30361,5154.666
30362,5128.2764
30363,5425.5566
30364,6351.503
30365,4859.42
30366,4054.2085
30367,8924.225
30368,6611.4976
30369,6413.8555
30370,6334.8286
30371,6378.5923
30372,4551.0034
30373,3774.2297
30374,5447.2266
30375,5216.1455
30376,5180.119
30377,5229.4673
30378,5422.783
30379,4411.8237
30380,3801.3328
30381,7278.875
30382,6109.937
30383,6028.654
30384,6093.827
30385,11224.111
30386,9779.974
30387,16142.194
30388,13836.415
30389,13492.47
30390,13653.128
30391,13894.8
30392,11067.412
30393,8888.14
30394,11761.2
30395,11486.057
30396,11478.796
30397,11671.9375
30398,11959.367
30399,9867.306
30400,8899.88
30401,15283.083
30402,13557.392
30403,13505.886
30404,13715.017
30405,13964.935
30406,11116.5625
30407,8927.613
30408,11171.417
30409,10849.179
30410,11040.285
30411,11715.925
30412,12690.195
30413,11618.636
30414,9325.788
30415,18629.58
30416,13931.703
30417,13741.924
30418,13853.991
30419,13906.148
30420,11179.934
30421,9352.76
30422,12118.474
30423,11544.342
30424,11537.044
30425,11715.69
30426,12004.198
30427,11123.572
30428,8945.043
30429,15029.575
30430,13496.086
30431,13444.8125
30432,13716.089
30433,5813.2163
30434,4766.966
30435,10691.032
30436,8630.316
30437,8453.296
30438,8512.293
30439,8638.676
30440,5602.6
30441,4261.1484
30442,7058.37
30443,7164.6514
30444,7128.7485
30445,7327.154
30446,7439.312
30447,5610.001
30448,4266.778
30449,10030.283
30450,8488.659
30451,8419.355
30452,8576.4375
30453,8698.859
30454,5627.4834
30455,4280.075
30456,7149.953
30457,7217.1064
30458,7333.4463
30459,7693.135
30460,8555.358
30461,6308.2437
30462,4992.846
30463,12811.073
30464,7769.693
30465,8587.905
30466,8702.345
30467,8666.76
30468,5841.5083
30469,4376.552
30470,7199.5327
30471,7150.5127
30472,7154.108
30473,7342.454
30474,7454.3984
30475,5689.829
30476,4189.4595
30477,9841.76
30478,8431.305
30479,8360.651
30480,8540.464
30481,4712.0557
30482,3570.8555
30483,8684.898
30484,7020.187
30485,6688.4863
30486,6769.6772
30487,6846.111
30488,4260.0186
30489,3213.9873
30490,5671.7256
30491,5630.5977
30492,5619.8022
30493,5803.067
30494,5991.455
30495,4263.2383
30496,3216.4165
30497,7987.3438
30498,6617.0806
30499,6561.8535
30500,6722.2876
30501,6875.585
30502,4276.023
30503,3226.0625
30504,5730.6953
30505,5618.719
30506,5589.9546
30507,6058.9014
30508,6861.4604
30509,4744.1577
30510,3332.046
30511,10214.172
30512,7204.5615
30513,6989.193
30514,7000.5015
30515,6969.07
30516,4447.9614
30517,3209.6917
30518,5851.3174
30519,5688.266
30520,5648.9795
30521,5828.7905
30522,6019.3916
30523,4281.639
30524,3232.7417
30525,7895.2256
30526,6613.1562
30527,6525.179
30528,6715.61
30529,5321.7344
30530,4643.4404
30531,10200.854
30532,8348.021
30533,8011.3315
30534,7980.384
30535,8071.055
30536,4772.1797
30537,4035.4065
30538,6783.3022
30539,6850.004
30540,6816.5615
30541,7053.4033
30542,7302.031
30543,4775.786
30544,3862.2385
30545,9305.157
30546,7916.4297
30547,7846.6987
30548,7951.156
30549,8105.802
30550,4790.1074
30551,3873.8208
30552,6853.827
30553,6835.5537
30554,6839.1406
30555,7221.114
30556,8300.819
30557,5288.2563
30558,4134.565
30559,11441.905
30560,8662.504
30561,8399.641
30562,8279.984
30563,8250.484
30564,4995.847
30565,4226.742
30566,6992.567
30567,6940.049
30568,6871.6445
30569,7105.031
30570,7350.554
30571,4796.399
30572,4058.9526
30573,9182.337
30574,7927.348
30575,7818.243
30576,7958.9326
30577,4312.064
30578,3820.3052
30579,7291.911
30580,5781.233
30581,5539.4507
30582,5509.588
30583,5609.9585
30584,3851.1135
30585,3445.886
30586,4573.14
30587,4545.077
30588,4503.7837
30589,4543.395
30590,4810.401
30591,3833.7249
30592,3450.4385
30593,6709.7065
30594,5543.0815
30595,5503.112
30596,5534.565
30597,5638.278
30598,3868.2192
30599,3461.1921
30600,4629.743
30601,4584.461
30602,4566.292
30603,4846.713
30604,5640.4937
30605,4427.511
30606,4110.0513
30607,8396.524
30608,5837.008
30609,5741.819
30610,5723.517
30611,5757.35
30612,3921.6016
30613,3445.6887
30614,4708.758
30615,4568.1436
30616,4526.641
30617,4560.4287
30618,4828.435
30619,3870.659
30620,3467.951
30621,6598.4
30622,5511.454
30623,5471.7124
30624,5528.4185
30625,7657.395
30626,4776.415
30627,11211.914
30628,9705.079
30629,9396.608
30630,9317.378
30631,9422.491
30632,7278.646
30633,4426.8774
30634,8328.107
30635,8226.863
30636,8251.822
30637,8439.6
30638,8668.835
30639,7284.1465
30640,4236.915
30641,10302.689
30642,9324.508
30643,9258.282
30644,9295.382
30645,9454.548
30646,7305.988
30647,4249.6206
30648,8461.967
30649,8279.637
30650,8377.022
30651,8819.544
30652,9729.407
30653,8156.81
30654,4709.2427
30655,12422.562
30656,10081.451
30657,9813.246
30658,9600.887
30659,9523.503
30660,7584.583
30661,4636.77
30662,8615.578
30663,8321.01
30664,8293.697
30665,8476.022
30666,8706.246
30667,7315.583
30668,4452.707
30669,10131.787
30670,9271.316
30671,9205.47
30672,9285.068
30673,6171.9194
30674,5527.5166
30675,8088.0625
30676,6599.0103
30677,6464.8643
30678,6507.149
30679,6638.4795
30680,5743.407
30681,5245.904
30682,5281.547
30683,5280.267
30684,5343.637
30685,5567.9873
30686,5875.332
30687,5747.7476
30688,5249.8687
30689,7643.4507
30690,6376.6763
30691,6379.1826
30692,6483.316
30693,6667.06
30694,5764.983
30695,5360.443
30696,5348.4307
30697,5307.0337
30698,5376.5835
30699,5824.8555
30700,6935.39
30701,6411.3843
30702,5893.7817
30703,9522.703
30704,6765.636
30705,6740.766
30706,6707.2817
30707,6865.67
30708,5822.6055
30709,5200.958
30710,5450.522
30711,5362.1816
30712,5377.5737
30713,5599.1167
30714,5878.3364
30715,5750.687
30716,5255.911
30717,7564.0083
30718,6380.241
30719,6350.843
30720,6484.3423
30721,9863.392
30722,9149.423
30723,16074.535
30724,13810.259
30725,13266.143
30726,13306.503
30727,13203.773
30728,9469.8
30729,8706.952
30730,11748.711
30731,11392.109
30732,11264.65
30733,11347.433
30734,11471.856
30735,9476.956
30736,8713.532
30737,14975.574
30738,13397.924
30739,13154.313
30740,13240.976
30741,13221.214
30742,9505.372
30743,8739.658
30744,11176.116
30745,10780.925
30746,10715.267
30747,11276.173
30748,11952.332
30749,9769.3545
30750,8927.222
30751,17297.766
30752,14094.768
30753,13596.238
30754,13479.003
30755,13353.606
30756,9753.62
30757,9150.383
30758,12119.676
30759,11541.854
30760,11331.988
30761,11406.6455
30762,11521.363
30763,9517.8545
30764,8757.749
30765,14727.166
30766,13321.499
30767,13079.277
30768,13226.284
30769,6185.6514
30770,5195.33
30771,9444.535
30772,7516.771
30773,7538.217
30774,7621.0806
30775,7927.2646
30776,5894.9736
30777,4750.049
30778,5831.6987
30779,5926.8286
30780,6049.2695
30781,6518.542
30782,6815.0923
30783,5894.9736
30784,4750.049
30785,8995.247
30786,7367.7305
30787,7457.812
30788,7680.993
30789,7989.584
30790,5913.3438
30791,4764.852
30792,5918.597
30793,6003.686
30794,6126.2886
30795,6869.8423
30796,7804.274
30797,6655.0454
30798,5545.3926
30799,11974.33
30800,7838.209
30801,7889.4746
30802,7911.3574
30803,8096.182
30804,6065.0015
30805,4802.309
30806,6088.6562
30807,6109.611
30808,6261.689
30809,6584.317
30810,6953.957
30811,5917.1465
30812,4833.3335
30813,8932.451
30814,7404.561
30815,7483.428
30816,7700.2114
30817,5532.8657
30818,4146.612
30819,7609.343
30820,6074.34
30821,6021.1943
30822,6052.888
30823,6374.0674
30824,5199.7524
30825,3939.7532
30826,4671.99
30827,4753.045
30828,4847.642
30829,5035.163
30830,5544.5146
30831,5206.6216
30832,3944.9578
30833,6971.2036
30834,5926.5063
30835,5979.9795
30836,6083.4434
30837,6406.243
30838,5222.847
30839,3957.2524
30840,4747.8745
30841,4816.209
30842,4893.2354
30843,5300.0327
30844,6483.322
30845,5783.671
30846,4407.13
30847,8992.279
30848,5536.4077
30849,6066.662
30850,6180.4263
30851,6372.177
30852,5368.3896
30853,3897.4058
30854,4816.843
30855,4715.9585
30856,4870.6455
30857,5066.6914
30858,5586.5537
30859,5256.4775
30860,3926.0708
30861,6804.713
30862,5863.2734
30863,5925.3984
30864,6083.153
30865,5112.9053
30866,5678.573
30867,7529.012
30868,6368.8228
30869,6102.47
30870,6155.9043
30871,6244.285
30872,4685.379
30873,5238.4834
30874,5157.73
30875,5197.8237
30876,5151.2007
30877,5307.738
30878,5525.4663
30879,4691.5684
30880,5245.4033
30881,6999.52
30882,6087.5703
30883,6043.6753
30884,6184.531
30885,6294.504
30886,4706.189
30887,5261.75
30888,5222.1743
30889,5243.4727
30890,5221.3774
30891,5635.96
30892,6467.7817
30893,5347.4717
30894,6172.102
30895,9013.342
30896,5812.839
30897,6232.884
30898,6349.7466
30899,6320.663
30900,4878.0244
30901,5194.0024
30902,5254.9033
30903,5169.334
30904,5150.7583
30905,5317.3
30906,5502.823
30907,4742.7734
30908,5232.201
30909,6863.0703
30910,6034.2515
30911,5989.438
30912,6167.1353
30913,2958.7788
30914,2218.177
30915,5760.168
30916,4711.966
30917,4519.238
30918,4509.9316
30919,4617.0547
30920,2556.4343
30921,1906.502
30922,3703.7993
30923,3564.998
30924,3575.2695
30925,3608.1477
30926,3823.2107
30927,2558.368
30928,1907.9441
30929,5299.744
30930,4433.8423
30931,4440.9067
30932,4478.3584
30933,4636.9336
30934,2566.041
30935,1913.6672
30936,3742.3118
30937,3558.2502
30938,3565.3381
30939,3766.267
30940,4416.2197
30941,2770.5266
30942,2075.5815
30943,6188.4546
30944,4796.3804
30945,4723.2427
30946,4684.436
30947,4796.1836
30948,2608.9353
30949,1883.5994
30950,3831.9883
30951,3611.7878
30952,3604.0852
30953,3634.4814
30954,3819.2812
30955,2542.2412
30956,1897.1301
30957,5241.8975
30958,4433.986
30959,4418.849
30960,4476.71
30961,4638.0264
30962,4937.0483
30963,9621.88
30964,7360.4326
30965,7016.6187
30966,7094.4937
30967,7128.2793
30968,4315.183
30969,4684.6323
30970,6048.0464
30971,5947.856
30972,5911.0205
30973,6071.1367
30974,6212.229
30975,4318.4443
30976,4688.173
30977,8670.059
30978,6967.554
30979,6901.6763
30980,7044.8306
30981,7158.968
30982,4331.394
30983,4702.2314
30984,6110.928
30985,5933.3726
30986,5928.666
30987,6200.3306
30988,6907.432
30989,4649.978
30990,4861.265
30991,11442.244
30992,7573.6167
30993,7375.8726
30994,7369.0166
30995,7326.6436
30996,4487.112
30997,4666.196
30998,6251.4663
30999,6042.315
31000,5974.8765
31001,6132.088
31002,6237.2964
31003,4332.481
31004,4699.7026
31005,8578.72
31006,6996.003
31007,6895.215
31008,7070.7617
31009,19262.36
31010,23013.518
31011,23600.94
31012,21361.488
31013,21430.89
31014,21597.21
31015,21984.625
31016,18929.504
31017,23446.967
31018,19141.42
31019,18701.428
31020,18971.705
31021,19153.508
31022,19913.594
31023,20627.564
31024,23464.686
31025,22781.168
31026,21056.344
31027,21288.375
31028,21446.041
31029,22079.266
31030,19000.605
31031,23535.037
31032,19401.672
31033,18815.748
31034,19138.828
31035,19668.672
31036,21074.908
31037,19985.723
31038,24187.64
31039,25130.611
31040,21633.225
31041,21782.66
31042,21726.371
31043,22175.178
31044,19421.297
31045,23415.637
31046,19706.957
31047,18946.535
31048,19067.973
31049,19236.162
31050,19999.527
31051,19025.557
31052,23583.75
31053,22403.293
31054,20963.59
31055,21194.598
31056,21450.234
31057,2292.437
31058,2677.6936
31059,6044.557
31060,4815.4004
31061,4674.277
31062,4627.434
31063,4668.4307
31064,2102.8958
31065,2398.6833
31066,3698.3198
31067,3640.2761
31068,3650.0679
31069,3687.3923
31070,3798.2083
31071,2102.8958
31072,2398.6833
31073,5752.2837
31074,4644.313
31075,4625.1567
31076,4661.013
31077,4731.4497
31078,2109.451
31079,2406.16
31080,3750.2595
31081,3657.3525
31082,3687.73
31083,3873.6694
31084,4422.2056
31085,2252.0752
31086,2539.3118
31087,7088.859
31088,4877.299
31089,4813.719
31090,4811.6123
31091,4815.9194
31092,2108.9116
31093,2407.9077
31094,3856.4475
31095,3709.2937
31096,3687.8215
31097,3719.069
31098,3837.153
31099,2093.6213
31100,2423.4692
31101,5669.351
31102,4627.4736
31103,4609.389
31104,4669.9272
31105,5129.8125
31106,5331.6675
31107,7048.8906
31108,5266.6455
31109,5205.226
31110,5197.5806
31111,5538.2563
31112,4772.858
31113,4989.7896
31114,4342.7173
31115,4221.3433
31116,4365.9526
31117,4480.6875
31118,5016.6245
31119,4779.163
31120,4996.381
31121,6573.787
31122,5127.523
31123,5178.38
31124,5228.5146
31125,5587.1665
31126,4794.0566
31127,5011.9517
31128,4406.84
31129,4281.288
31130,4419.73
31131,4762.7256
31132,5881.853
31133,5542.077
31134,5961.641
31135,8267.263
31136,5362.1357
31137,5393.2925
31138,5388.9575
31139,5637.3364
31140,4860.213
31141,4989.504
31142,4423.163
31143,4250.399
31144,4392.055
31145,4501.529
31146,5035.432
31147,4797.0806
31148,5021.738
31149,6464.735
31150,5097.673
31151,5148.234
31152,5222.0996
31153,7174.218
31154,4464.658
31155,11920.523
31156,10342.918
31157,10146.873
31158,10169.195
31159,10361.569
31160,6965.162
31161,4212.807
31162,8438.658
31163,8243.138
31164,8241.008
31165,8385.439
31166,8546.469
31167,6974.363
31168,4218.3726
31169,11292.941
31170,10163.058
31171,10115.016
31172,10239.66
31173,10457.325
31174,6996.096
31175,4231.519
31176,8543.095
31177,8309.422
31178,8427.719
31179,8851.1455
31180,9757.9
31181,7837.484
31182,4755.8384
31183,14284.828
31184,10534.035
31185,10380.858
31186,10344.151
31187,10349.401
31188,7092.1323
31189,4433.0557
31190,8685.652
31191,8295.794
31192,8282.827
31193,8416.874
31194,8578.507
31195,7000.5083
31196,4239.7812
31197,11105.615
31198,10103.898
31199,10056.137
31200,10227.099
31201,7158.961
31202,6687.995
31203,8798.557
31204,7459.975
31205,7498.418
31206,7584.482
31207,7811.274
31208,6787.47
31209,6143.2407
31210,5960.4414
31211,6054.869
31212,6311.133
31213,6672.7026
31214,7099.4214
31215,6787.47
31216,6143.2407
31217,8503.716
31218,7396.761
31219,7433.992
31220,7660.135
31221,7922.314
31222,6808.621
31223,6162.3843
31224,6073.9517
31225,6125.932
31226,6387.2256
31227,6940.7705
31228,7857.2285
31229,7501.938
31230,6566.5615
31231,10575.278
31232,7766.4775
31233,7798.0312
31234,7796.975
31235,7954.2656
31236,6952.0205
31237,6195.5776
31238,6206.5967
31239,6210.446
31240,6370.6514
31241,6679.6055
31242,7104.7935
31243,6782.5454
31244,6235.601
31245,8358.1875
31246,7354.8394
31247,7414.8794
31248,7630.0483
31249,6658.671
31250,5580.967
31251,10368.766
31252,8814.397
31253,8624.161
31254,8597.199
31255,8690.698
31256,6361.871
31257,5204.4517
31258,7524.267
31259,7496.802
31260,7487.3335
31261,7701.71
31262,7829.34
31263,6370.275
31264,5211.3267
31265,9662.381
31266,8611.298
31267,8573.166
31268,8645.476
31269,8734.566
31270,6390.126
31271,5227.567
31272,7621.8945
31273,7551.6885
31274,7654.248
31275,8035.9204
31276,8987.194
31277,7149.844
31278,6086.781
31279,12339.748
31280,9053.293
31281,8904.933
31282,8815.995
31283,8728.87
31284,6517.5596
31285,5204.154
31286,7761.3677
31287,7534.8457
31288,7525.329
31289,7730.5815
31290,7858.69
31291,6394.1562
31292,5237.774
31293,9508.074
31294,8577.746
31295,8539.763
31296,8651.588
31297,8556.812
31298,6021.769
31299,11005.161
31300,9419.822
31301,9455.477
31302,9449.148
31303,9786.822
31304,8253.255
31305,5959.6455
31306,7960.8916
31307,7870.4595
31308,7978.4053
31309,8391.841
31310,8920.199
31311,8259.492
31312,5703.925
31313,10488.0
31314,9209.456
31315,9326.642
31316,9414.541
31317,9828.955
31318,8284.258
31319,5721.0283
31320,8066.4683
31321,7915.0327
31322,8145.2495
31323,8724.676
31324,10020.014
31325,9317.138
31326,6231.3857
31327,12562.906
31328,9676.629
31329,9759.901
31330,9656.346
31331,9880.452
31332,8518.563
31333,5913.5186
31334,8247.802
31335,8034.3877
31336,8039.6157
31337,8449.837
31338,8983.903
31339,8274.568
31340,5975.9995
31341,10379.066
31342,9226.706
31343,9297.404
31344,9428.397
31345,5655.346
31346,5703.9844
31347,8448.347
31348,6796.274
31349,6700.1904
31350,6820.1646
31351,7057.919
31352,5282.645
31353,5354.1167
31354,5480.388
31355,5537.9023
31356,5672.472
31357,5990.3237
31358,6234.1445
31359,5289.6235
31360,5361.1895
31361,8096.661
31362,6645.2964
31363,6661.536
31364,6863.293
31365,7102.551
31366,5306.1074
31367,5377.897
31368,5576.47
31369,5618.6177
31370,5746.0537
31371,6293.3516
31372,7091.9497
31373,5766.429
31374,5967.6943
31375,10968.559
31376,6936.5015
31377,6925.171
31378,6999.954
31379,7141.3315
31380,5409.6353
31381,5353.8105
31382,5592.098
31383,5573.0723
31384,5701.2593
31385,6012.781
31386,6257.515
31387,5309.454
31388,5388.3975
31389,7962.3496
31390,6606.612
31391,6622.7573
31392,6854.873
31393,5689.254
31394,4910.2734
31395,7606.716
31396,5916.317
31397,5823.8276
31398,5826.261
31399,6150.1294
31400,5254.984
31401,4494.1367
31402,4493.5923
31403,4510.3877
31404,4600.1562
31405,4753.4985
31406,5280.3125
31407,4427.68
31408,4500.0737
31409,6965.6074
31410,5732.2427
31411,5783.9634
31412,5855.6724
31413,6181.175
31414,5278.323
31415,4453.3867
31416,4566.5796
31417,4570.327
31418,4659.3687
31419,5062.841
31420,6247.1562
31421,6039.2324
31422,5124.379
31423,8682.894
31424,5559.926
31425,5898.0503
31426,5990.6265
31427,6254.2334
31428,5328.231
31429,4429.209
31430,4632.376
31431,4474.6733
31432,4547.5444
31433,4782.7065
31434,5282.363
31435,5217.156
31436,4461.7847
31437,6849.5073
31438,5695.156
31439,5728.7007
31440,5855.393
31441,4254.549
31442,4852.833
31443,6479.4766
31444,5084.1294
31445,4974.6245
31446,4994.475
31447,5105.7607
31448,3868.518
31449,4438.4336
31450,3877.8545
31451,3839.6467
31452,3922.6042
31453,4018.2822
31454,4316.99
31455,3873.6287
31456,4444.297
31457,6079.7017
31458,4931.306
31459,4953.3364
31460,5019.688
31461,5131.535
31462,3885.701
31463,4458.1475
31464,3940.843
31465,3885.308
31466,3977.253
31467,4238.0225
31468,5031.7925
31469,4253.4004
31470,4798.435
31471,7567.075
31472,5170.5024
31473,5172.4756
31474,5171.578
31475,5222.7173
31476,3932.7727
31477,4438.1797
31478,3952.3481
31479,3859.5833
31480,3960.7344
31481,4033.8171
31482,4350.5454
31483,3888.6045
31484,4466.852
31485,5979.54
31486,4903.169
31487,4925.073
31488,5014.113
31489,8339.482
31490,7905.157
31491,13736.289
31492,11662.034
31493,11284.339
31494,11266.09
31495,11356.072
31496,7618.2026
31497,7157.8413
31498,9953.643
31499,9621.54
31500,9563.361
31501,9659.441
31502,9853.189
31503,7623.9595
31504,7163.2505
31505,12831.018
31506,11214.492
31507,11146.683
31508,11224.829
31509,11404.96
31510,7646.82
31511,7184.7295
31512,9945.349
31513,9513.734
31514,9518.154
31515,10080.316
31516,11243.344
31517,8457.505
31518,7615.7466
31519,15495.225
31520,11806.854
31521,11530.025
31522,11468.651
31523,11518.848
31524,7820.257
31525,7497.188
31526,10223.48
31527,9670.364
31528,9611.891
31529,9701.127
31530,9895.712
31531,7656.8623
31532,7199.6016
31533,12661.663
31534,11229.958
31535,11106.262
31536,11235.808
31537,5391.3945
31538,5403.9365
31539,9222.017
31540,7793.094
31541,7693.509
31542,7618.413
31543,7768.4854
31544,5258.95
31545,5003.7354
31546,6609.795
31547,6612.973
31548,6623.383
31549,6767.676
31550,6950.3765
31551,5258.95
31552,5003.7354
31553,8855.241
31554,7623.3267
31555,7581.5166
31556,7668.0
31557,7814.635
31558,5275.339
31559,5019.329
31560,6691.9834
31561,6677.3506
31562,6700.312
31563,7060.309
31564,7656.073
31565,5796.5444
31566,5351.217
31567,11380.881
31568,8079.034
31569,7947.251
31570,7882.3516
31571,7835.4507
31572,5421.8267
31573,5156.515
31574,6894.9844
31575,6740.8887
31576,6714.2905
31577,6811.4404
31578,7019.6514
31579,5273.588
31580,5189.8276
31581,8772.044
31582,7652.372
31583,7597.1597
31584,7693.208
31585,6392.7656
31586,5593.8057
31587,10032.33
31588,8385.472
31589,8052.969
31590,8021.8604
31591,8033.3228
31592,6007.255
31593,5360.8726
31594,6842.0635
31595,6882.632
31596,6868.7876
31597,7119.2896
31598,7341.1025
31599,6011.7944
31600,5130.8403
31601,9140.718
31602,7938.0312
31603,7876.069
31604,7980.9165
31605,8083.312
31606,6029.8213
31607,5146.2256
31608,6917.2886
31609,6883.1636
31610,6963.143
31611,7344.5063
31612,8416.682
31613,6736.6978
31614,5736.3174
31615,11134.155
31616,8759.604
31617,8477.931
31618,8343.818
31619,8223.475
31620,6309.935
31621,5353.7085
31622,7077.934
31623,6977.49
31624,6928.646
31625,7175.908
31626,7394.532
31627,6037.74
31628,5392.1504
31629,9025.738
31630,7953.977
31631,7852.4414
31632,7993.746
31633,7856.9214
31634,6109.325
31635,11223.159
31636,8536.392
31637,8600.349
31638,8688.751
31639,9235.423
31640,7609.074
31641,6025.5957
31642,7097.885
31643,7208.4795
31644,7306.35
31645,7713.0674
31646,8343.277
31647,7619.1255
31648,5770.3027
31649,10792.149
31650,8454.577
31651,8557.325
31652,8732.609
31653,9282.04
31654,7642.8677
31655,5788.2847
31656,7213.163
31657,7304.267
31658,7493.1274
31659,8066.7837
31660,9513.136
31661,8607.85
31662,6525.7896
31663,13073.179
31664,8082.4795
31665,8752.305
31666,8863.784
31667,9211.318
31668,7869.281
31669,5972.6885
31670,7137.9062
31671,7194.0073
31672,7355.085
31673,7784.2466
31674,8423.749
31675,7711.9565
31676,6016.6133
31677,10524.204
31678,8386.8955
31679,8502.053
31680,8764.727
31681,4301.2803
31682,4592.0854
31683,7649.9126
31684,5684.5996
31685,5446.858
31686,5445.2266
31687,5654.548
31688,3901.6611
31689,4199.7065
31690,4680.9204
31691,4604.6694
31692,4562.835
31693,4626.5293
31694,4983.373
31695,3884.0444
31696,4205.255
31697,6851.1147
31698,5450.428
31699,5411.1265
31700,5469.912
31701,5683.0923
31702,3918.9912
31703,4218.3604
31704,4738.8574
31705,4644.57
31706,4626.1626
31707,4935.3955
31708,5795.538
31709,4459.389
31710,4979.828
31711,8573.477
31712,5739.4424
31713,5645.844
31714,5656.657
31715,5781.6797
31716,3973.0742
31717,4199.4663
31718,4952.009
31719,4628.0386
31720,4585.9917
31721,4643.8745
31722,5002.0557
31723,3921.4631
31724,4226.597
31725,6737.4624
31726,5419.329
31727,5380.252
31728,5463.837
31729,7250.874
31730,5772.8022
31731,11105.637
31732,8560.24
31733,8500.643
31734,8544.978
31735,8877.431
31736,6671.71
31737,5490.1514
31738,6885.2583
31739,6924.6357
31740,6982.53
31741,7365.9453
31742,7882.72
31743,6082.9326
31744,5494.301
31745,10351.435
31746,8249.297
31747,8336.556
31748,8485.162
31749,8915.648
31750,6696.7725
31751,5510.776
31752,6987.1865
31753,6963.3154
31754,7185.682
31755,7873.1772
31756,9115.679
31757,7678.0337
31758,5929.6953
31759,12293.793
31760,8844.571
31761,8901.773
31762,8869.374
31763,9117.13
31764,6975.507
31765,5482.8145
31766,7088.7036
31767,7015.401
31768,7017.9644
31769,7397.735
31770,7916.7393
31771,6705.5674
31772,5522.1836
31773,10179.725
31774,8287.656
31775,8333.455
31776,8521.204
31777,7234.681
31778,6297.2847
31779,8970.538
31780,7379.4473
31781,7314.111
31782,7379.7285
31783,7576.4565
31784,6698.3184
31785,5902.9917
31786,6014.8633
31787,6052.761
31788,6166.1943
31789,6464.6855
31790,6912.8564
31791,6703.3804
31792,5907.4526
31793,8344.678
31794,7110.705
31795,7176.141
31796,7328.0693
31797,7609.074
31798,6723.4805
31799,5925.1665
31800,6095.821
31801,6088.2266
31802,6212.703
31803,6754.5137
31804,7854.1113
31805,7444.7354
31806,6137.893
31807,10330.634
31808,7697.8247
31809,7698.39
31810,7635.45
31811,7771.783
31812,7035.8125
31813,5895.103
31814,6240.5103
31815,6187.6226
31816,6222.3403
31817,6518.6226
31818,6972.128
31819,6732.3105
31820,5937.432
31821,8269.747
31822,7134.156
31823,7163.8174
31824,7349.2925
31825,4487.7666
31826,4358.2505
31827,5559.6025
31828,4498.949
31829,4396.1377
31830,4410.145
31831,4567.5293
31832,4051.5408
31833,3967.5977
31834,3638.7483
31835,3466.479
31836,3557.239
31837,3625.4229
31838,4035.391
31839,4056.8933
31840,3972.8394
31841,5298.5464
31842,4339.8604
31843,4372.3584
31844,4432.4087
31845,4590.5874
31846,4069.5366
31847,3985.2207
31848,3697.854
31849,3507.704
31850,3592.3083
31851,3829.0212
31852,4726.091
31853,4449.438
31854,4628.1357
31855,6253.506
31856,4278.822
31857,4559.585
31858,4584.964
31859,4672.106
31860,4120.788
31861,3951.5603
31862,3676.96
31863,3463.547
31864,3599.1824
31865,3652.8684
31866,4082.897
31867,4064.842
31868,3980.6235
31869,5218.022
31870,4317.7275
31871,4336.5537
31872,4428.1064
31873,7595.6597
31874,4740.589
31875,11103.465
31876,9698.842
31877,9486.262
31878,9523.148
31879,9679.629
31880,7336.5596
31881,4450.2573
31882,8387.392
31883,8273.685
31884,8263.234
31885,8540.447
31886,8710.333
31887,7346.251
31888,4261.6973
31889,10439.598
31890,9486.145
31891,9444.139
31892,9576.624
31893,9728.489
31894,7369.143
31895,4274.979
31896,8496.217
31897,8350.307
31898,8496.119
31899,9016.695
31900,9843.947
31901,8168.7686
31902,4751.3496
31903,13247.039
31904,9970.347
31905,9806.959
31906,9739.36
31907,9660.308
31908,7470.2993
31909,4682.917
31910,8651.6875
31911,8326.535
31912,8316.019
31913,8583.663
31914,8800.864
31915,7373.7905
31916,4478.7515
31917,10266.425
31918,9443.247
31919,9401.432
31920,9577.373
31921,6515.9126
31922,3862.1133
31923,11906.116
31924,10517.49
31925,10127.16
31926,10109.644
31927,10013.145
31928,5981.674
31929,3363.548
31930,8502.815
31931,8333.853
31932,8262.407
31933,8322.073
31934,8321.811
31935,5986.1943
31936,3366.0903
31937,11057.114
31938,10120.42
31939,10001.862
31940,10058.045
31941,10075.452
31942,6004.144
31943,3376.185
31944,8591.215
31945,8333.09
31946,8460.095
31947,8758.417
31948,9270.98
31949,6612.557
31950,3747.4917
31951,13349.137
31952,10909.944
31953,10540.4375
31954,10365.315
31955,10123.828
31956,6193.267
31957,3359.0525
31958,8795.729
31959,8447.017
31960,8332.74
31961,8386.575
31962,8388.231
31963,6012.03
31964,3383.1748
31965,10951.395
31966,10147.832
31967,9978.823
31968,10081.249
31969,3107.6787
31970,3591.9006
31971,6602.914
31972,5480.467
31973,5284.2627
31974,5237.2495
31975,5276.7983
31976,2821.5674
31977,3172.089
31978,4292.6562
31979,4326.703
31980,4306.5312
31981,4350.5664
31982,4446.294
31983,2821.5674
31984,3172.089
31985,6233.0264
31986,5275.5854
31987,5230.789
31988,5271.34
31989,5308.1475
31990,2830.3616
31991,3181.9756
31992,4340.0547
31993,4362.8135
31994,4350.965
31995,4561.8213
31996,5328.48
31997,3084.3723
31998,3416.0042
31999,7572.454
32000,5546.218
32001,5449.919
32002,5463.6494
32003,5447.341
32004,2843.3076
32005,3184.2927
32006,4462.938
32007,4395.6807
32008,4351.0728
32009,4387.939
32010,4491.8823
32011,2809.125
32012,3204.8665
32013,6147.7246
32014,5260.36
32015,5216.8276
32016,5285.3413
32017,7736.453
32018,6132.7783
32019,9964.538
32020,8146.796
32021,8149.0493
32022,8190.949
32023,8496.598
32024,7465.014
32025,5794.4883
32026,6917.018
32027,6943.452
32028,7053.013
32029,7518.9653
32030,8009.0703
32031,7470.656
32032,5798.867
32033,9502.961
32034,8043.2207
32035,8073.7495
32036,8209.376
32037,8564.903
32038,7493.056
32039,5816.2554
32040,7063.0303
32041,7046.0474
32042,7174.553
32043,7796.6406
32044,9045.456
32045,8363.921
32046,6521.216
32047,11363.19
32048,8529.141
32049,8526.692
32050,8427.728
32051,8599.914
32052,7771.5015
32053,5767.359
32054,7176.552
32055,7098.2026
32056,7088.805
32057,7551.415
32058,8043.635
32059,7502.8965
32060,5828.2954
32061,9345.323
32062,7997.338
32063,8027.693
32064,8200.268
32065,7670.853
32066,6542.486
32067,9526.674
32068,8076.507
32069,8160.8022
32070,8228.002
32071,8576.143
32072,7559.515
32073,6314.2397
32074,6662.807
32075,6764.4487
32076,6839.8774
32077,7501.0293
32078,7974.0537
32079,7559.515
32080,6314.2397
32081,9071.419
32082,7927.6353
32083,8040.4287
32084,8276.881
32085,8627.09
32086,7583.0713
32087,6333.916
32088,6766.088
32089,6811.148
32090,6982.723
32091,7758.4663
32092,9020.472
32093,8527.668
32094,7173.691
32095,11072.1
32096,8411.995
32097,8483.754
32098,8504.656
32099,8702.1455
32100,7746.7686
32101,6376.5728
32102,6948.6064
32103,6965.2686
32104,7072.1445
32105,7560.8345
32106,8101.7207
32107,7579.47
32108,6417.7656
32109,8998.027
32110,7958.3633
32111,8059.0317
32112,8280.197
32113,3826.9946
32114,2365.832
32115,7472.751
32116,5757.207
32117,5596.8315
32118,5576.97
32119,5705.8945
32120,3444.7422
32121,2092.565
32122,4377.003
32123,4364.1245
32124,4413.579
32125,4486.046
32126,4762.5347
32127,3447.3457
32128,2094.148
32129,6971.862
32130,5465.5205
32131,5491.8853
32132,5537.9287
32133,5730.4604
32134,3457.684
32135,2100.4292
32136,4432.434
32137,4379.2456
32138,4423.952
32139,4651.4507
32140,5367.043
32141,3675.2698
32142,2207.6118
32143,8669.67
32144,5868.8013
32145,5843.765
32146,5815.0684
32147,5855.46
32148,3579.4329
32149,2089.7676
32150,4511.317
32151,4426.2104
32152,4435.9785
32153,4505.408
32154,4743.556
32155,3462.2258
32156,2104.7786
32157,6890.652
32158,5461.6436
32159,5460.5547
32160,5531.7837
32161,9346.634
32162,8564.037
32163,12195.184
32164,10257.4795
32165,10292.71
32166,10339.644
32167,10915.013
32168,9259.36
32169,8756.847
32170,8537.589
32171,8484.709
32172,8663.644
32173,9146.334
32174,9748.412
32175,9271.591
32176,8768.414
32177,11804.636
32178,10147.115
32179,10256.031
32180,10391.834
32181,10970.107
32182,9300.481
32183,8795.737
32184,8584.892
32185,8506.928
32186,8785.416
32187,9604.89
32188,11264.758
32189,10458.842
32190,9907.658
32191,14644.444
32192,10392.538
32193,10461.366
32194,10485.97
32195,10928.022
32196,9393.177
32197,8793.48
32198,8760.23
32199,8597.47
32200,8783.925
32201,9219.555
32202,9854.581
32203,9345.813
32204,8850.284
32205,11642.841
32206,10130.831
32207,10239.572
32208,10423.102
32209,6924.438
32210,5404.2456
32211,10006.814
32212,7744.9214
32213,7693.5674
32214,7808.332
32215,8088.51
32216,6565.497
32217,5187.887
32218,6303.9434
32219,6269.434
32220,6415.183
32221,6785.761
32222,7253.814
32223,6570.4585
32224,5191.808
32225,9181.908
32226,7507.743
32227,7588.2734
32228,7794.5884
32229,8138.843
32230,6590.16
32231,5207.3765
32232,6383.772
32233,6301.214
32234,6498.4404
32235,7092.9307
32236,8441.991
32237,7514.1333
32238,5754.978
32239,11210.76
32240,8041.4023
32241,8094.599
32242,8099.619
32243,8295.58
32244,6861.5127
32245,5144.405
32246,6536.2485
32247,6405.0215
32248,6469.4536
32249,6837.999
32250,7311.3276
32251,6587.596
32252,5198.7607
32253,9093.639
32254,7527.684
32255,7570.396
32256,7812.1606
32257,6663.8555
32258,5543.674
32259,9683.498
32260,8148.0933
32261,7943.3555
32262,7994.8896
32263,8141.8477
32264,6293.8555
32265,5178.953
32266,6823.8867
32267,6926.637
32268,6973.764
32269,7250.791
32270,7535.6
32271,6302.1694
32272,5185.7944
32273,9069.412
32274,7957.7563
32275,7919.4355
32276,8067.1914
32277,8243.217
32278,6321.8086
32279,5131.995
32280,6934.405
32281,7022.176
32282,7087.568
32283,7588.8384
32284,8366.307
32285,6955.8345
32286,5473.0015
32287,11369.738
32288,7584.3877
32289,8089.004
32290,8269.054
32291,8193.16
32292,6616.1655
32293,5053.596
32294,7023.6763
32295,6948.302
32296,7002.8994
32297,7321.3
32298,7564.073
32299,6408.6147
32300,5090.763
32301,8880.022
32302,7876.8877
32303,7852.621
32304,8094.5684
32305,4256.485
32306,5079.2725
32307,6718.576
32308,5597.547
32309,5303.6533
32310,5258.885
32311,5405.658
32312,3968.8772
32313,4838.7446
32314,4395.5967
32315,4384.023
32316,4352.3223
32317,4373.914
32318,4747.5215
32319,3971.8767
32320,4842.4014
32321,6177.12
32322,5249.7983
32323,5221.6963
32324,5239.623
32325,5428.9316
32326,3983.7878
32327,4856.9224
32328,4441.301
32329,4381.769
32330,4361.565
32331,4522.731
32332,5491.021
32333,4464.0156
32334,5504.288
32335,7373.994
32336,5684.681
32337,5559.178
32338,5497.729
32339,5529.415
32340,4041.0962
32341,4751.0684
32342,4534.7876
32343,4428.9263
32344,4374.92
32345,4393.3037
32346,4729.153
32347,3935.6213
32348,4801.269
32349,6105.8765
32350,5246.6846
32351,5192.511
32352,5234.4175
32353,4624.7993
32354,4825.9766
32355,6427.7393
32356,5357.79
32357,5314.6226
32358,5291.849
32359,5526.7944
32360,4359.128
32361,4396.75
32362,4032.3167
32363,4056.3362
32364,4120.957
32365,4311.4185
32366,4662.0674
32367,4359.128
32368,4396.75
32369,6131.205
32370,5211.506
32371,5248.5166
32372,5323.288
32373,5559.629
32374,4372.713
32375,4410.452
32376,4092.4072
32377,4081.9272
32378,4161.8286
32379,4438.5522
32380,5333.2646
32381,4823.0312
32382,4997.039
32383,7356.5513
32384,5487.675
32385,5495.6006
32386,5510.7285
32387,5694.449
32388,4454.623
32389,4472.16
32390,4180.948
32391,4137.4175
32392,4237.295
32393,4330.411
32394,4734.5425
32395,4393.245
32396,4501.0522
32397,6075.522
32398,5207.391
32399,5236.2104
32400,5311.3384
32401,5751.976
32402,4745.86
32403,9835.069
32404,7962.3193
32405,7612.9287
32406,7667.781
32407,7730.331
32408,5224.83
32409,4228.6743
32410,6489.5273
32411,6508.6636
32412,6496.185
32413,6669.744
32414,6887.3535
32415,5228.779
32416,4231.87
32417,9011.949
32418,7557.5034
32419,7494.428
32420,7639.6973
32421,7763.6113
32422,5244.458
32423,4244.5605
32424,6562.154
32425,6500.04
32426,6496.625
32427,6982.51
32428,7854.5537
32429,5856.611
32430,4407.0205
32431,11120.783
32432,8269.708
32433,8022.5034
32434,7955.601
32435,7902.1416
32436,5469.7085
32437,4208.8745
32438,6711.5244
32439,6600.1562
32440,6554.5723
32441,6724.6094
32442,6945.598
32443,5251.3457
32444,4253.3477
32445,8929.989
32446,7581.5454
32447,7480.688
32448,7660.931
32449,4372.6587
32450,4804.87
32451,5864.5205
32452,4970.086
32453,4860.57
32454,4842.5215
32455,4956.0776
32456,3841.9988
32457,4119.444
32458,3644.8384
32459,3654.4194
32460,3702.5063
32461,3828.1375
32462,4125.972
32463,3819.6055
32464,4119.444
32465,5605.5024
32466,4808.607
32467,4807.0522
32468,4871.2915
32469,4985.522
32470,3853.9727
32471,4132.282
32472,3699.156
32473,3677.4756
32474,3741.109
32475,4011.7292
32476,4772.1343
32477,4170.321
32478,4734.89
32479,6481.2817
32480,5060.987
32481,5054.4644
32482,5048.9565
32483,5124.9365
32484,3876.7302
32485,4168.062
32486,3763.1428
32487,3711.6406
32488,3773.8662
32489,3850.5146
32490,4173.9707
32491,3851.7048
32492,4194.99
32493,5508.406
32494,4785.819
32495,4799.172
32496,4872.8994
32497,7159.787
32498,4933.188
32499,11294.385
32500,9741.59
32501,9399.369
32502,9342.668
32503,9387.096
32504,6875.3027
32505,4860.737
32506,7978.1846
32507,7907.7437
32508,7871.6157
32509,7969.8335
32510,8182.5864
32511,6880.4985
32512,4652.1606
32513,10499.48
32514,9343.461
32515,9271.299
32516,9308.45
32517,9427.507
32518,6901.13
32519,4666.1113
32520,8065.899
32521,7924.3467
32522,8013.6094
32523,8281.145
32524,9227.023
32525,7743.799
32526,5200.5957
32527,12719.494
32528,9961.545
32529,9711.57
32530,9577.839
32531,9527.573
32532,7113.9683
32533,4837.9785
32534,8194.474
32535,7947.8726
32536,7911.561
32537,8004.2285
32538,8217.899
32539,6910.193
32540,4889.097
32541,10390.427
32542,9360.962
32543,9242.234
32544,9322.151
32545,3617.3667
32546,4390.304
32547,6777.475
32548,5654.1865
32549,5459.086
32550,5449.581
32551,5477.5557
32552,3272.3425
32553,3856.1716
32554,4437.443
32555,4464.688
32556,4455.2905
32557,4538.4917
32558,4610.4536
32559,3272.3425
32560,3856.1716
32561,6432.2837
32562,5438.5205
32563,5401.952
32564,5489.361
32565,5535.8853
32566,3282.5413
32567,3868.1897
32568,4489.963
32569,4475.8647
32570,4501.2583
32571,4767.7524
32572,5549.917
32573,3584.237
32574,4204.661
32575,8054.1904
32576,5718.4805
32577,5629.207
32578,5673.803
32579,5678.882
32580,3316.583
32581,3912.141
32582,4612.2437
32583,4534.662
32584,4496.645
32585,4572.6733
32586,4652.8354
32587,3292.5396
32588,3937.4163
32589,6332.8955
32590,5413.1143
32591,5377.8867
32592,5494.0854
32593,5979.0728
32594,5779.6504
32595,8239.695
32596,6826.1387
32597,6507.8506
32598,6533.5186
32599,6547.149
32600,5631.9565
32601,5552.241
32602,5624.3174
32603,5627.1133
32604,5610.017
32605,5710.2227
32606,5863.4185
32607,5636.213
32608,5556.4375
32609,7654.8467
32610,6499.693
32611,6413.225
32612,6501.1
32613,6555.5537
32614,5653.114
32615,5728.1978
32616,5709.618
32617,5664.081
32618,5611.687
32619,5931.013
32620,6859.484
32621,6190.4736
32622,6378.434
32623,9347.044
32624,7036.524
32625,6826.178
32626,6754.694
32627,6760.327
32628,5750.5938
32629,5544.8213
32630,5805.193
32631,5700.873
32632,5643.556
32633,5740.023
32634,5888.724
32635,5660.538
32636,5584.6357
32637,7527.8633
32638,6462.6143
32639,6376.6396
32640,6493.886
32641,3059.139
32642,3874.268
32643,6328.5596
32644,5127.753
32645,4865.529
32646,4818.1343
32647,4953.4497
32648,2663.4922
32649,3443.6218
32650,4103.2817
32651,3881.2334
32652,3865.213
32653,3887.6995
32654,4146.695
32655,2665.5066
32656,3446.2246
32657,5807.203
32658,4812.241
32659,4776.8843
32660,4801.045
32661,4922.2363
32662,2673.501
32663,3456.5596
32664,4167.263
32665,3893.8047
32666,3870.024
32667,4064.0706
32668,4769.422
32669,2879.334
32670,3698.3796
32671,6697.596
32672,5261.1123
32673,5134.644
32674,5060.4414
32675,5103.365
32676,2751.262
32677,3427.4973
32678,4233.2183
32679,3920.988
32680,3884.83
32681,3904.4797
32682,4164.5923
32683,2677.0117
32684,3463.7156
32685,5710.8657
32686,4784.7876
32687,4749.6323
32688,4795.7173
32689,6139.398
32690,4905.269
32691,9111.341
32692,6845.4907
32693,6784.881
32694,6874.116
32695,7081.088
32696,5722.9497
32697,4629.4473
32698,5804.7607
32699,5686.4434
32700,5793.0127
32701,6031.6504
32702,6449.805
32703,4623.679
32704,4632.946
32705,8452.288
32706,6635.1055
32707,6696.1655
32708,6848.939
32709,7111.573
32710,5744.448
32711,4646.839
32712,5882.891
32713,5719.7627
32714,5836.707
32715,6276.8955
32716,7269.1826
32717,6295.3086
32718,5027.561
32719,10745.283
32720,7076.024
32721,7112.0957
32722,7086.202
32723,7249.3457
32724,5937.319
32725,4607.7715
32726,5976.284
32727,5760.981
32728,5822.411
32729,6057.682
32730,6477.641
32731,5751.9927
32732,4656.4585
32733,8312.078
32734,6656.9883
32735,6684.666
32736,6868.7744
32737,5239.793
32738,5314.2065
32739,7692.753
32740,6285.4746
32741,6005.347
32742,5946.761
32743,6001.917
32744,4862.972
32745,5038.9443
32746,5152.0605
32747,4961.484
32748,4915.1987
32749,4937.825
32750,5129.069
32751,4866.6475
32752,5042.7524
32753,7083.7695
32754,5997.6533
32755,5917.8633
32756,5930.306
32757,5974.888
32758,4881.2407
32759,5057.874
32760,5224.1772
32761,4988.3286
32762,4912.2456
32763,5137.2114
32764,6116.036
32765,5528.3657
32766,5777.429
32767,8675.957
32768,6379.499
32769,6188.791
32770,6141.436
32771,6218.074
32772,4992.8843
32773,5015.352
32774,5311.6274
32775,5020.732
32776,4944.584
32777,4963.595
32778,5151.2056
32779,4887.652
32780,5068.344
32781,6966.2583
32782,5963.438
32783,5884.1035
32784,5923.7256
32785,4405.0996
32786,3374.16
32787,9734.921
32788,6913.5356
32789,6597.972
32790,6655.7183
32791,6846.111
32792,4169.108
32793,3233.1458
32794,5737.8003
32795,5718.4644
32796,5715.623
32797,5825.95
32798,6146.171
32799,4172.259
32800,3235.5894
32801,8457.634
32802,6624.88
32803,6536.7476
32804,6640.779
32805,6870.2026
32806,4184.7705
32807,3245.293
32808,5827.2617
32809,5743.232
32810,5711.5195
32811,5982.9404
32812,7007.3154
32813,4519.975
32814,3363.2786
32815,10730.096
32816,7162.772
32817,6948.653
32818,6867.255
32819,6959.458
32820,4294.901
32821,3218.0063
32822,6081.9346
32823,5784.581
32824,5744.629
32825,5851.094
32826,6172.697
32827,4190.267
32828,3252.0117
32829,8317.336
32830,6587.0874
32831,6499.457
32832,6633.4097
32833,6197.002
32834,5455.057
32835,9685.679
32836,7706.045
32837,7636.856
32838,7717.0337
32839,8045.2305
32840,5583.2295
32841,4938.777
32842,6072.197
32843,6168.924
32844,6311.4756
32845,6665.4766
32846,7043.937
32847,5590.605
32848,4945.3013
32849,9143.717
32850,7521.799
32851,7598.1885
32852,7770.7974
32853,8101.2803
32854,5608.027
32855,4960.7124
32856,6170.819
32857,6240.921
32858,6412.614
32859,7092.315
32860,8184.3115
32861,6384.18
32862,5383.07
32863,12132.004
32864,7945.0225
32865,7993.0674
32866,8016.155
32867,8178.9194
32868,5777.6113
32869,4950.6484
32870,6227.9097
32871,6262.979
32872,6411.4575
32873,6731.8096
32874,7145.365
32875,5636.761
32876,4982.6313
32877,9006.468
32878,7517.467
32879,7593.8125
32880,7802.2124
32881,8920.71
32882,6295.1406
32883,11309.357
32884,9891.154
32885,9921.9375
32886,10000.213
32887,10435.745
32888,8619.646
32889,6194.7324
32890,8342.3545
32891,8106.8457
32892,8208.218
32893,8732.393
32894,9247.622
32895,8631.032
32896,6202.9155
32897,10784.74
32898,9770.604
32899,9872.305
32900,10050.69
32901,10488.42
32902,8657.928
32903,6222.245
32904,8482.856
32905,8219.429
32906,8450.78
32907,9260.588
32908,10552.699
32909,9780.71
32910,7157.3223
32911,13897.358
32912,8914.73
32913,10144.29
32914,10262.255
32915,10514.291
32916,8891.43
32917,6128.153
32918,8369.004
32919,8070.9087
32920,8252.113
32921,8801.401
32922,9324.552
32923,8713.673
32924,6173.2207
32925,10491.422
32926,9668.834
32927,9795.656
32928,10074.405
32929,5839.831
32930,5617.739
32931,9031.706
32932,7370.0776
32933,7116.3364
32934,7193.479
32935,7314.4526
32936,5440.357
32937,5259.0405
32938,6089.0625
32939,6157.5137
32940,6133.217
32941,6339.8213
32942,6575.75
32943,5415.7944
32944,5265.988
32945,8539.201
32946,7103.716
32947,7052.4614
32948,7233.874
32949,7351.3745
32950,5464.52
32951,5282.398
32952,6169.271
32953,6215.75
32954,6218.5605
32955,6671.118
32956,7512.836
32957,6043.871
32958,6005.1177
32959,11002.212
32960,7527.2676
32961,7404.4834
32962,7473.257
32963,7430.5615
32964,5621.668
32965,5258.7393
32966,6262.8774
32967,6188.7617
32968,6164.342
32969,6363.5884
32970,6600.4014
32971,5467.9663
32972,5292.7124
32973,8397.55
32974,7086.973
32975,7035.8394
32976,7250.1753
32977,8132.2393
32978,6611.9517
32979,10530.4795
32980,9347.151
32981,9123.437
32982,9080.976
32983,9179.185
32984,7939.394
32985,6253.8936
32986,8135.591
32987,8037.553
32988,8127.9897
32989,8478.197
32990,8640.208
32991,7939.394
32992,6253.8936
32993,9991.165
32994,9082.934
32995,9020.352
32996,9170.862
32997,9264.811
32998,7964.1343
32999,6273.382
33000,8247.22
33001,8083.2427
33002,8271.562
33003,8746.088
33004,9744.108
33005,8693.898
33006,6850.3438
33007,11954.372
33008,9719.762
33009,9538.911
33010,9442.022
33011,9363.561
33012,8018.9
33013,6377.8687
33014,8499.15
33015,8192.223
33016,8211.091
33017,8510.126
33018,8687.044
33019,7878.766
33020,6419.07
33021,9849.206
33022,9051.912
33023,8991.498
33024,9159.77
33025,5908.253
33026,5402.375
33027,9121.235
33028,6865.866
33029,6596.078
33030,6659.306
33031,6876.4897
33032,5583.1655
33033,5130.067
33034,5811.0596
33035,5791.51
33036,5768.657
33037,5888.191
33038,6215.981
33039,5557.9585
33040,5136.8438
33041,8261.328
33042,6634.2197
33043,6586.352
33044,6696.702
33045,6911.2017
33046,5607.963
33047,5245.654
33048,5882.981
33049,5841.692
33050,5871.321
33051,6152.811
33052,7220.2666
33053,6159.5693
33054,5914.5283
33055,10406.216
33056,7040.0146
33057,6925.1777
33058,6893.5903
33059,7003.2935
33060,5659.9766
33061,5129.7734
33062,5976.94
33063,5820.901
33064,5797.9326
33065,5910.265
33066,6239.284
33067,5611.4995
33068,5162.913
33069,8124.285
33070,6627.231
33071,6579.414
33072,6720.563
33073,6985.1143
33074,6295.3506
33075,11453.282
33076,9846.078
33077,9508.31
33078,9479.026
33079,9398.625
33080,6706.418
33081,5936.543
33082,8203.06
33083,7994.8516
33084,7940.7954
33085,8063.7603
33086,8116.8804
33087,6711.486
33088,5941.0293
33089,10623.976
33090,9497.822
33091,9366.874
33092,9432.346
33093,9411.04
33094,6731.6104
33095,5958.8438
33096,8321.827
33097,8068.715
33098,8059.3545
33099,8412.003
33100,9116.069
33101,7429.1934
33102,6551.166
33103,12837.86
33104,10225.431
33105,9907.914
33106,9741.023
33107,9604.844
33108,6857.005
33109,6238.897
33110,8462.08
33111,8099.944
33112,7988.2656
33113,8105.8403
33114,8151.91
33115,6740.451
33116,5971.179
33117,10447.745
33118,9443.644
33119,9313.441
33120,9421.88
33121,9390.266
33122,7513.954
33123,14900.507
33124,11513.751
33125,11133.168
33126,11214.588
33127,11381.857
33128,9154.782
33129,7208.2183
33130,10333.402
33131,10043.532
33132,10025.749
33133,10204.425
33134,10438.044
33135,9161.7
33136,7213.6655
33137,13744.047
33138,11108.126
33139,11053.318
33140,11173.516
33141,11430.856
33142,9189.171
33143,7235.2954
33144,10330.899
33145,9952.76
33146,9978.118
33147,10607.958
33148,11768.18
33149,10062.267
33150,7807.587
33151,16469.996
33152,11656.141
33153,11395.587
33154,11378.992
33155,11507.351
33156,9397.567
33157,7549.953
33158,10613.534
33159,10094.498
33160,10076.625
33161,10248.463
33162,10483.09
33163,9201.238
33164,7250.2725
33165,13583.964
33166,11114.749
33167,11004.626
33168,11175.701
33169,6518.312
33170,5755.5874
33171,10131.392
33172,8202.035
33173,7829.556
33174,7863.6836
33175,7878.6084
33176,6198.6865
33177,5265.887
33178,6651.428
33179,6651.3774
33180,6639.9487
33181,6869.1743
33182,7135.8843
33183,6203.371
33184,5269.8667
33185,9184.535
33186,7725.319
33187,7642.9697
33188,7808.637
33189,7912.527
33190,6221.972
33191,5285.6694
33192,6720.5825
33193,6647.959
33194,6686.898
33195,7154.258
33196,8434.699
33197,7043.091
33198,5947.8335
33199,11327.363
33200,8553.597
33201,8278.547
33202,8214.836
33203,8168.652
33204,6412.32
33205,5534.09
33206,6865.552
33207,6731.726
33208,6686.5664
33209,6912.1772
33210,7144.2886
33211,6230.1436
33212,5296.611
33213,9083.263
33214,7734.7856
33215,7614.0835
33216,7815.0747
33217,3464.76
33218,3461.6545
33219,4547.0547
33220,3879.242
33221,3842.8125
33222,3861.0452
33223,4073.5798
33224,3158.2388
33225,3043.1907
33226,2896.393
33227,2923.1404
33228,2975.2327
33229,3108.8381
33230,3362.0532
33231,3158.2388
33232,3043.1907
33233,4332.328
33234,3763.807
33235,3792.0142
33236,3883.985
33237,4097.782
33238,3168.082
33239,3052.6755
33240,2939.5571
33241,2941.5854
33242,3000.875
33243,3277.7349
33244,3750.9824
33245,3461.7634
33246,3480.429
33247,5124.902
33248,3974.8599
33249,3982.1501
33250,4018.1482
33251,4193.906
33252,3222.6174
33253,3048.45
33254,2998.4597
33255,2976.9036
33256,3054.438
33257,3132.198
33258,3424.889
33259,3179.9395
33260,3068.1465
33261,4305.192
33262,3771.5342
33263,3793.8848
33264,3891.2354
33265,5872.7603
33266,5354.949
33267,9350.28
33268,7141.686
33269,6907.1616
33270,6985.2676
33271,7189.4043
33272,5532.1797
33273,5080.8955
33274,6080.1426
33275,6089.3354
33276,6066.5176
33277,6202.785
33278,6519.133
33279,5507.2026
33280,5087.6074
33281,8706.288
33282,6942.863
33283,6889.5547
33284,7016.9336
33285,7225.6953
33286,5556.75
33287,5103.4624
33288,6155.3936
33289,6142.098
33290,6174.481
33291,6554.4033
33292,7588.527
33293,6130.6846
33294,5776.2446
33295,10936.062
33296,7322.829
33297,7200.0205
33298,7179.4067
33299,7242.8696
33300,5608.2837
33301,5080.605
33302,6260.4404
33303,6120.238
33304,6097.3037
33305,6226.039
33306,6543.572
33307,5560.255
33308,5113.4272
33309,8561.865
33310,6935.549
33311,6882.297
33312,7041.9355
33313,4948.883
33314,3661.8489
33315,9718.714
33316,7773.147
33317,7418.353
33318,7488.605
33319,7561.9956
33320,4593.6187
33321,3270.0986
33322,6275.764
33323,6275.7163
33324,6263.684
33325,6445.494
33326,6631.575
33327,4597.0903
33328,3129.7637
33329,8865.171
33330,7339.6743
33331,7278.417
33332,7436.1836
33333,7594.5513
33334,4610.8755
33335,3139.15
33336,6341.0127
33337,6272.49
33338,6269.195
33339,6701.731
33340,7537.067
33341,5099.72
33342,3331.366
33343,11662.946
33344,8065.3066
33345,7824.2114
33346,7763.996
33347,7750.353
33348,4825.0835
33349,3436.6711
33350,6473.7256
33351,6347.536
33352,6303.697
33353,6481.77
33354,6670.425
33355,4616.9316
33356,3289.1804
33357,8761.91
33358,7344.0513
33359,7246.3525
33360,7437.6377
33361,3692.725
33362,3304.2888
33363,5526.9683
33364,4501.525
33365,4354.0205
33366,4333.3574
33367,4416.6157
33368,3283.841
33369,2962.387
33370,3747.1985
33371,3636.1008
33372,3631.65
33373,3657.2444
33374,3881.6665
33375,3269.0132
33376,2966.301
33377,5236.7397
33378,4345.233
33379,4328.251
33380,4353.003
33381,4438.912
33382,3298.4277
33383,2975.5464
33384,3793.5806
33385,3662.551
33386,3682.78
33387,3878.2097
33388,4500.9453
33389,3649.4238
33390,3535.304
33391,6217.303
33392,4568.9062
33393,4509.3467
33394,4482.748
33395,4513.0815
33396,3321.9534
33397,2962.2175
33398,3321.76
33399,3654.5554
33400,3650.082
33401,3670.9563
33402,3896.22
33403,3300.5083
33404,2981.357
33405,5149.8643
33406,4323.143
33407,4306.2476
33408,4350.89
33409,11655.295
33410,10544.379
33411,16075.517
33412,12677.867
33413,12690.315
33414,12821.549
33415,13237.541
33416,11314.601
33417,10599.382
33418,11733.516
33419,11033.475
33420,11182.962
33421,11363.05
33422,12024.445
33423,10995.656
33424,10607.392
33425,15034.105
33426,12401.359
33427,12557.096
33428,12731.802
33429,13294.527
33430,11357.102
33431,10639.196
33432,11525.628
33433,10763.325
33434,11018.332
33435,11654.051
33436,12824.68
33437,12043.28
33438,10987.06
33439,17622.693
33440,12893.434
33441,13002.252
33442,12997.454
33443,13428.474
33444,11653.706
33445,10585.218
33446,12080.196
33447,11178.089
33448,11239.709
33449,11412.087
33450,12076.337
33451,11372.016
33452,10661.218
33453,14784.727
33454,12408.754
33455,12501.78
33456,12734.291
33457,6548.3984
33458,5372.2773
33459,8209.47
33460,6651.7075
33461,6583.4316
33462,6720.5566
33463,6974.0635
33464,6155.646
33465,5096.462
33466,5341.227
33467,5322.892
33468,5457.009
33469,5846.882
33470,6217.7124
33471,4833.3013
33472,5103.195
33473,7701.2764
33474,6498.67
33475,6537.153
33476,6754.4814
33477,7009.2676
33478,6182.9854
33479,5119.098
33480,5427.979
33481,5393.627
33482,5497.907
33483,6063.301
33484,7028.4478
33485,6783.1987
33486,5730.001
33487,9895.787
33488,6802.072
33489,6814.5205
33490,6938.004
33491,7158.838
33492,6303.6187
33493,5096.1704
33494,5443.191
33495,5349.9053
33496,5484.7026
33497,5868.8013
33498,6241.022
33499,6186.885
33500,5129.0933
33501,7573.523
33502,6469.0405
33503,6507.3477
33504,6754.7583
33505,5215.9717
33506,5443.741
33507,8915.207
33508,7276.529
33509,6929.274
33510,6976.059
33511,6949.541
33512,4884.9062
33513,5199.485
33514,5882.3076
33515,5897.645
33516,5888.129
33517,6047.781
33518,6191.897
33519,4888.598
33520,5203.414
33521,8212.156
33522,6913.7466
33523,6821.7715
33524,6951.3643
33525,6968.405
33526,4903.258
33527,5364.2637
33528,5980.0537
33529,5944.8726
33530,5889.8813
33531,6284.5576
33532,7013.8086
33533,5385.3965
33534,5680.919
33535,10520.25
33536,7543.439
33537,7317.942
33538,7279.132
33539,7211.746
33540,5023.098
33541,5192.536
33542,6080.154
33543,5983.4883
33544,5923.33
33545,6079.3423
33546,6218.62
33547,4909.6973
33548,5229.8213
33549,8075.929
33550,6874.306
33551,6782.856
33552,6943.651
33553,10947.061
33554,10480.811
33555,14137.648
33556,12782.892
33557,12332.501
33558,12307.391
33559,12316.538
33560,10686.343
33561,10024.611
33562,10839.788
33563,10670.75
33564,10665.215
33565,10877.153
33566,11245.456
33567,10694.418
33568,10032.187
33569,13178.448
33570,12178.388
33571,12141.253
33572,12221.241
33573,12369.56
33574,10726.483
33575,10062.267
33576,10276.074
33577,10006.596
33578,10176.929
33579,10745.499
33580,12218.025
33581,11163.279
33582,10459.471
33583,15702.415
33584,12965.894
33585,12672.476
33586,12576.153
33587,12663.97
33588,10799.141
33589,10495.625
33590,11206.409
33591,10811.013
33592,10751.394
33593,10956.765
33594,11260.429
33595,10700.285
33596,10045.275
33597,13004.509
33598,12195.184
33599,12097.226
33600,12233.195
33601,6226.811
33602,5785.398
33603,9158.782
33604,7489.0977
33605,7147.2666
33606,7214.952
33607,7256.097
33608,5861.814
33609,5514.0728
33610,6141.5005
33611,6141.4536
33612,6154.2607
33613,6332.8955
33614,6559.732
33615,5866.2437
33616,5518.2397
33617,8441.597
33618,7159.473
33619,7064.2295
33620,7217.354
33621,7279.604
33622,5883.834
33623,5534.7866
33624,6253.3687
33625,6193.876
33626,6159.6753
33627,6561.49
33628,7443.2515
33629,6467.973
33630,5837.865
33631,10509.68
33632,7791.563
33633,7558.65
33634,7500.478
33635,7494.793
33636,6043.5254
33637,5488.256
33638,6352.333
33639,6228.51
33640,6185.492
33641,6360.227
33642,6588.0425
33643,5891.5615
33644,5546.244
33645,8301.563
33646,7118.631
33647,7023.9307
33648,7209.3457
33649,2572.5466
33650,3099.0813
33651,6317.4688
33652,4947.4385
33653,4784.153
33654,4790.7563
33655,4864.039
33656,2313.985
33657,2799.009
33658,3936.1619
33659,3799.7268
33660,3785.357
33661,3835.499
33662,3936.113
33663,2317.045
33664,2802.71
33665,5928.649
33666,4770.0137
33667,4760.963
33668,4817.6606
33669,4888.5938
33670,2324.2673
33671,2811.4456
33672,3984.8823
33673,3827.367
33674,3838.6506
33675,4067.2314
33676,4604.1426
33677,2530.6077
33678,3079.007
33679,7354.1377
33680,5008.8066
33681,4953.492
33682,4954.584
33683,4963.131
33684,2342.6833
33685,2800.7227
33686,4051.711
33687,3822.011
33688,3807.557
33689,3852.9028
33690,3980.726
33691,2327.558
33692,2818.8218
33693,5834.876
33694,4745.9683
33695,4736.9634
33696,4815.529
33697,9917.34
33698,10445.643
33699,18345.219
33700,14907.046
33701,14139.63
33702,14101.787
33703,14503.197
33704,11331.772
33705,9959.122
33706,12438.898
33707,12139.504
33708,11966.179
33709,12129.505
33710,12438.009
33711,10933.777
33712,9959.122
33713,17439.512
33714,14551.955
33715,14120.076
33716,14191.09
33717,14586.805
33718,11365.748
33719,9988.983
33720,11926.551
33721,11623.269
33722,11613.816
33723,12195.125
33724,12737.777
33725,11503.269
33726,10058.198
33727,20022.43
33728,14896.685
33729,14345.529
33730,14403.575
33731,14643.635
33732,11561.078
33733,10932.839
33734,12929.811
33735,12331.571
33736,12088.518
33737,12203.712
33738,12567.064
33739,11502.139
33740,10455.65
33741,17037.047
33742,14392.232
33743,14028.249
33744,14227.369
33745,8655.393
33746,7199.938
33747,12998.631
33748,11361.63
33749,10954.205
33750,10945.912
33751,11090.056
33752,8123.657
33753,6538.5806
33754,9570.835
33755,9269.266
33756,9264.368
33757,9475.275
33758,9764.52
33759,8129.7964
33760,6543.522
33761,11996.633
33762,10860.713
33763,10820.575
33764,10905.824
33765,11137.798
33766,8154.173
33767,6563.143
33768,9554.044
33769,9156.957
33770,9211.02
33771,9877.88
33772,11255.511
33773,9085.272
33774,7002.465
33775,14795.306
33776,11674.331
33777,11345.744
33778,11217.434
33779,11195.17
33780,8339.116
33781,6848.573
33782,9901.197
33783,9375.338
33784,9323.547
33785,9528.6
33786,9821.721
33787,8164.882
33788,6576.7285
33789,11856.901
33790,10867.188
33791,10772.908
33792,10907.957
33793,6178.8994
33794,4656.978
33795,8320.018
33796,6448.2983
33797,6354.527
33798,6407.6
33799,6636.707
33800,5762.9375
33801,4397.5303
33802,5220.491
33803,5254.773
33804,5353.254
33805,5588.046
33806,6035.4775
33807,5767.293
33808,4400.8535
33809,7501.8804
33810,6206.117
33811,6249.302
33812,6362.745
33813,6665.28
33814,5784.5864
33815,4414.051
33816,5286.602
33817,5281.4106
33818,5357.1357
33819,5733.462
33820,6891.796
33821,6285.6426
33822,4492.941
33823,9342.846
33824,6644.1743
33825,6629.8867
33826,6598.5386
33827,6857.345
33828,5954.094
33829,4391.653
33830,5535.3677
33831,5336.2925
33832,5387.2515
33833,5619.2876
33834,6070.61
33835,5792.1836
33836,4423.1885
33837,7423.909
33838,6209.587
33839,6221.539
33840,6363.7524
33841,7673.861
33842,6678.924
33843,12559.755
33844,10536.437
33845,10166.616
33846,10079.394
33847,10071.148
33848,7409.556
33849,6334.0493
33850,8500.854
33851,8393.658
33852,8319.518
33853,8401.739
33854,8554.869
33855,7415.1553
33856,6338.836
33857,11756.165
33858,10117.457
33859,10028.093
33860,10042.479
33861,10114.505
33862,7437.3896
33863,6357.8433
33864,8594.313
33865,8411.281
33866,8441.951
33867,8713.116
33868,9701.71
33869,8378.628
33870,7220.983
33871,13985.794
33872,10774.336
33873,10492.223
33874,10321.229
33875,10316.8
33876,7550.551
33877,6634.346
33878,8769.275
33879,8503.991
33880,8386.743
33881,8463.234
33882,8566.26
33883,7447.1567
33884,6371.004
33885,11600.997
33886,10131.41
33887,9991.728
33888,10052.301
33889,8655.954
33890,6114.683
33891,11848.909
33892,9945.539
33893,10003.971
33894,10116.975
33895,10603.467
33896,8484.07
33897,6124.898
33898,8256.184
33899,8123.464
33900,8268.414
33901,8796.861
33902,9255.299
33903,8495.276
33904,6132.989
33905,11293.049
33906,9857.053
33907,9987.088
33908,10168.041
33909,10656.989
33910,8521.749
33911,6152.1006
33912,8294.274
33913,8133.1777
33914,8350.697
33915,9222.308
33916,10662.835
33917,9619.182
33918,6979.8
33919,14568.925
33920,8944.514
33921,10257.137
33922,10337.603
33923,10654.407
33924,8665.991
33925,6059.069
33926,8317.232
33927,8102.223
33928,8318.502
33929,8872.64
33930,9362.122
33931,8576.617
33932,6103.629
33933,11106.124
33934,9806.079
33935,9904.598
33936,10191.333
33937,7831.3267
33938,7634.0884
33939,9290.632
33940,7787.4917
33941,7808.473
33942,7896.596
33943,8164.6016
33944,7328.461
33945,7066.2446
33946,6444.277
33947,6514.6636
33948,6721.6147
33949,7210.405
33950,7586.9204
33951,5754.2153
33952,7075.5786
33953,8802.8545
33954,7678.9346
33955,7754.1313
33956,7936.4565
33957,8205.814
33958,7361.0083
33959,7002.1777
33960,6552.8154
33961,6605.1377
33962,6830.3135
33963,7541.065
33964,8401.988
33965,8095.078
33966,7440.54
33967,11649.35
33968,8041.832
33969,8087.553
33970,8104.271
33971,8231.094
33972,7549.694
33973,7065.8403
33974,6593.0146
33975,6573.367
33976,6755.725
33977,7237.435
33978,7615.362
33979,7365.6504
33980,7111.485
33981,8656.829
33982,7668.512
33983,7743.6064
33984,7962.3115
33985,4524.6553
33986,4173.855
33987,8429.922
33988,6254.293
33989,5964.7183
33990,5915.3013
33991,5962.6304
33992,4104.296
33993,3823.7175
33994,5012.363
33995,5024.009
33996,4991.4985
33997,5027.6953
33998,5190.7334
33999,4107.398
34000,3826.6077
34001,7425.892
34002,5922.7314
34003,5860.7964
34004,5879.1724
34005,5912.7686
34006,4119.715
34007,3838.083
34008,5082.5244
34009,5051.1914
34010,5017.132
34011,5310.857
34012,5981.5483
34013,4545.693
34014,4328.02
34015,9137.039
34016,6403.69
34017,6212.259
34018,6117.267
34019,6098.9673
34020,4198.2124
34021,3818.6072
34022,5324.74
34023,5084.0034
34024,5021.3403
34025,5053.9336
34026,5213.136
34027,4125.126
34028,3846.0288
34029,7302.7065
34030,5888.9434
34031,5827.362
34032,5872.6484
34033,4474.8955
34034,4497.46
34035,9078.924
34036,7470.5986
34037,7117.6196
34038,7125.2744
34039,7195.7505
34040,4142.105
34041,4245.682
34042,6170.089
34043,6236.315
34044,6226.2524
34045,6354.145
34046,6616.847
34047,4145.2354
34048,4248.891
34049,8365.564
34050,7101.67
34051,7007.1953
34052,7100.0513
34053,7235.937
34054,4157.666
34055,4261.6323
34056,6272.616
34057,6286.2544
34058,6228.106
34059,6552.5654
34060,7457.179
34061,4494.754
34062,4442.288
34063,11036.927
34064,7744.626
34065,7513.1157
34066,7431.1353
34067,7400.939
34068,4324.846
34069,4240.008
34070,6377.613
34071,6327.087
34072,6263.4746
34073,6387.3047
34074,6645.4043
34075,4163.127
34076,4270.4546
34077,8226.793
34078,7061.1577
34079,6967.222
34080,7092.173
34081,3448.9346
34082,3586.2686
34083,8252.365
34084,6870.2554
34085,6684.1753
34086,6743.2935
34087,6835.2603
34088,3319.8845
34089,3276.919
34090,5407.556
34091,5538.0664
34092,5510.744
34093,5716.572
34094,5823.1445
34095,3300.5334
34096,3276.919
34097,7931.402
34098,6661.905
34099,6603.5376
34100,6787.185
34101,6875.8667
34102,3330.2314
34103,3287.132
34104,5467.262
34105,5584.284
34106,5556.061
34107,5917.44
34108,6415.66
34109,3444.3774
34110,3508.8152
34111,10626.205
34112,7046.9614
34113,6914.98
34114,7021.506
34115,7001.737
34116,3391.9485
34117,3411.4807
34118,5647.417
34119,5651.7334
34120,5586.6016
34121,5764.147
34122,5892.028
34123,3329.1262
34124,3433.522
34125,7841.7607
34126,6659.503
34127,6595.21
34128,6799.153
34129,6165.465
34130,6416.7373
34131,9135.741
34132,7181.5093
34133,6928.1836
34134,7016.9067
34135,7131.693
34136,5723.6646
34137,6041.6465
34138,5887.219
34139,5839.5527
34140,5834.4526
34141,6011.8403
34142,6253.339
34143,5697.823
34144,6049.627
34145,8390.616
34146,6940.161
34147,6893.8403
34148,7048.716
34149,7167.693
34150,5749.0854
34151,6068.4795
34152,5960.083
34153,5890.1514
34154,5938.287
34155,6327.8716
34156,7131.21
34157,6323.473
34158,6492.9824
34159,10717.71
34160,7363.6626
34161,7226.6465
34162,7234.0947
34163,7233.529
34164,5843.4585
34165,6041.301
34166,6088.0986
34167,5877.6973
34168,5872.5645
34169,6043.1274
34170,6285.8823
34171,5752.7114
34172,6080.328
34173,8263.393
34174,6942.9023
34175,6896.563
34176,7084.087
34177,6913.8057
34178,6412.0083
34179,9596.255
34180,7613.6626
34181,7513.66
34182,7601.9653
34183,7809.3374
34184,6357.934
34185,6013.59
34186,6130.971
34187,6112.467
34188,6254.3525
34189,6575.1855
34190,7004.2485
34191,6362.739
34192,6018.1343
34193,8969.417
34194,7398.483
34195,7410.8213
34196,7588.5776
34197,7866.9697
34198,6381.818
34199,6036.18
34200,6249.8145
34201,6206.8926
34202,6321.9717
34203,6977.377
34204,8143.09
34205,7287.2944
34206,6453.3804
34207,11138.053
34208,7959.3047
34209,7940.1514
34210,7896.943
34211,8042.806
34212,6678.281
34213,6005.553
34214,6359.7354
34215,6262.1606
34216,6291.7427
34217,6609.4985
34218,7034.477
34219,6390.199
34220,6048.6753
34221,8820.63
34222,7356.2773
34223,7368.5454
34224,7580.157
34225,2677.9492
34226,2944.0854
34227,6120.53
34228,4551.5503
34229,4396.5864
34230,4387.5327
34231,4537.1543
34232,2429.8428
34233,2682.2446
34234,3847.7793
34235,3739.7136
34236,3722.4695
34237,3758.823
34238,3950.3616
34239,2433.0557
34240,2685.7913
34241,5746.531
34242,4403.537
34243,4378.523
34244,4415.4487
34245,4576.5093
34246,2440.6396
34247,2694.1626
34248,3906.9722
34249,3778.1023
34250,3774.878
34251,3950.4258
34252,4463.5596
34253,2646.8105
34254,2938.9165
34255,7078.0493
34256,4609.7983
34257,4541.61
34258,4513.6543
34259,4605.1836
34260,2458.0466
34261,2682.0913
34262,3969.377
34263,3769.8542
34264,3741.3623
34265,3772.916
34266,3965.1724
34267,2442.177
34268,2699.4238
34269,5651.1997
34270,4377.9004
34271,4353.032
34272,4410.0312
34273,7811.8477
34274,7743.0454
34275,10310.937
34276,7974.4565
34277,7985.432
34278,8038.128
34279,8449.048
34280,7527.619
34281,7251.5312
34282,6609.795
34283,6700.4653
34284,6785.878
34285,7265.3843
34286,7769.693
34287,7537.563
34288,7261.11
34289,9845.693
34290,7904.1167
34291,7948.881
34292,8094.1284
34293,8507.91
34294,7561.051
34295,7283.737
34296,6717.1475
34297,6789.5034
34298,6943.346
34299,7588.527
34300,8958.96
34301,8484.135
34302,8485.462
34303,12169.656
34304,8228.104
34305,8241.047
34306,8222.588
34307,8490.044
34308,7711.8315
34309,7251.116
34310,6762.3525
34311,6760.8433
34312,6820.314
34313,7292.6206
34314,7798.82
34315,7565.8193
34316,7297.9575
34317,9698.241
34318,7899.8354
34319,7944.5757
34320,8127.1294
34321,7555.918
34322,4908.321
34323,9925.714
34324,8361.153
34325,8415.759
34326,8437.097
34327,8807.07
34328,7254.8516
34329,4820.106
34330,7016.659
34331,6973.1987
34332,7161.857
34333,7527.756
34334,7943.7876
34335,7264.435
34336,4826.4736
34337,9349.112
34338,8267.247
34339,8376.312
34340,8518.052
34341,8917.026
34342,7287.0723
34343,4841.5146
34344,7157.766
34345,7098.4937
34346,7330.901
34347,7796.5513
34348,8956.475
34349,8107.263
34350,5441.5557
34351,12113.852
34352,8659.703
34353,8738.258
34354,8688.784
34355,8876.449
34356,7452.6143
34357,4819.83
34358,7201.676
34359,7067.869
34360,7198.2007
34361,7555.9756
34362,7973.567
34363,7291.668
34364,4850.9683
34365,9204.434
34366,8228.425
34367,8336.977
34368,8517.23
34369,4858.8965
34370,5490.1304
34371,8774.371
34372,7330.964
34373,6981.1113
34374,7028.2466
34375,7041.4316
34376,4553.031
34377,5246.7197
34378,5906.309
34379,5917.1353
34380,5900.7847
34381,6060.78
34382,6250.5957
34383,4556.472
34384,5250.6846
34385,8016.5063
34386,6980.8315
34387,6887.9644
34388,7018.8145
34389,7052.4146
34390,4570.1357
34391,5266.4297
34392,5997.539
34393,5957.6504
34394,5902.541
34395,6298.0654
34396,7056.5254
34397,4969.5024
34398,5521.7305
34399,10264.819
34400,7591.1187
34401,7364.1963
34402,7325.1416
34403,7230.328
34404,4713.6606
34405,5222.155
34406,6097.932
34407,5996.349
34408,5936.0615
34409,6092.4087
34410,6277.572
34411,4576.138
34412,5277.3315
34413,7883.5244
34414,6941.009
34415,6848.671
34416,7011.026
34417,7425.304
34418,6951.291
34419,10407.317
34420,9236.85
34421,9249.527
34422,9250.25
34423,9551.857
34424,7678.3853
34425,6474.775
34426,7510.3857
34427,7408.3687
34428,7648.9204
34429,7914.7085
34430,8203.771
34431,7678.3853
34432,6474.775
34433,10027.863
34434,9167.486
34435,9223.02
34436,9347.062
34437,9692.351
34438,7702.312
34439,6494.952
34440,7636.535
34441,7478.79
34442,7844.476
34443,8278.128
34444,9342.48
34445,8540.203
34446,7442.3
34447,12355.47
34448,9516.348
34449,9564.748
34450,9485.375
34451,9636.722
34452,7784.15
34453,6545.2383
34454,7813.323
34455,7591.705
34456,7724.899
34457,7945.4165
34458,8220.26
34459,7690.7944
34460,6587.521
34461,9814.491
34462,9076.906
34463,9160.328
34464,9336.815
34465,5557.01
34466,4356.3345
34467,8339.268
34468,7056.795
34469,6725.6807
34470,6791.511
34471,6854.448
34472,5154.3906
34473,4090.998
34474,5759.547
34475,5777.2144
34476,5766.1377
34477,5940.3438
34478,6131.889
34479,5158.286
34480,4094.09
34481,7630.456
34482,6653.878
34483,6598.3433
34484,6743.9688
34485,6883.958
34486,5173.754
34487,4106.367
34488,5819.4297
34489,5774.245
34490,5744.684
34491,6170.5127
34492,7045.0728
34493,5681.2334
34494,4369.452
34495,9505.235
34496,7221.541
34497,7005.665
34498,7028.7563
34499,7017.275
34500,5381.7812
34501,4085.5305
34502,5948.7695
34503,5843.1133
34504,5802.757
34505,5973.5547
34506,6167.5825
34507,5180.549
34508,4114.8687
34509,7551.1484
34510,6657.5977
34511,6569.03
34512,6745.0366
34513,6609.089
34514,6704.953
34515,9049.616
34516,7806.887
34517,7495.515
34518,7491.777
34519,7491.4766
34520,6179.607
34521,6393.76
34522,6444.8916
34523,6488.116
34524,6486.1113
34525,6608.465
34526,6806.0825
34527,6184.277
34528,6398.592
34529,8423.87
34530,7514.1904
34531,7414.229
34532,7500.135
34533,7521.6265
34534,6202.821
34535,6533.3564
34536,6555.8604
34537,6552.4907
34538,6534.79
34539,6839.7734
34540,7586.667
34541,6805.4785
34542,6902.8613
34543,10136.389
34544,8135.8467
34545,7892.643
34546,7754.56
34547,7704.4355
34548,6371.168
34549,6363.825
34550,6661.6567
34551,6591.154
34552,6524.8867
34553,6642.9517
34554,6835.4556
34555,6210.9673
34556,6431.063
34557,8284.131
34558,7471.325
34559,7371.9336
34560,7491.8125
34561,4120.0254
34562,3366.4949
34563,7083.972
34564,5745.358
34565,5506.5513
34566,5497.0947
34567,5555.277
34568,3742.9688
34569,3089.5112
34570,4532.1714
34571,4526.598
34572,4500.941
34573,4557.298
34574,4746.539
34575,3747.9136
34576,3093.593
34577,6629.9116
34578,5514.6196
34579,5476.3228
34580,5527.965
34581,5583.3203
34582,3759.594
34583,3103.2349
34584,4588.267
34585,4565.822
34586,4545.077
34587,4842.0137
34588,5538.5894
34589,4264.556
34590,3638.679
34591,8038.458
34592,5803.039
34593,5709.934
34594,5695.9053
34595,5687.6694
34596,3811.4778
34597,3089.3345
34598,4675.3916
34599,4563.0786
34600,4537.215
34601,4587.9653
34602,4810.809
34603,3761.9653
34604,3109.295
34605,6524.7686
34606,5486.5864
34607,5448.4844
34608,5525.2817
34609,6507.18
34610,5073.883
34611,10752.962
34612,9237.916
34613,8966.766
34614,8913.685
34615,9016.094
34616,5914.963
34617,4463.4365
34618,7805.6216
34619,7790.5225
34620,7747.352
34621,7948.2134
34622,8066.899
34623,5931.4263
34624,4274.3184
34625,10007.588
34626,8955.022
34627,8905.399
34628,8963.738
34629,9061.604
34630,5941.2334
34631,4287.639
34632,7906.899
34633,7850.1196
34634,7991.863
34635,8431.787
34636,9282.872
34637,6718.7495
34638,4727.94
34639,12583.243
34640,9468.003
34641,9302.434
34642,9212.021
34643,9092.814
34644,6065.395
34645,4696.785
34646,8051.587
34647,7830.0566
34648,7786.667
34649,7978.0093
34650,8097.1396
34651,5944.9805
34652,4492.015
34653,9841.581
34654,8932.886
34655,8883.386
34656,8982.901
34657,6408.761
34658,5207.992
34659,8961.507
34660,7751.9497
34661,7495.722
34662,7544.3525
34663,7662.4946
34664,6016.992
34665,4934.539
34666,6383.7964
34667,6479.9214
34668,6500.84
34669,6673.5366
34670,6921.6445
34671,6024.9404
34672,4941.0576
34673,8442.063
34674,7531.9717
34675,7477.6274
34676,7617.1416
34677,7754.1904
34678,6043.7153
34679,4956.4556
34680,6484.089
34681,6566.1606
34682,6606.9272
34683,6960.666
34684,7743.1416
34685,6661.4917
34686,5295.0503
34687,10615.934
34688,7981.2744
34689,7851.086
34690,7806.8125
34691,7772.028
34692,6198.639
34693,4934.2563
34694,6583.752
34695,6538.924
34696,6533.83
34697,6698.5547
34698,6947.5923
34699,6047.5273
34700,4966.1333
34701,8302.023
34702,7488.1265
34703,7434.0986
34704,7607.797
34705,5007.0107
34706,3570.893
34707,8857.387
34708,7417.638
34709,7069.595
34710,7087.392
34711,7175.922
34712,4488.717
34713,3140.1472
34714,5934.4536
34715,6009.352
34716,5997.8306
34717,6134.545
34718,6341.2124
34719,4492.1094
34720,3142.5208
34721,8148.785
34722,6994.121
34723,6935.7476
34724,7037.779
34725,7206.8154
34726,4505.58
34727,3151.945
34728,5996.155
34729,5996.6753
34730,5965.9756
34731,6384.722
34732,7190.927
34733,4917.581
34734,3230.22
34735,10636.213
34736,7577.8076
34737,7351.2837
34738,7334.118
34739,7301.188
34740,4686.7466
34741,3135.9502
34742,6128.7085
34743,6077.1914
34744,6035.2188
34745,6168.1235
34746,6377.382
34747,4511.4976
34748,3158.4707
34749,8063.153
34750,6997.2173
34751,6904.132
34752,7038.074
34753,5139.6177
34754,5398.187
34755,9218.139
34756,6898.708
34757,6595.9834
34758,6570.4087
34759,6668.2173
34760,4811.695
34761,5154.1494
34762,5669.3564
34763,5658.0225
34764,5656.2744
34765,5693.271
34766,5996.1147
34767,4815.3315
34768,5158.045
34769,7999.1914
34770,6622.9277
34771,6534.821
34772,6555.7036
34773,6695.054
34774,4829.771
34775,5173.512
34776,5768.096
34777,5715.274
34778,5688.5537
34779,5884.2773
34780,6911.7354
34781,5233.0947
34782,5398.0894
34783,9646.248
34784,7189.4043
34785,6974.4893
34786,6795.626
34787,6875.5127
34788,4948.01
34789,5147.2617
34790,6020.8613
34791,5747.8794
34792,5690.0894
34793,5722.9824
34794,6021.9927
34795,4836.1143
34796,5184.2217
34797,7866.4966
34798,6585.146
34799,6497.542
34800,6548.429
34801,6813.526
34802,5570.941
34803,10541.061
34804,7824.465
34805,7761.5454
34806,7872.366
34807,8300.788
34808,6445.8447
34809,5296.0605
34810,6353.648
34811,6356.4907
34812,6437.519
34813,6878.556
34814,7362.7427
34815,6454.3594
34816,5071.6714
34817,9786.477
34818,7655.1606
34819,7722.2466
34820,7927.212
34821,8358.618
34822,6474.4727
34823,5087.4766
34824,6456.841
34825,6440.9585
34826,6591.6567
34827,7321.0205
34828,8511.327
34829,7389.04
34830,5799.083
34831,12089.336
34832,8082.826
34833,8120.4966
34834,8158.522
34835,8419.131
34836,6657.5977
34837,5306.2896
34838,6504.214
34839,6441.1616
34840,6527.0903
34841,6933.829
34842,7454.5903
34843,6495.299
34844,5340.57
34845,9621.292
34846,7636.237
34847,7703.157
34848,7944.1587
34849,8906.003
34850,7401.7227
34851,12498.347
34852,11090.215
34853,10714.225
34854,10714.919
34855,10905.086
34856,8531.776
34857,7028.2534
34858,9284.183
34859,9089.347
34860,9074.136
34861,9324.071
34862,9656.447
34863,8538.224
34864,7033.5645
34865,11645.95
34866,10565.751
34867,10548.07
34868,10639.916
34869,10952.032
34870,8563.825
34871,7054.655
34872,9273.377
34873,8980.733
34874,9069.559
34875,9771.619
34876,11131.49
34877,9498.584
34878,7671.336
34879,14176.643
34880,11362.453
34881,11120.645
34882,10999.18
34883,11064.024
34884,8754.525
34885,7358.502
34886,9598.195
34887,9208.824
34888,9147.459
34889,9392.316
34890,9720.614
34891,8542.916
34892,7042.748
34893,11492.236
34894,10580.322
34895,10509.819
34896,10650.323
34897,5597.5576
34898,5469.3433
34899,8203.381
34900,6424.7173
34901,6286.2363
34902,6362.769
34903,6539.354
34904,5237.324
34905,5228.285
34906,5419.536
34907,5117.111
34908,5163.3315
34909,5419.8516
34910,5804.4897
34911,5241.282
34912,5232.2363
34913,7784.261
34914,6217.8193
34915,6197.4746
34916,6345.163
34917,6528.541
34918,5256.999
34919,5247.926
34920,5507.7227
34921,5173.5366
34922,5195.1665
34923,5631.8867
34924,6723.923
34925,5828.073
34926,5716.5444
34927,9684.635
34928,6595.6123
34929,6547.293
34930,6580.255
34931,6636.2827
34932,5421.392
34933,5203.806
34934,5582.729
34935,5199.2417
34936,5194.2007
34937,5448.136
34938,5829.541
34939,5263.9033
34940,5258.7896
34941,7655.1313
34942,6182.348
34943,6162.1196
34944,6338.1226
34945,4262.1406
34946,4315.3765
34947,7930.2896
34948,6188.7676
34949,5986.5938
34950,5959.7134
34951,6086.56
34952,3863.6167
34953,3937.987
34954,4807.855
34955,4855.57
34956,4811.4565
34957,4862.0537
34958,5030.396
34959,3846.1719
34960,3943.1895
34961,7209.93
34962,5992.181
34963,5948.9736
34964,5993.181
34965,6117.2847
34966,3880.778
34967,3955.4785
34968,4867.3623
34969,4897.6436
34970,4877.0054
34971,5203.8013
34972,5910.7837
34973,4367.331
34974,4595.385
34975,9255.263
34976,6212.9756
34977,6111.6567
34978,6137.4365
34979,6169.442
34980,3937.48
34981,3937.7617
34982,5080.8184
34983,4880.212
34984,4835.8745
34985,4880.2817
34986,5049.255
34987,3883.2258
34988,3963.2024
34989,7090.3267
34990,5957.991
34991,5915.031
34992,5986.5254
34993,6959.9224
34994,5668.151
34995,9354.446
34996,7444.451
34997,7377.8706
34998,7543.5396
34999,7887.925
35000,6446.023
35001,5297.859
35002,5893.388
35003,5928.9204
35004,6105.1953
35005,6504.8154
35006,6952.5645
35007,6424.809
35008,5280.4233
35009,8868.097
35010,7233.943
35011,7326.525
35012,7581.6177
35013,7927.741
35014,6444.83
35015,5296.879
35016,5989.107
35017,6007.7075
35018,6187.9883
35019,6916.022
35020,8050.596
35021,7286.0366
35022,5886.141
35023,11818.165
35024,7653.496
35025,7719.92
35026,7821.3164
35027,8039.6924
35028,6639.7144
35029,5286.1333
35030,6048.583
35031,6009.209
35032,6191.495
35033,6558.518
35034,7047.1626
35035,6477.8516
35036,5320.2827
35037,8748.716
35038,7224.124
35039,7316.5806
35040,7606.317
35041,6799.691
35042,5261.825
35043,9410.564
35044,7444.6357
35045,7376.2383
35046,7486.2695
35047,7697.252
35048,6198.042
35049,4775.0073
35050,6091.398
35051,6089.0566
35052,6239.695
35053,6580.2925
35054,6983.489
35055,6202.726
35056,4778.616
35057,8812.607
35058,7230.9766
35059,7272.0054
35060,7469.722
35061,7724.604
35062,6221.325
35063,4792.946
35064,6200.4604
35065,6149.801
35066,6263.0386
35067,6898.695
35068,7943.9165
35069,6966.8633
35070,5041.031
35071,10617.645
35072,7722.9243
35073,7735.1543
35074,7740.2617
35075,7943.6665
35076,6465.931
35077,4752.6504
35078,6303.847
35079,6208.9
35080,6271.36
35081,6608.692
35082,7013.628
35083,6229.496
35084,4802.8677
35085,8666.421
35086,7189.7266
35087,7230.5215
35088,7461.4336
35089,7439.4043
35090,7629.808
35091,9784.115
35092,8148.5986
35093,8086.0493
35094,8113.026
35095,8333.192
35096,7044.011
35097,7125.798
35098,6764.3843
35099,6787.1206
35100,6908.216
35101,7293.664
35102,7701.9814
35103,7049.3345
35104,7131.183
35105,9163.692
35106,7923.9766
35107,7952.5513
35108,8071.6167
35109,8385.048
35110,7070.4717
35111,7152.566
35112,6854.095
35113,6825.5596
35114,7039.1147
35115,7525.681
35116,8659.241
35117,7878.2104
35118,8036.1045
35119,11246.379
35120,8450.603
35121,8446.582
35122,8389.128
35123,8505.021
35124,7353.8223
35125,7097.9995
35126,7017.0205
35127,6953.5723
35128,6986.4204
35129,7370.661
35130,7759.1694
35131,7075.8687
35132,7148.9644
35133,9071.8
35134,7960.406
35135,7949.1763
35136,8105.477
35137,3389.82
35138,2984.8604
35139,6088.842
35140,5075.5093
35141,4839.2617
35142,4829.2964
35143,4961.0483
35144,3040.959
35145,2708.8247
35146,4131.395
35147,3908.9404
35148,3897.127
35149,3932.964
35150,4180.4097
35151,3043.2576
35152,2710.8735
35153,5621.6787
35154,4775.932
35155,4755.385
35156,4795.4883
35157,4982.408
35158,3052.3843
35159,2719.004
35160,4174.3525
35161,3901.542
35162,3886.3015
35163,4080.4595
35164,4799.575
35165,3300.927
35166,2879.04
35167,6445.2793
35168,5220.7
35169,5085.2837
35170,5028.6255
35171,5083.7075
35172,3125.649
35173,2705.204
35174,4262.2217
35175,3948.979
35176,3917.3618
35177,3950.3994
35178,4164.235
35179,3056.3938
35180,2724.6335
35181,5556.8403
35182,4773.099
35183,4728.8057
35184,4790.724
35185,3066.9436
35186,3201.994
35187,6228.8247
35188,5081.4336
35189,4879.062
35190,4864.4707
35191,4970.683
35192,2720.0522
35193,2856.506
35194,4016.8223
35195,3877.592
35196,3862.8062
35197,3913.9739
35198,4091.1855
35199,2723.6487
35200,2860.283
35201,5818.6973
35202,4838.3477
35203,4829.0156
35204,4886.5234
35205,4995.776
35206,2732.138
35207,2869.198
35208,4066.5408
35209,3905.7983
35210,3917.19
35211,4128.011
35212,4749.573
35213,2964.1765
35214,3123.9587
35215,6870.334
35216,5144.464
35217,5087.491
35218,5088.6123
35219,5117.902
35220,2764.913
35221,2856.3425
35222,4148.2256
35223,3908.8435
35224,3893.9385
35225,3940.313
35226,4156.6904
35227,2733.8586
35228,2874.801
35229,5726.417
35230,4813.7515
35231,4804.467
35232,4884.152
35233,6934.041
35234,7384.58
35235,11044.835
35236,8589.667
35237,8351.111
35238,8394.33
35239,8608.867
35240,6637.1313
35241,6869.639
35242,6973.498
35243,7087.25
35244,7049.926
35245,7328.286
35246,7579.3184
35247,6645.8984
35248,6878.714
35249,10299.801
35250,8397.781
35251,8332.406
35252,8457.586
35253,8668.843
35254,6666.6084
35255,6900.149
35256,7074.7285
35257,7163.7695
35258,7257.5024
35259,7758.193
35260,8839.47
35261,7435.077
35262,8114.6436
35263,13180.259
35264,8817.686
35265,8643.942
35266,8618.2
35267,8634.26
35268,6787.457
35269,6869.246
35270,7193.2456
35271,7123.216
35272,7085.702
35273,7355.7583
35274,7607.7314
35275,6670.813
35276,6913.621
35277,10125.952
35278,8377.022
35279,8311.809
35280,8475.667
35281,7546.656
35282,9002.946
35283,11167.135
35284,8958.276
35285,8870.82
35286,8919.119
35287,9114.982
35288,7235.7163
35289,8514.323
35290,7702.7383
35291,7561.3247
35292,7598.9785
35293,7912.829
35294,8282.535
35295,7241.1846
35296,8520.757
35297,10523.13
35298,8777.576
35299,8769.292
35300,8903.421
35301,9171.702
35302,7262.897
35303,8546.306
35304,7804.8916
35305,7578.8706
35306,7780.1416
35307,8334.306
35308,9418.098
35309,8246.417
35310,10092.745
35311,12785.672
35312,9192.134
35313,9146.107
35314,9114.409
35315,9248.609
35316,7519.3887
35317,8474.462
35318,7899.3984
35319,7630.5503
35320,7637.5405
35321,7946.978
35322,8318.279
35323,7272.435
35324,8563.996
35325,10424.345
35326,8823.634
35327,8771.241
35328,8946.554
35329,4081.9663
35330,3756.0955
35331,9009.681
35332,7200.3433
35333,6877.29
35334,6933.4985
35335,6994.8286
35336,3823.4805
35337,3594.5125
35338,5875.814
35339,5891.1343
35340,5861.204
35341,6034.7236
35342,6194.744
35343,3826.3704
35344,3597.2292
35345,8284.677
35346,6814.6177
35347,6757.742
35348,6908.104
35349,7024.9424
35350,3837.845
35351,3608.017
35352,5941.573
35353,5892.7363
35354,5867.5586
35355,6228.064
35356,6939.354
35357,4120.729
35358,3925.2131
35359,10962.252
35360,7393.9395
35361,7208.947
35362,7214.89
35363,7190.406
35364,3985.867
35365,3577.6816
35366,6030.8623
35367,5921.0312
35368,5890.949
35369,6060.7686
35370,6221.4795
35371,3842.886
35372,3615.4866
35373,8197.397
35374,6833.513
35375,6742.6055
35376,6924.484
35377,7807.982
35378,7065.254
35379,9755.835
35380,8400.722
35381,8395.852
35382,8362.836
35383,8678.58
35384,7439.5747
35385,6793.746
35386,7085.6416
35387,7041.754
35388,7229.894
35389,7631.6787
35390,7981.868
35391,7449.402
35392,6802.7207
35393,9217.269
35394,8230.67
35395,8311.269
35396,8421.323
35397,8739.275
35398,7472.615
35399,6823.919
35400,7209.5107
35401,7153.3706
35402,7392.2544
35403,7959.4717
35404,9117.826
35405,8377.206
35406,7634.7075
35407,11499.034
35408,8695.814
35409,8745.254
35410,8646.787
35411,8814.516
35412,7664.161
35413,6793.3574
35414,7253.738
35415,7118.964
35416,7266.583
35417,7660.288
35418,8011.79
35419,7477.328
35420,6837.2427
35421,9064.37
35422,8182.7583
35423,8262.888
35424,8410.992
35425,6413.849
35426,4587.3306
35427,8548.45
35428,6818.025
35429,6705.676
35430,6742.2
35431,6895.3726
35432,6101.5625
35433,4426.1514
35434,5593.085
35435,5579.8276
35436,5672.3477
35437,5914.5737
35438,6256.4946
35439,5157.1494
35440,4429.4966
35441,8004.9385
35442,6551.328
35443,6582.929
35444,6695.0034
35445,6925.0586
35446,6124.4834
35447,4442.7793
35448,5663.9136
35449,5608.1123
35450,5676.4614
35451,6090.544
35452,7145.2627
35453,6719.98
35454,4798.458
35455,9916.734
35456,7010.0967
35457,7015.2603
35458,6994.9883
35459,7183.7495
35460,6315.161
35461,4420.236
35462,5735.8906
35463,5630.9146
35464,5701.1343
35465,5940.1
35466,6283.4966
35467,6132.527
35468,4451.9766
35469,7872.1484
35470,6564.3574
35471,6563.049
35472,6705.6313
35473,5009.17
35474,5510.082
35475,9014.399
35476,7415.9614
35477,7145.89
35478,7165.656
35479,7245.9033
35480,4711.849
35481,5208.3647
35482,6155.112
35483,6286.164
35484,6269.8525
35485,6417.98
35486,6610.558
35487,4718.073
35488,5215.245
35489,8509.16
35490,7172.4663
35491,7111.173
35492,7217.574
35493,7302.142
35494,4732.777
35495,5231.4976
35496,6248.1157
35497,6357.752
35498,6352.103
35499,6748.0547
35500,7476.294
35501,5173.3247
35502,5569.799
35503,11474.866
35504,7591.893
35505,7458.047
35506,7426.381
35507,7370.373
35508,4825.12
35509,5208.067
35510,6354.745
35511,6335.1245
35512,6301.671
35513,6442.04
35514,6635.34
35515,4735.7617
35516,5241.7124
35517,8368.007
35518,7130.7134
35519,7069.777
35520,7208.7197
35521,4935.1978
35522,4148.107
35523,6782.642
35524,5629.33
35525,5502.86
35526,5546.361
35527,5693.0317
35528,4693.636
35529,3988.4001
35530,4390.078
35531,4413.6
35532,4512.6597
35533,4664.9985
35534,5005.8887
35535,4699.837
35536,3993.6692
35537,6411.1885
35538,5428.4604
35539,5465.828
35540,5575.008
35541,5761.1514
35542,4714.4834
35543,4006.1155
35544,4461.904
35545,4472.7744
35546,4561.1465
35547,4857.5664
35548,5855.3315
35549,5186.5464
35550,4456.136
35551,7942.9995
35552,5135.1587
35553,5638.014
35554,5733.1504
35555,5816.106
35556,4831.029
35557,3933.452
35558,4405.289
35559,4379.162
35560,4513.2153
35561,4693.663
35562,5038.0454
35563,4730.317
35564,3962.382
35565,6304.328
35566,5392.7114
35567,5412.9746
35568,5574.0933
35569,1905.7117
35570,2093.7253
35571,4690.5615
35572,3914.3696
35573,3838.9143
35574,3800.1218
35575,3911.7568
35576,1719.6527
35577,1843.5135
35578,2712.519
35579,2712.378
35580,2708.4927
35581,2753.3062
35582,2845.667
35583,1719.6527
35584,1843.5135
35585,4471.307
35586,3813.0452
35587,3787.4048
35588,3821.9307
35589,3950.441
35590,1725.0138
35591,1849.2606
35592,2751.484
35593,2725.9622
35594,2748.265
35595,2919.9268
35596,3194.0435
35597,1799.4329
35598,2068.2275
35599,5230.6343
35600,4001.204
35601,3938.7346
35602,3910.9658
35603,3983.921
35604,1739.4845
35605,1855.3318
35606,2824.2441
35607,2759.6453
35608,2736.5073
35609,2776.961
35610,2887.1182
35611,1716.442
35612,1867.3236
35613,4413.773
35614,3805.1968
35615,3780.4312
35616,3835.265
35617,6493.205
35618,5496.649
35619,9836.813
35620,7930.388
35621,7926.123
35622,8013.1353
35623,8400.153
35624,6418.543
35625,5026.046
35626,6206.5254
35627,6321.5312
35628,6372.037
35629,6884.989
35630,7312.625
35631,6418.543
35632,5026.046
35633,9330.931
35634,7754.449
35635,7845.4116
35636,8076.1294
35637,8466.189
35638,6438.545
35639,5041.7085
35640,6299.009
35641,6403.5063
35642,6488.401
35643,7286.2104
35644,8697.913
35645,7433.269
35646,6124.0396
35647,11718.887
35648,8215.894
35649,8265.576
35650,8283.057
35651,8524.073
35652,6567.2505
35653,5081.516
35654,6480.2183
35655,6516.708
35656,6596.015
35657,6947.8843
35658,7438.269
35659,6442.9067
35660,5114.344
35661,9266.109
35662,7793.4805
35663,7872.6294
35664,8088.6797
35665,6853.8926
35666,5730.8647
35667,8439.013
35668,7091.8887
35669,6985.2876
35670,7036.591
35671,7294.7563
35672,6474.312
35673,5480.8643
35674,5776.906
35675,5834.8813
35676,5960.282
35677,6283.784
35678,6770.2646
35679,6479.2046
35680,5485.0063
35681,7869.641
35682,6881.391
35683,6894.636
35684,7029.7485
35685,7329.761
35686,6498.633
35687,5501.4536
35688,5895.3276
35689,5909.8364
35690,5972.939
35691,6527.078
35692,7561.368
35693,7095.495
35694,5626.7104
35695,9714.97
35696,7359.127
35697,7343.302
35698,7308.734
35699,7423.704
35700,6737.276
35701,5455.203
35702,5970.245
35703,5933.865
35704,5990.5293
35705,6310.904
35706,6799.4834
35707,6507.1675
35708,5512.842
35709,7739.095
35710,6842.1353
35711,6855.3047
35712,7021.948
35713,6179.4536
35714,6760.437
35715,8676.809
35716,7249.194
35717,7106.725
35718,7126.0225
35719,7238.429
35720,5759.6514
35721,6426.323
35722,5871.5674
35723,5909.4194
35724,6002.312
35725,6254.293
35726,6539.647
35727,5764.0044
35728,6431.1797
35729,8206.331
35730,7034.92
35731,7011.9023
35732,7116.4585
35733,7249.719
35734,5781.288
35735,6450.4634
35736,5979.1694
35737,5986.6567
35738,6054.8745
35739,6489.583
35740,7238.3257
35741,6264.1143
35742,6552.1094
35743,10849.5205
35744,7526.334
35745,7471.1973
35746,7401.8564
35747,7474.0337
35748,5902.7437
35749,6396.2363
35750,6057.0117
35751,6012.8438
35752,6038.1953
35753,6286.9316
35754,6567.871
35755,5788.881
35756,6463.8164
35757,8070.2007
35758,6994.7886
35759,6971.902
35760,7108.562
35761,8212.1875
35762,6919.988
35763,12237.268
35764,10813.137
35765,10516.267
35766,10495.585
35767,10707.268
35768,8369.603
35769,6260.214
35770,8831.657
35771,8720.773
35772,8730.27
35773,8987.1
35774,9150.933
35775,8369.603
35776,6260.214
35777,11549.0
35778,10494.034
35779,10445.294
35780,10563.896
35781,10770.874
35782,8395.684
35783,6279.722
35784,8827.0
35785,8635.792
35786,8794.999
35787,9409.128
35788,10534.719
35789,9436.278
35790,7268.1084
35791,14288.943
35792,11054.373
35793,10861.064
35794,10815.952
35795,10854.105
35796,8420.624
35797,6789.8335
35798,9262.098
35799,8911.415
35800,8862.034
35801,9064.422
35802,9230.218
35803,8393.9375
35804,6493.8306
35805,11415.494
35806,10524.726
35807,10466.406
35808,10606.369
35809,7243.989
35810,5315.261
35811,11041.044
35812,9395.014
35813,9064.967
35814,9104.356
35815,9146.805
35816,6941.161
35817,4739.052
35818,7753.318
35819,7817.2144
35820,7798.4478
35821,8056.7646
35822,8285.782
35823,6946.4062
35824,4742.6333
35825,10122.428
35826,8994.166
35827,8944.139
35828,9071.012
35829,9186.183
35830,6967.2354
35831,4756.855
35832,7838.56
35833,7833.6274
35834,7939.1216
35835,8456.747
35836,9397.469
35837,7806.8574
35838,5547.72
35839,12233.241
35840,9647.978
35841,9405.871
35842,9370.386
35843,9359.391
35844,7077.3066
35845,4945.122
35846,8020.95
35847,7906.673
35848,7848.263
35849,8102.107
35850,8290.328
35851,6950.2173
35852,4748.8213
35853,10004.524
35854,8999.529
35855,8904.737
35856,9072.786
35857,3452.6248
35858,3964.8586
35859,6423.3633
35860,5075.3447
35861,4812.847
35862,4800.4355
35863,4848.2017
35864,3089.9268
35865,3622.391
35866,4171.7017
35867,4105.811
35868,4068.1821
35869,4098.799
35870,4265.529
35871,3092.2622
35872,3625.129
35873,5917.395
35874,4794.6514
35875,4735.3506
35876,4767.3843
35877,4822.594
35878,3101.5361
35879,3636.0002
35880,4236.749
35881,4119.11
35882,4073.2456
35883,4272.451
35884,4874.7407
35885,3331.064
35886,3875.3215
35887,6797.376
35888,5220.531
35889,5069.2676
35890,5004.4946
35891,4999.7944
35892,3202.4734
35893,3617.5496
35894,4303.804
35895,4147.8657
35896,4088.8289
35897,4116.4897
35898,4283.939
35899,3105.61
35900,3643.5278
35901,5819.23
35902,4767.298
35903,4708.3354
35904,4762.0938
35905,6398.433
35906,3918.0906
35907,10254.828
35908,8758.167
35909,8557.693
35910,8483.601
35911,8609.664
35912,6109.8906
35913,3587.9692
35914,7511.145
35915,7495.1577
35916,7467.343
35917,7681.147
35918,7863.331
35919,6117.9614
35920,3435.9368
35921,9544.417
35922,8556.975
35923,8487.113
35924,8558.697
35925,8705.822
35926,6137.0264
35927,3446.6453
35928,7608.6025
35929,7574.455
35930,7636.142
35931,8016.9116
35932,8974.389
35933,6859.962
35934,3856.9148
35935,12179.387
35936,9032.042
35937,8876.22
35938,8734.55
35939,8650.251
35940,6294.342
35941,3775.5586
35942,7725.5474
35943,7543.0356
35944,7505.2373
35945,7709.9414
35946,7892.8086
35947,6140.897
35948,3610.9438
35949,9386.093
35950,8507.163
35951,8437.709
35952,8548.197
35953,3452.2427
35954,3269.3533
35955,5877.4844
35956,4746.4893
35957,4599.226
35958,4599.042
35959,4692.8574
35960,3097.9966
35961,2958.467
35962,3963.811
35963,3823.6082
35964,3836.2126
35965,3881.5146
35966,4114.307
35967,3102.0896
35968,2962.3757
35969,5577.4062
35970,4588.731
35971,4576.9326
35972,4624.87
35973,4716.548
35974,3111.7578
35975,2971.609
35976,4012.8738
35977,3851.422
35978,3874.5933
35979,4062.9814
35980,4789.2393
35981,3389.9365
35982,3244.4695
35983,6553.703
35984,4817.5366
35985,4761.117
35986,4755.412
35987,4793.1606
35988,3133.9524
35989,2958.2976
35990,4076.9695
35991,3843.0142
35992,3855.6826
35993,3896.0674
35994,4129.7324
35995,3113.7207
35996,2977.4119
35997,5488.952
35998,4565.404
35999,4553.665
36000,4622.625
36001,1858.5344
36002,1997.4453
36003,3994.774
36004,3039.3406
36005,2912.639
36006,2899.5254
36007,2947.5042
36008,1704.7311
36009,1839.6381
36010,2348.737
36011,2238.3557
36012,2233.9968
36013,2243.2837
36014,2318.271
36015,1706.9856
36016,1842.0708
36017,3785.8984
36018,2927.079
36019,2908.0286
36020,2915.8152
36021,2962.3884
36022,1712.3073
36023,1847.8134
36024,2377.8152
36025,2254.641
36026,2285.6624
36027,2392.275
36028,2618.2134
36029,1871.6995
36030,2171.272
36031,4462.4995
36032,3094.068
36033,3045.7583
36034,3002.0203
36035,3022.057
36036,1732.737
36037,1835.4528
36038,2410.719
36039,2244.9893
36040,2240.6174
36041,2246.9607
36042,2331.1096
36043,1709.7838
36044,1847.3162
36045,3727.366
36046,2913.3809
36047,2894.4194
36048,2915.5857
36049,7064.0815
36050,6594.732
36051,9082.457
36052,7595.0366
36053,7534.4287
36054,7619.4595
36055,7878.06
36056,6503.5127
36057,6127.1943
36058,6098.845
36059,6174.8755
36060,6377.12
36061,6690.1772
36062,7086.297
36063,6512.1035
36064,6135.288
36065,8635.018
36066,7442.591
36067,7503.3477
36068,7679.777
36069,7940.4243
36070,6532.397
36071,6154.407
36072,6211.151
36073,6278.5
36074,6480.249
36075,6972.9326
36076,7870.377
36077,7202.8916
36078,6557.042
36079,11319.652
36080,7827.824
36081,7859.627
36082,7852.6436
36083,8011.0566
36084,6699.845
36085,6126.8438
36086,6249.2544
36087,6248.301
36088,6409.483
36089,6715.258
36090,7112.8623
36091,6536.5166
36092,6166.424
36093,8491.777
36094,7399.266
36095,7459.669
36096,7670.3555
36097,11182.77
36098,10263.537
36099,15710.624
36100,13312.951
36101,13002.922
36102,13110.813
36103,13237.326
36104,10854.737
36105,9617.989
36106,11550.233
36107,11190.559
36108,11135.578
36109,11282.553
36110,11500.011
36111,10869.075
36112,9630.693
36113,14699.087
36114,13080.113
36115,13015.851
36116,13170.243
36117,13304.143
36118,10902.943
36119,9660.703
36120,11342.38
36121,10927.846
36122,11091.378
36123,11728.156
36124,12647.735
36125,11790.66
36126,10479.641
36127,18028.156
36128,13404.635
36129,13207.25
36130,13267.459
36131,13234.878
36132,10965.107
36133,10120.758
36134,11901.099
36135,11247.345
36136,11192.085
36137,11324.847
36138,11543.119
36139,10909.819
36140,9679.564
36141,14455.265
36142,13031.153
36143,12967.131
36144,13181.578
36145,6148.4634
36146,4382.417
36147,9950.406
36148,8372.837
36149,8113.1963
36150,8124.4863
36151,8232.72
36152,5818.3086
36153,3977.0254
36154,6960.7456
36155,7080.973
36156,7111.024
36157,7420.6245
36158,7645.981
36159,5825.9946
36160,3808.5122
36161,9271.546
36162,8090.3
36163,8051.3413
36164,8201.558
36165,8329.903
36166,5844.15
36167,3820.3816
36168,7055.496
36169,7160.388
36170,7227.067
36171,7714.4653
36172,8596.47
36173,6435.3706
36174,4224.4365
36175,11927.143
36176,8641.04
36177,8496.128
36178,8448.218
36179,8354.003
36180,5993.959
36181,4184.95
36182,7184.606
36183,7130.6865
36184,7147.11
36185,7448.443
36186,7674.644
36187,5847.8354
36188,4002.4905
36189,9117.748
36190,8043.205
36191,8004.473
36192,8191.496
36193,4972.4233
36194,4752.084
36195,9514.451
36196,7770.1675
36197,7451.9175
36198,7460.907
36199,7551.1772
36200,4599.6562
36201,4483.1455
36202,6375.691
36203,6424.368
36204,6433.7075
36205,6566.255
36206,6750.0635
36207,4603.1323
36208,4486.5337
36209,8789.138
36210,7457.3354
36211,7371.104
36212,7469.2305
36213,7603.2705
36214,4616.936
36215,4499.988
36216,6481.634
36217,6484.2744
36218,6465.3394
36219,6778.626
36220,7569.825
36221,5052.5264
36222,4742.294
36223,11582.821
36224,8097.58
36225,7846.7363
36226,7722.608
36227,7700.7036
36228,4815.2397
36229,4462.155
36230,6609.139
36231,6526.393
36232,6472.1694
36233,6600.521
36234,6779.195
36235,4623.0
36236,4509.3037
36237,8643.34
36238,7414.7944
36239,7329.055
36240,7460.943
36241,3065.8643
36242,3327.84
36243,7351.382
36244,5419.8306
36245,5194.329
36246,5166.327
36247,5240.8276
36248,2731.9944
36249,2982.862
36250,4199.971
36251,4187.202
36252,4144.7095
36253,4177.105
36254,4312.821
36255,2719.6577
36256,2986.803
36257,6875.8145
36258,5208.9214
36259,5165.8145
36260,5195.3403
36261,5267.2837
36262,2744.1333
36263,2996.112
36264,4251.956
36265,4217.66
36266,4202.007
36267,4365.8027
36268,4955.9263
36269,3053.2988
36270,3492.1255
36271,8778.731
36272,5487.0576
36273,5391.7856
36274,5359.968
36275,5371.545
36276,2782.0017
36277,2982.6912
36278,4319.8696
36279,4208.453
36280,4165.7446
36281,4192.7656
36282,4328.99
36283,2745.8616
36284,3001.963
36285,6761.7524
36286,5182.442
36287,5139.554
36288,5192.8184
36289,5093.736
36290,5633.88
36291,8681.18
36292,7144.336
36293,6819.3447
36294,6890.376
36295,6995.529
36296,4730.7817
36297,5336.374
36298,5890.966
36299,5906.3257
36300,5888.382
36301,6070.0537
36302,6333.3364
36303,4734.357
36304,5340.4067
36305,7947.774
36306,6817.1924
36307,6726.5015
36308,6879.232
36309,7024.5605
36310,4748.554
36311,5356.4204
36312,5985.012
36313,5949.8022
36314,5894.7656
36315,6264.5264
36316,7143.28
36317,5177.7773
36318,5631.602
36319,10252.1875
36320,7395.83
36321,7174.7446
36322,7162.6694
36323,7104.3257
36324,4922.9404
36325,5311.389
36326,6080.415
36327,5983.745
36328,5923.5845
36329,6101.7314
36330,6360.67
36331,4754.7905
36332,5367.509
36333,7815.932
36334,6778.3027
36335,6688.1294
36336,6871.5986
36337,7173.0957
36338,6105.725
36339,11206.409
36340,9467.569
36341,9255.59
36342,9210.124
36343,9274.155
36344,6827.643
36345,5367.34
36346,7933.051
36347,7912.5347
36348,7855.5425
36349,7964.628
36350,8073.881
36351,6836.662
36352,5374.43
36353,10496.286
36354,9330.726
36355,9244.2
36356,9288.912
36357,9358.283
36358,6857.9663
36359,5503.994
36360,8023.368
36361,7987.123
36362,8075.0127
36363,8419.532
36364,9158.572
36365,7761.6714
36366,6568.5728
36367,13105.1
36368,9725.78
36369,9547.304
36370,9413.644
36371,9302.779
36372,6982.283
36373,5647.934
36374,8162.795
36375,7976.4727
36376,7902.5034
36377,8001.6714
36378,8104.1475
36379,6862.2915
36380,5401.705
36381,10322.174
36382,9276.411
36383,9190.389
36384,9277.518
36385,5262.031
36386,4972.2954
36387,9228.669
36388,6786.143
36389,6686.503
36390,6755.0933
36391,7014.0894
36392,4950.9556
36393,4701.209
36394,5724.0303
36395,5687.9463
36396,5769.8076
36397,5916.5938
36398,6191.578
36399,4957.496
36400,4707.4194
36401,8794.613
36402,6675.905
36403,6699.6343
36404,6816.4185
36405,7077.7656
36406,4972.9453
36407,4722.0894
36408,5837.292
36409,5788.312
36410,5873.3315
36411,6083.037
36412,7087.473
36413,5362.499
36414,4923.955
36415,11941.097
36416,6998.719
36417,6995.0283
36418,6950.7407
36419,7135.211
36420,5019.0703
36421,4700.94
36422,5871.9595
36423,5762.218
36424,5799.0884
36425,5938.7744
36426,6214.7896
36427,4976.0815
36428,4731.3096
36429,8648.726
36430,6637.0425
36431,6660.634
36432,6808.056
36433,8786.514
36434,6666.443
36435,11756.288
36436,9701.441
36437,9732.906
36438,9782.595
36439,10139.627
36440,8500.959
36441,6295.2666
36442,8171.387
36443,8062.1914
36444,8206.049
36445,8682.348
36446,9148.122
36447,8512.1875
36448,6303.5825
36449,11065.312
36450,9613.679
36451,9710.569
36452,9831.974
36453,10190.809
36454,8538.712
36455,6323.2256
36456,8309.01
36457,8174.1543
36458,8434.321
36459,9092.338
36460,10433.197
36461,9649.192
36462,7650.584
36463,13965.601
36464,9911.978
36465,9971.154
36466,9948.005
36467,10171.728
36468,8632.424
36469,6294.9062
36470,8359.981
36471,8134.838
36472,8247.691
36473,8714.895
36474,9182.416
36475,8544.098
36476,6335.572
36477,10894.077
36478,9581.037
36479,9677.599
36480,9843.872
36481,4252.264
36482,4605.895
36483,6978.149
36484,5859.248
36485,5658.298
36486,5644.7993
36487,5687.4253
36488,3827.3706
36489,4018.497
36490,4696.422
36491,4772.0703
36492,4759.964
36493,4848.854
36494,4986.112
36495,3827.3706
36496,4018.497
36497,6566.2046
36498,5622.1934
36499,5585.7065
36500,5676.088
36501,5744.147
36502,3839.2988
36503,4031.0208
36504,4748.8306
36505,4780.8184
36506,4807.8687
36507,5064.9854
36508,5890.528
36509,4218.159
36510,4577.8145
36511,7971.3843
36512,5932.3145
36513,5841.079
36514,5877.0303
36515,5882.291
36516,3863.7385
36517,4033.9556
36518,4883.4155
36519,4843.621
36520,4804.146
36521,4885.3726
36522,5031.9463
36523,3790.3179
36524,4038.5144
36525,6464.747
36526,5595.929
36527,5560.8223
36528,5680.973
36529,4337.8403
36530,3944.3105
36531,6702.811
36532,5415.1025
36533,5123.6313
36534,5078.754
36535,5115.188
36536,3968.5364
36537,3683.7815
36538,4320.175
36539,4248.534
36540,4200.628
36541,4216.743
36542,4431.601
36543,3971.536
36544,3686.5657
36545,6131.0527
36546,5079.35
36547,5031.5767
36548,5043.1997
36549,5137.2114
36550,3983.4458
36551,3800.5352
36552,4365.0947
36553,4240.493
36554,4204.8013
36555,4340.299
36556,5090.962
36557,4479.5034
36558,4373.7974
36559,7266.6523
36560,5573.7314
36561,5401.334
36562,5308.725
36563,5314.197
36564,4057.946
36565,3678.8582
36566,4459.959
36567,4294.9214
36568,4225.2627
36569,4238.269
36570,4411.1885
36571,3988.6777
36572,3705.2764
36573,6064.394
36574,5079.7324
36575,5006.801
36576,5041.5596
36577,3957.8376
36578,4676.511
36579,7773.1914
36580,6174.693
36581,5983.734
36582,5959.5205
36583,6108.7544
36584,3639.8872
36585,4329.552
36586,4806.186
36587,4845.0723
36588,4807.497
36589,4860.2173
36590,5048.1187
36591,3623.4521
36592,4335.2715
36593,7040.491
36594,5981.2915
36595,5946.1313
36596,5992.987
36597,6139.591
36598,3656.055
36599,4348.782
36600,4865.6724
36601,4887.055
36602,4872.9927
36603,5141.6187
36604,5950.109
36605,4066.8086
36606,4993.813
36607,9147.982
36608,6198.846
36609,6105.9404
36610,6134.428
36611,6189.104
36612,3709.4744
36613,4329.304
36614,5079.054
36615,4869.661
36616,4831.8955
36617,4878.4385
36618,5067.044
36619,3658.3608
36620,4357.274
36621,6923.698
36622,5951.8174
36623,5916.8306
36624,5991.015
36625,4669.13
36626,5540.856
36627,7600.457
36628,6125.687
36629,5848.862
36630,5820.5845
36631,5924.093
36632,4223.0103
36633,5111.0034
36634,4808.2446
36635,4805.7593
36636,4760.927
36637,4798.078
36638,5045.091
36639,4226.202
36640,5114.866
36641,6819.5073
36642,5851.7583
36643,5773.909
36644,5804.4785
36645,5947.924
36646,4238.8755
36647,5130.204
36648,4875.55
36649,4831.7617
36650,4758.0664
36651,5050.2856
36652,5975.7886
36653,4839.746
36654,5696.579
36655,8232.413
36656,6217.3213
36657,6031.4604
36658,6004.373
36659,6153.926
36660,4350.454
36661,5087.0737
36662,5093.211
36663,4863.1484
36664,4789.39
36665,4823.1187
36666,5066.865
36667,4244.443
36668,5140.824
36669,6706.3794
36670,5818.375
36671,5740.97
36672,5798.0376
36673,3338.9475
36674,3919.8027
36675,7378.3774
36676,5768.135
36677,5454.0063
36678,5471.347
36679,5540.169
36680,3027.889
36681,3631.7053
36682,4826.4873
36683,4627.222
36684,4584.8154
36685,4661.56
36686,4776.816
36687,3030.1775
36688,3634.4502
36689,6794.9453
36690,5437.602
36691,5370.351
36692,5451.9414
36693,5505.2593
36694,3039.2654
36695,3645.3496
36696,4901.7427
36697,4642.209
36698,4588.215
36699,4780.5127
36700,5560.329
36701,3350.4597
36702,4118.379
36703,8208.805
36704,5879.043
36705,5708.7036
36706,5705.388
36707,5667.005
36708,3135.7437
36709,3614.7004
36710,4979.32
36711,4674.6157
36712,4608.0835
36713,4681.6797
36714,4797.4326
36715,3043.2576
36716,3652.8965
36717,6682.2246
36718,5406.5815
36719,5339.714
36720,5445.8916
36721,2747.7288
36722,3030.1719
36723,7337.1475
36724,5747.4243
36725,5481.282
36726,5468.8115
36727,5541.395
36728,2537.3938
36729,2811.8975
36730,4557.4067
36731,4584.5527
36732,4533.4814
36733,4575.243
36734,4704.0933
36735,2540.7488
36736,2815.6152
36737,6934.7554
36738,5508.8574
36739,5457.1597
36740,5500.1626
36741,5607.7007
36742,2548.6682
36743,2824.391
36744,4614.3516
36745,4615.9277
36746,4592.497
36747,4744.8594
36748,5408.3247
36749,2621.8616
36750,3020.6357
36751,9193.51
36752,5778.1235
36753,5671.4497
36754,5671.677
36755,5678.541
36756,2581.3162
36757,2811.7366
36758,4688.0522
36759,4608.356
36760,4556.4893
36761,4592.3965
36762,4721.729
36763,2550.2737
36764,2829.9067
36765,6819.716
36766,5476.7876
36767,5425.391
36768,5493.415
36769,4310.9126
36770,2847.1675
36771,7571.804
36772,5823.9053
36773,5706.199
36774,5727.2583
36775,6007.6157
36776,4088.0022
36777,2729.5872
36778,4437.1553
36779,4413.562
36780,4491.861
36781,4683.761
36782,5024.071
36783,4093.4028
36784,2733.1963
36785,7102.056
36786,5628.396
36787,5667.1396
36788,5756.1694
36789,6037.942
36790,4106.1597
36791,2741.7153
36792,4509.226
36793,4472.216
36794,4534.1084
36795,4873.1504
36796,5806.854
36797,4483.184
36798,3062.5728
36799,9405.314
36800,5862.1772
36801,5878.5215
36802,5951.891
36803,6144.7817
36804,4166.6387
36805,2729.431
36806,4522.39
36807,4436.478
36808,4535.523
36809,4701.868
36810,5070.2593
36811,4109.228
36812,2747.0696
36813,6985.0547
36814,5596.2817
36815,5634.8047
36816,5749.7764
36817,4051.2124
36818,4743.3115
36819,6458.621
36820,5459.815
36821,5295.6157
36822,5230.24
36823,5287.3584
36824,3738.3157
36825,4257.3496
36826,4165.832
36827,4198.8735
36828,4225.3555
36829,4261.291
36830,4503.762
36831,3738.3157
36832,4257.3496
36833,6104.3857
36834,5243.9526
36835,5232.7
36836,5264.285
36837,5318.7705
36838,3749.9663
36839,4270.6177
36840,4211.8306
36841,4206.081
36842,4267.881
36843,4451.238
36844,5304.544
36845,4200.7363
36846,4871.4355
36847,7161.8706
36848,5539.313
36849,5477.9688
36850,5482.417
36851,5470.4756
36852,3813.8638
36853,4319.054
36854,4331.0845
36855,4265.8135
36856,4269.0576
36857,4297.8965
36858,4549.94
36859,3761.3123
36860,4346.9575
36861,6017.078
36862,5225.548
36863,5215.469
36864,5274.9663
36865,6399.9404
36866,5068.644
36867,9857.833
36868,7907.766
36869,7663.6353
36870,7713.3545
36871,7867.195
36872,6108.5796
36873,4785.2983
36874,6446.841
36875,6545.0137
36876,6573.06
36877,6790.306
36878,7030.553
36879,4925.223
36880,4791.62
36881,9133.153
36882,7642.401
36883,7606.404
36884,7748.3203
36885,7906.9067
36886,6135.7095
36887,4741.909
36888,6526.63
36889,6601.7236
36890,6663.163
36891,7174.916
36892,8203.005
36893,6963.581
36894,5404.1787
36895,11738.967
36896,8144.457
36897,8008.7188
36898,7987.115
36899,7949.6616
36900,6292.991
36901,4785.025
36902,6657.1597
36903,6578.228
36904,6606.4165
36905,6815.762
36906,7056.909
36907,6139.579
36908,4815.938
36909,8981.65
36910,7632.29
36911,7596.341
36912,7773.829
36913,4390.4927
36914,4572.774
36915,9865.235
36916,7931.8027
36917,7735.317
36918,7757.7266
36919,7817.5723
36920,4130.296
36921,4322.801
36922,6359.511
36923,6452.3096
36924,6430.732
36925,6547.2803
36926,6598.557
36927,4135.7524
36928,4328.511
36929,9348.524
36930,7850.936
36931,7783.615
36932,7900.552
36933,7957.005
36934,4148.641
36935,4342.001
36936,6452.365
36937,6533.8423
36938,6549.423
36939,6806.4395
36940,7412.737
36941,4575.2173
36942,4658.0312
36943,12753.507
36944,8200.994
36945,8050.4966
36946,7991.901
36947,7903.755
36948,4254.995
36949,4322.553
36950,6562.0537
36951,6525.1294
36952,6469.1763
36953,6577.7324
36954,6623.294
36955,4151.258
36956,4350.479
36957,9193.448
36958,7805.2344
36959,7738.3057
36960,7890.8594
36961,5516.098
36962,4969.3887
36963,8186.1772
36964,6615.017
36965,6487.782
36966,6568.773
36967,6770.071
36968,5151.9575
36969,4692.316
36970,5190.9067
36971,5230.769
36972,5334.8726
36973,5591.2505
36974,5838.4556
36975,4160.4985
36976,4698.5146
36977,7804.862
36978,6392.8813
36979,6430.738
36980,6601.9316
36981,6804.2456
36982,5174.84
36983,4713.157
36984,5275.218
36985,5300.2803
36986,5382.3667
36987,5831.9824
36988,6617.712
36989,5576.7095
36990,5108.0693
36991,10744.556
36992,5992.598
36993,6589.6196
36994,6771.33
36995,6843.3687
36996,5354.2446
36997,4641.8813
36998,5208.2856
36999,5189.352
37000,5273.8594
37001,5625.605
37002,5851.3896
37003,5208.161
37004,4676.0205
37005,7674.7754
37006,6351.521
37007,6369.297
37008,6601.6167
37009,5424.1904
37010,6071.2354
37011,8318.097
37012,6953.4863
37013,6624.937
37014,6683.665
37015,6760.25
37016,5056.3735
37017,5771.9595
37018,5683.206
37019,5631.4785
37020,5614.369
37021,5778.702
37022,5959.327
37023,5060.195
37024,5776.322
37025,7670.0703
37026,6622.8457
37027,6534.74
37028,6672.8555
37029,6788.305
37030,5075.3687
37031,5793.6426
37032,5769.4004
37033,5668.475
37034,5616.0405
37035,6045.9526
37036,6813.9873
37037,5598.3906
37038,6162.014
37039,9442.833
37040,7167.7954
37041,6953.526
37042,6931.1646
37043,6919.8423
37044,5261.755
37045,5744.936
37046,5865.975
37047,5705.296
37048,5647.934
37049,5808.8594
37050,5985.0464
37051,5082.0347
37052,5805.6357
37053,7542.8345
37054,6585.0645
37055,6497.4614
37056,6665.451
37057,8024.248
37058,5381.576
37059,10358.861
37060,8804.038
37061,8794.127
37062,8775.241
37063,9007.928
37064,7630.842
37065,5011.244
37066,7578.921
37067,7479.0757
37068,7557.9507
37069,7960.952
37070,8338.711
37071,7636.6084
37072,5015.0312
37073,9646.8
37074,8561.351
37075,8648.939
37076,8730.452
37077,9063.981
37078,7659.5063
37079,5030.07
37080,7679.4326
37081,7521.4326
37082,7688.1904
37083,8200.361
37084,9446.977
37085,8576.249
37086,5674.648
37087,11692.237
37088,9194.922
37089,9204.969
37090,9035.299
37091,9154.581
37092,7970.837
37093,5004.547
37094,7846.9907
37095,7629.9175
37096,7611.012
37097,8010.789
37098,8392.833
37099,7669.5654
37100,5040.4824
37101,9540.431
37102,8571.842
37103,8616.252
37104,8737.649
37105,5685.939
37106,4414.8677
37107,8404.561
37108,6863.581
37109,6541.5312
37110,6605.207
37111,6603.3486
37112,5301.5293
37113,4167.6245
37114,5588.771
37115,5537.4746
37116,5526.858
37117,5693.5317
37118,5877.2603
37119,5305.5356
37120,4170.7744
37121,7690.2
37122,6471.6943
37123,6417.68
37124,6558.9688
37125,6631.778
37126,5321.445
37127,4183.2817
37128,5646.8784
37129,5534.6284
37130,5506.294
37131,5914.8276
37132,6718.7173
37133,5843.408
37134,4451.2974
37135,9593.875
37136,7015.7285
37137,6806.0044
37138,6828.0728
37139,6809.537
37140,5451.5044
37141,4162.0547
37142,5765.7363
37143,5594.1895
37144,5555.5522
37145,5718.7695
37146,5873.494
37147,5328.434
37148,4191.942
37149,7601.5083
37150,6467.856
37151,6381.8115
37152,6552.453
37153,4212.7144
37154,4424.429
37155,6779.628
37156,5350.39
37157,5124.032
37158,5113.7734
37159,5201.6226
37160,3818.5088
37161,4033.9595
37162,4335.1973
37163,4293.3564
37164,4260.0596
37165,4307.9854
37166,4587.996
37167,3801.2676
37168,4039.2886
37169,6326.55
37170,5120.519
37171,5090.4185
37172,5136.9565
37173,5227.881
37174,3835.4697
37175,4051.8772
37176,4388.8555
37177,4330.5596
37178,4324.9165
37179,4508.336
37180,5339.775
37181,4343.737
37182,4765.638
37183,7750.2344
37184,5411.901
37185,5330.7876
37186,5322.156
37187,5348.1553
37188,3888.4004
37189,4033.7285
37190,4463.76
37191,4315.146
37192,4281.68
37193,4324.1367
37194,4605.197
37195,3837.889
37196,4059.789
37197,6221.598
37198,5095.2856
37199,5065.3335
37200,5135.266
37201,9978.527
37202,8292.36
37203,13622.743
37204,11892.725
37205,12093.35
37206,12139.157
37207,12504.344
37208,10282.79
37209,8179.348
37210,10082.624
37211,9930.506
37212,10081.239
37213,10671.106
37214,11119.595
37215,10282.79
37216,8179.348
37217,13144.807
37218,11824.941
37219,12010.795
37220,12211.268
37221,12578.624
37222,10314.832
37223,8204.836
37224,9600.887
37225,9438.024
37226,9637.549
37227,10584.067
37228,11976.124
37229,10732.91
37230,8672.044
37231,16372.566
37232,12072.433
37233,12193.299
37234,12252.414
37235,12530.166
37236,10351.603
37237,8268.359
37238,10475.934
37239,10163.281
37240,10360.334
37241,10726.504
37242,11283.359
37243,10299.407
37244,8321.771
37245,12961.715
37246,11773.164
37247,11939.594
37248,12213.819
37249,5791.1675
37250,4923.0957
37251,9911.411
37252,8502.962
37253,8369.0205
37254,8360.284
37255,8450.699
37256,5801.6167
37257,4653.9717
37258,7157.5815
37259,7265.3564
37260,7325.945
37261,7651.474
37262,7777.8047
37263,5801.6167
37264,4653.9717
37265,9314.942
37266,8349.749
37267,8279.778
37268,8468.911
37269,8555.669
37270,5819.6963
37271,4668.475
37272,7264.1577
37273,7315.0806
37274,7409.5205
37275,7856.6367
37276,8662.76
37277,6342.6704
37278,5089.578
37279,11968.119
37280,8856.17
37281,8703.382
37282,8683.838
37283,8598.02
37284,5901.1733
37285,4746.2354
37286,7478.9043
37287,7427.982
37288,7415.0986
37289,7695.079
37290,7822.5996
37291,5757.3115
37292,4776.898
37293,9200.273
37294,8337.255
37295,8269.1875
37296,8474.955
37297,6411.8003
37298,4769.1265
37299,8087.839
37300,6653.421
37301,6574.3516
37302,6704.3267
37303,6996.3765
37304,6050.4062
37305,4549.74
37306,5238.4834
37307,5224.536
37308,5344.82
37309,5730.914
37310,6055.9434
37311,4971.3755
37312,4555.7505
37313,7586.197
37314,6471.9966
37315,6516.5464
37316,6738.1694
37317,7031.6934
37318,6077.2783
37319,4569.948
37320,5323.5674
37321,5293.9644
37322,5384.878
37323,6001.7734
37324,6965.0493
37325,6749.793
37326,5192.7886
37327,9728.795
37328,6737.212
37329,6755.9956
37330,6922.1396
37331,7156.981
37332,6206.869
37333,4549.4795
37334,5338.487
37335,5251.0503
37336,5371.9443
37337,5752.399
37338,6078.6465
37339,6081.111
37340,4578.8716
37341,7460.352
37342,6442.489
37343,6486.8354
37344,6738.446
37345,2059.604
37346,2103.7495
37347,5741.1562
37348,4519.22
37349,4366.452
37350,4325.61
37351,4381.2803
37352,1816.9158
37353,1810.8666
37354,3141.3367
37355,3045.2468
37356,3052.5679
37357,3090.2983
37358,3152.9407
37359,1816.9158
37360,1810.8666
37361,5385.9
37362,4353.7007
37363,4324.426
37364,4367.1562
37365,4438.0693
37366,1822.58
37367,1816.5118
37368,3192.8828
37369,3066.6658
37370,3091.746
37371,3271.331
37372,3637.159
37373,1988.2233
37374,2113.2957
37375,6612.4434
37376,4607.244
37377,4535.3154
37378,4517.0957
37379,4555.9375
37380,1833.1853
37381,1817.8314
37382,3279.8462
37383,3106.9556
37384,3080.9053
37385,3113.5752
37386,3181.927
37387,1808.9021
37388,1829.581
37389,5311.019
37390,4340.1787
37391,4311.9326
37392,4377.792
37393,8498.907
37394,6433.2285
37395,14760.83
37396,12981.621
37397,12567.172
37398,12492.78
37399,12494.378
37400,8263.116
37401,6134.7734
37402,10712.641
37403,10583.532
37404,10513.9
37405,10555.91
37406,10570.801
37407,8274.031
37408,6142.8774
37409,13943.388
37410,12685.621
37411,12545.831
37412,12579.344
37413,12573.851
37414,8299.814
37415,6162.02
37416,10166.054
37417,10000.527
37418,10146.709
37419,10482.18
37420,11195.139
37421,8463.751
37422,6245.566
37423,16845.855
37424,13215.44
37425,12940.938
37426,12772.24
37427,12589.57
37428,8347.138
37429,6455.48
37430,11026.185
37431,10651.136
37432,10567.253
37433,10595.48
37434,10610.427
37435,8305.049
37436,6174.0513
37437,13712.1
37438,12611.779
37439,12472.804
37440,12563.912
37441,6808.446
37442,5719.495
37443,8871.734
37444,7219.585
37445,7201.7515
37446,7374.395
37447,7711.0596
37448,6346.259
37449,5380.211
37450,5665.394
37451,5711.988
37452,5881.814
37453,6276.117
37454,6736.2803
37455,6354.642
37456,5387.318
37457,8369.275
37458,7061.259
37459,7151.6313
37460,7411.62
37461,7749.9834
37462,6374.4443
37463,5404.1064
37464,5757.4106
37465,5787.8926
37466,5961.5786
37467,6565.134
37468,7635.4136
37469,7054.258
37470,5878.4546
37471,10897.756
37472,6576.6533
37473,7247.8457
37474,7554.758
37475,7741.945
37476,6623.2627
37477,5322.3843
37478,5725.5483
37479,5715.28
37480,5936.379
37481,6356.6665
37482,6846.659
37483,6415.489
37484,5361.5273
37485,8195.536
37486,7017.4287
37487,7118.319
37488,7459.6763
37489,4812.6313
37490,3772.8403
37491,7849.356
37492,6117.232
37493,6001.928
37494,6073.216
37495,6303.841
37496,4499.494
37497,3559.7612
37498,4868.207
37499,4895.939
37500,5016.457
37501,5174.9927
37502,5509.5356
37503,4505.438
37504,3564.464
37505,7441.952
37506,5936.9844
37507,5972.1416
37508,6104.584
37509,6361.058
37510,4519.479
37511,3575.573
37512,4947.854
37513,4961.5786
37514,5063.6377
37515,5396.025
37516,6345.091
37517,4749.546
37518,3794.9888
37519,10403.894
37520,5486.094
37521,6111.709
37522,6240.391
37523,6425.5264
37524,4637.1772
37525,3521.497
37526,4885.074
37527,4857.738
37528,5017.074
37529,5206.7905
37530,5544.9272
37531,4548.5815
37532,3547.3982
37533,7317.9136
37534,5897.8867
37535,5914.393
37536,6103.5825
37537,8140.31
37538,5627.167
37539,12090.108
37540,9647.224
37541,9745.14
37542,9775.441
37543,10176.8125
37544,7937.32
37545,5611.8423
37546,7777.493
37547,7673.5605
37548,7810.4844
37549,8186.7476
37550,8590.847
37551,7057.8315
37552,5619.2554
37553,11391.643
37554,9570.142
37555,9696.391
37556,9824.784
37557,10228.181
37558,7972.571
37559,5636.7666
37560,7908.483
37561,7776.2544
37562,8023.7583
37563,8581.985
37564,9779.236
37565,9047.562
37566,6335.3965
37567,14206.84
37568,9851.677
37569,9941.043
37570,9930.1455
37571,10180.569
37572,8082.0015
37573,5611.521
37574,7956.997
37575,7742.7056
37576,7850.1196
37577,8217.4375
37578,8623.051
37579,7977.5986
37580,5647.7725
37581,11215.358
37582,9537.646
37583,9663.468
37584,9836.673
37585,8543.038
37586,6950.9863
37587,11700.571
37588,9920.026
37589,9543.734
37590,9439.015
37591,9480.075
37592,8190.949
37593,6470.645
37594,8468.516
37595,8180.7217
37596,8153.5586
37597,8357.303
37598,8640.555
37599,8197.14
37600,6475.5347
37601,10786.017
37602,9414.532
37603,9359.516
37604,9372.942
37605,9520.887
37606,8221.718
37607,6494.952
37608,8579.719
37609,8198.648
37610,8319.629
37611,8792.273
37612,9837.067
37613,9295.17
37614,7320.015
37615,13006.01
37616,10178.986
37617,9920.745
37618,9725.529
37619,9759.492
37620,8413.198
37621,6779.3047
37622,8766.114
37623,8298.833
37624,8229.933
37625,8429.215
37626,8663.099
37627,8212.102
37628,6488.401
37629,10657.232
37630,9439.546
37631,9337.475
37632,9394.081
37633,5112.2764
37634,5178.054
37635,9850.314
37636,7950.6777
37637,7587.7812
37638,7603.4805
37639,7685.1772
37640,4761.231
37641,4882.531
37642,6363.2
37643,6414.724
37644,6411.537
37645,6549.2666
37646,6769.47
37647,4764.829
37648,4886.2207
37649,9061.76
37650,7581.155
37651,7480.3027
37652,7586.4136
37653,7712.2217
37654,4779.1177
37655,4900.873
37656,6462.4106
37657,6452.808
37658,6417.178
37659,6861.951
37660,7726.387
37661,5308.1934
37662,5222.9614
37663,11834.622
37664,8250.469
37665,8003.8394
37666,7884.013
37667,7851.131
37668,4984.3857
37669,4859.6704
37670,6564.683
37671,6488.8896
37672,6444.074
37673,6577.5317
37674,6798.686
37675,4785.3945
37676,4911.018
37677,8911.44
37678,7537.9077
37679,7437.631
37680,7577.9956
37681,6474.145
37682,5326.2236
37683,8404.761
37684,6857.1226
37685,6757.4067
37686,6863.437
37687,7010.779
37688,6036.6865
37689,5028.146
37690,5582.809
37691,5585.637
37692,5690.3174
37693,6048.877
37694,6456.6313
37695,6041.2485
37696,5031.9463
37697,7797.652
37698,6583.6577
37699,6629.469
37700,6815.3916
37701,7040.9614
37702,6059.364
37703,5047.035
37704,5653.5073
37705,5613.9517
37706,5702.4014
37707,6235.167
37708,7279.278
37709,6634.169
37710,5176.212
37711,9819.912
37712,7105.363
37713,7090.083
37714,7115.176
37715,7188.3145
37716,6302.993
37717,5021.4263
37718,5761.421
37719,5672.288
37720,5726.455
37721,6082.695
37722,6478.4263
37723,6067.322
37724,5057.483
37725,7716.607
37726,6587.3384
37727,6600.0176
37728,6816.4707
37729,7002.111
37730,7716.1357
37731,10346.52
37732,8559.701
37733,8259.492
37734,8213.574
37735,8235.256
37736,6643.3
37737,7094.825
37738,7209.401
37739,7241.088
37740,7217.0444
37741,7478.0913
37742,7697.7
37743,6648.3203
37744,7100.1865
37745,9481.685
37746,8110.055
37747,8062.6606
37748,8156.0786
37749,8270.71
37750,6668.2554
37751,7121.4766
37752,7288.664
37753,7241.647
37754,7316.183
37755,7744.944
37756,8715.493
37757,7405.6133
37758,7866.587
37759,11364.058
37760,8866.972
37761,8642.013
37762,8512.976
37763,8474.276
37764,6978.0225
37765,7456.162
37766,7453.2466
37767,7336.273
37768,7275.3633
37769,7532.8267
37770,7707.949
37771,6677.013
37772,7136.2183
37773,9356.534
37774,8121.24
37775,8033.4224
37776,8164.056
37777,7815.522
37778,7419.0464
37779,11426.463
37780,9842.642
37781,9883.525
37782,9918.21
37783,10252.735
37784,7593.0664
37785,7340.6543
37786,8056.5723
37787,7829.131
37788,7970.1606
37789,8319.97
37790,8692.838
37791,7603.096
37792,7350.351
37793,10929.534
37794,9787.9795
37795,9854.637
37796,9989.107
37797,10326.023
37798,7626.7886
37799,7373.256
37800,8179.403
37801,7950.4883
37802,8201.6045
37803,8826.276
37804,9983.411
37805,8623.142
37806,8344.996
37807,13995.1875
37808,8785.701
37809,10089.05
37810,10102.617
37811,10341.843
37812,7814.173
37813,7244.7837
37814,8078.2866
37815,7790.545
37816,7956.2534
37817,8344.511
37818,8726.906
37819,7657.95
37820,7298.062
37821,10746.083
37822,9722.357
37823,9769.104
37824,9963.474
37825,11775.13
37826,9619.521
37827,18794.71
37828,15046.427
37829,14584.802
37830,14668.781
37831,14620.943
37832,11870.921
37833,9511.783
37834,13319.34
37835,12840.529
37836,12667.22
37837,12828.325
37838,12802.89
37839,11469.121
37840,9524.348
37841,17837.902
37842,14829.097
37843,14582.59
37844,14748.573
37845,14692.178
37846,11922.24
37847,9552.905
37848,12787.599
37849,12274.743
37850,12330.16
37851,13007.536
37852,13378.886
37853,12218.036
37854,9838.08
37855,20777.998
37856,15093.771
37857,14696.508
37858,14811.527
37859,14615.031
37860,12016.891
37861,10009.573
37862,13668.75
37863,12905.6875
37864,12731.498
37865,12876.413
37866,12850.882
37867,11931.159
37868,9572.679
37869,17542.018
37870,14763.773
37871,14518.352
37872,14751.458
37873,4086.014
37874,4327.8467
37875,7795.28
37876,6265.1836
37877,5953.2026
37878,5976.039
37879,6034.4873
37880,3686.956
37881,3931.2424
37882,5023.798
37883,5099.7837
37884,5054.04
37885,5144.9053
37886,5255.3945
37887,3691.827
37888,3936.436
37889,7359.485
37890,5959.452
37891,5916.481
37892,6010.298
37893,6089.2603
37894,3703.3328
37895,4019.8235
37896,5086.5693
37897,5144.572
37898,5129.69
37899,5401.9834
37900,6175.559
37901,4075.663
37902,4579.8325
37903,9897.723
37904,6310.7773
37905,6207.864
37906,6245.22
37907,6254.329
37908,3786.87
37909,3961.8037
37910,5167.8105
37911,5126.261
37912,5079.689
37913,5164.194
37914,5275.097
37915,3734.6907
37916,3987.3997
37917,7237.4004
37918,5924.76
37919,5882.0386
37920,6002.9243
37921,4149.3853
37922,4083.1733
37923,6961.3965
37924,5470.392
37925,5280.106
37926,5247.0547
37927,5281.224
37928,3757.9663
37929,3778.1636
37930,4136.415
37931,4108.025
37932,4151.0757
37933,4237.8447
37934,4471.0723
37935,3760.8064
37936,3781.019
37937,6459.7793
37938,5237.479
37939,5199.1177
37940,5228.445
37941,5253.33
37942,3772.0847
37943,3792.3577
37944,4210.3364
37945,4144.3535
37946,4178.524
37947,4392.273
37948,5111.686
37949,4202.576
37950,4209.927
37951,7956.1245
37952,5581.201
37953,5517.787
37954,5471.707
37955,5469.0254
37956,3871.8481
37957,3760.473
37958,4263.844
37959,4166.953
37960,4172.1436
37961,4256.1357
37962,4490.37
37963,3777.039
37964,3800.209
37965,6352.6177
37966,5207.6
37967,5169.457
37968,5222.6426
37969,5128.3154
37970,4159.1377
37971,6653.7954
37972,5582.6543
37973,5421.8164
37974,5429.771
37975,5690.7627
37976,4768.917
37977,3910.1338
37978,4269.5996
37979,4285.288
37980,4381.4683
37981,4500.4473
37982,4941.887
37983,4775.217
37984,3915.2996
37985,6289.397
37986,5348.512
37987,5385.3296
37988,5457.816
37989,5736.531
37990,4790.098
37991,3927.5017
37992,4339.4546
37993,4342.742
37994,4428.546
37995,4679.403
37996,5818.325
37997,5324.075
37998,4497.9277
37999,7805.8003
38000,5638.8423
38001,5654.5645
38002,5674.561
38003,5853.5225
38004,4860.083
38005,3909.9102
38006,4351.616
38007,4307.5376
38008,4403.705
38009,4517.32
38010,4960.4146
38011,4793.1196
38012,3935.1707
38013,6185.0615
38014,5317.376
38015,5353.979
38016,5451.1196
38017,6275.219
38018,5664.0327
38019,8933.934
38020,7561.9526
38021,7244.5347
38022,7258.5757
38023,7261.6846
38024,5936.8433
38025,5425.3184
38026,6304.1235
38027,6374.712
38028,6363.2305
38029,6504.5117
38030,6665.3813
38031,5941.3296
38032,5429.4185
38033,8257.861
38034,7228.253
38035,7132.094
38036,7232.832
38037,7256.9556
38038,5959.145
38039,5445.699
38040,6402.413
38041,6404.1904
38042,6339.555
38043,6680.6826
38044,7489.6333
38045,6474.7383
38046,5684.475
38047,10273.184
38048,7806.001
38049,7572.6562
38050,7496.4805
38051,7433.631
38052,6084.337
38053,5399.9175
38054,6503.7363
38055,6440.0005
38056,6395.5225
38057,6532.584
38058,6694.1475
38059,5966.9717
38060,5456.9727
38061,8120.8765
38062,7187.0186
38063,7091.4087
38064,7224.8066
38065,5265.39
38066,4895.9854
38067,7841.9478
38068,6207.455
38069,6092.38
38070,6091.7466
38071,6385.7026
38072,4751.3677
38073,4513.7876
38074,4910.934
38075,4932.6426
38076,4972.727
38077,5156.456
38078,5576.7734
38079,4761.9033
38080,4517.199
38081,7044.5757
38082,5952.1465
38083,5980.858
38084,6049.102
38085,6413.195
38086,4769.2173
38087,4530.745
38088,4973.1255
38089,4949.7324
38090,4995.3994
38091,5349.635
38092,6511.29
38093,5281.567
38094,4777.1074
38095,8608.366
38096,6318.5713
38097,6323.2256
38098,6306.6074
38099,6572.4834
38100,4934.892
38101,4507.7554
38102,5174.5435
38103,4977.805
38104,4997.9634
38105,5178.711
38106,5600.8423
38107,4775.481
38108,4540.1245
38109,6927.7144
38110,5953.2705
38111,5952.084
38112,6047.8213
38113,6765.8687
38114,5862.401
38115,10673.987
38116,8602.12
38117,8390.752
38118,8464.373
38119,8620.954
38120,6468.7256
38121,5198.5674
38122,7175.169
38123,7283.2085
38124,7285.5293
38125,7600.3047
38126,7806.5522
38127,6477.2705
38128,5205.4346
38129,10032.646
38130,8439.222
38131,8382.896
38132,8539.299
38133,8692.356
38134,6497.455
38135,5221.6562
38136,7268.2676
38137,7360.264
38138,7490.8623
38139,8036.319
38140,9026.789
38141,7334.377
38142,6192.7476
38143,12514.497
38144,7861.734
38145,8561.946
38146,8694.993
38147,8659.712
38148,6677.3887
38149,5295.5957
38150,7353.9136
38151,7282.8335
38152,7315.967
38153,7638.7427
38154,7833.119
38155,6515.6016
38156,5069.224
38157,9842.407
38158,8369.843
38159,8312.173
38160,8528.677
38161,6015.2075
38162,4197.34
38163,10855.224
38164,9156.887
38165,8959.738
38166,8906.699
38167,9041.79
38168,5743.6045
38169,3878.624
38170,7543.2515
38171,7512.27
38172,7469.986
38173,7586.638
38174,7777.3076
38175,5751.192
38176,3714.2793
38177,10113.309
38178,8976.563
38179,8907.421
38180,8965.773
38181,9132.491
38182,5769.1143
38183,3725.855
38184,7629.1313
38185,7583.086
38186,7726.918
38187,8070.3315
38188,8837.927
38189,6520.7124
38190,4237.7397
38191,12740.827
38192,9406.625
38193,9242.128
38194,9128.285
38195,9060.792
38196,5889.679
38197,4081.4055
38198,7767.181
38199,7572.974
38200,7514.642
38201,7621.924
38202,7806.463
38203,5772.7524
38204,3903.4592
38205,9945.548
38206,8924.31
38207,8855.57
38208,8954.774
38209,6322.3633
38210,5889.685
38211,8542.646
38212,6532.5586
38213,6445.6416
38214,6494.481
38215,6842.899
38216,5933.3047
38217,5605.85
38218,5383.3677
38219,5392.1763
38220,5498.8354
38221,5751.998
38222,6174.646
38223,5906.517
38224,5613.2554
38225,7912.7837
38226,6391.601
38227,6415.8193
38228,6527.2646
38229,6877.441
38230,5959.6567
38231,5630.748
38232,5470.804
38233,5463.832
38234,5570.1655
38235,6004.001
38236,7152.511
38237,6591.4556
38238,6359.0137
38239,10212.906
38240,6689.565
38241,6687.5996
38242,6694.818
38243,6917.7173
38244,6033.25
38245,5605.5293
38246,5486.136
38247,5419.541
38248,5526.7417
38249,5773.562
38250,6197.794
38251,5963.4155
38252,5641.742
38253,7781.522
38254,6376.536
38255,6400.6973
38256,6541.974
38257,3553.471
38258,4387.227
38259,5907.65
38260,5022.7056
38261,4838.4814
38262,4847.0273
38263,5006.9536
38264,3170.2832
38265,3800.4192
38266,3938.329
38267,3891.495
38268,3909.6453
38269,3996.653
38270,4216.7793
38271,3170.2832
38272,3800.4192
38273,5639.0093
38274,4810.612
38275,4787.636
38276,4882.2
38277,5064.0967
38278,3180.164
38279,3812.2634
38280,4000.9292
38281,3916.8872
38282,3957.1958
38283,4227.96
38284,5058.8535
38285,3489.215
38286,4055.4695
38287,6785.4053
38288,5107.8164
38289,5028.074
38290,5076.555
38291,5176.321
38292,3221.2837
38293,3979.8945
38294,4106.716
38295,3965.2747
38296,3950.0828
38297,4023.725
38298,4270.491
38299,3197.9307
38300,4005.6072
38301,5568.609
38302,4802.57
38303,4771.315
38304,4882.726
38305,5604.5405
38306,4898.9614
38307,8447.774
38308,6700.6636
38309,6630.051
38310,6716.603
38311,6931.9644
38312,5195.2954
38313,4571.5396
38314,5353.4683
38315,5333.906
38316,5439.4126
38317,5752.794
38318,5986.9478
38319,5202.1587
38320,4577.5786
38321,8090.107
38322,6546.949
38323,6571.756
38324,6750.5073
38325,6966.956
38326,5218.37
38327,4591.844
38328,5444.697
38329,5409.0366
38330,5514.304
38331,6052.975
38332,6845.5103
38333,5695.5522
38334,5099.1704
38335,10976.114
38336,6832.666
38337,6830.659
38338,6904.099
38339,7043.541
38340,5329.649
38341,4571.278
38342,5455.666
38343,5360.975
38344,5467.017
38345,5774.3604
38346,6009.3926
38347,5221.6616
38348,4600.8105
38349,7962.5015
38350,6529.581
38351,6554.3223
38352,6763.7134
38353,6885.9673
38354,5376.994
38355,13218.466
38356,11344.089
38357,10988.978
38358,10974.481
38359,10918.74
38360,6369.236
38361,4989.6274
38362,8852.116
38363,8662.983
38364,8647.645
38365,8770.739
38366,8781.998
38367,6374.0493
38368,4993.3984
38369,12231.316
38370,10872.206
38371,10818.5625
38372,10897.662
38373,10965.745
38374,6393.162
38375,5008.372
38376,8841.813
38377,8563.082
38378,8625.881
38379,9173.225
38380,9991.146
38381,7030.432
38382,5170.6113
38383,14956.162
38384,11656.707
38385,11339.178
38386,11204.635
38387,11039.664
38388,6560.145
38389,4982.9595
38390,9138.085
38391,8762.42
38392,8703.183
38393,8820.402
38394,8833.747
38395,6401.5586
38396,5018.74
38397,12089.267
38398,10879.0625
38399,10771.274
38400,10900.167
38401,4429.847
38402,5459.3154
38403,7286.7593
38404,6180.768
38405,6011.2153
38406,6059.8784
38407,6169.3477
38408,4089.461
38409,4893.404
38410,4811.9014
38411,4904.689
38412,4924.082
38413,5095.3926
38414,5211.61
38415,4089.461
38416,4893.404
38417,6836.2383
38418,5934.4937
38419,5941.3354
38420,6104.805
38421,6229.3594
38422,4102.2056
38423,4908.6533
38424,4857.9604
38425,4950.068
38426,4973.6377
38427,5295.4946
38428,5954.1455
38429,4551.372
38430,5636.4116
38431,8791.233
38432,6325.965
38433,6264.305
38434,6361.677
38435,6393.76
38436,4160.7407
38437,5019.434
38438,4999.995
38439,4991.8413
38440,4979.4814
38441,5134.517
38442,5277.991
38443,4081.8298
38444,5051.8613
38445,6750.894
38446,5924.573
38447,5921.082
38448,6105.463
38449,7251.7593
38450,6553.978
38451,10029.757
38452,8325.638
38453,8392.129
38454,8405.771
38455,8786.857
38456,6999.5
38457,6174.44
38458,6888.6147
38459,6856.4033
38460,6972.6133
38461,7308.518
38462,7639.347
38463,7008.746
38464,6182.596
38465,9482.517
38466,8252.2
38467,8353.716
38468,8464.332
38469,8848.073
38470,7030.5864
38471,6201.8623
38472,7004.636
38473,6948.1626
38474,7137.1914
38475,7630.98
38476,8672.8545
38477,7854.6885
38478,7188.1426
38479,12168.739
38480,8594.3545
38481,8664.693
38482,8581.47
38483,8779.293
38484,7170.7905
38485,6174.0864
38486,7047.6064
38487,6927.2256
38488,7048.7627
38489,7345.501
38490,7699.984
38491,7035.0205
38492,6213.9717
38493,9325.219
38494,8214.883
38495,8315.939
38496,8464.994
38497,3190.8547
38498,2945.0503
38499,5620.263
38500,4514.3906
38501,4358.2466
38502,4342.034
38503,4430.608
38504,2825.663
38505,2618.638
38506,3631.352
38507,3524.3638
38508,3510.8608
38509,3539.2488
38510,3706.885
38511,2812.9036
38512,2622.1003
38513,5334.7656
38514,4365.5317
38515,4337.1206
38516,4366.419
38517,4452.9746
38518,2838.218
38519,2630.2734
38520,3676.3005
38521,3550.0015
38522,3560.291
38523,3753.087
38524,4355.474
38525,3140.261
38526,3198.8584
38527,6447.062
38528,4581.965
38529,4510.4307
38530,4488.4473
38531,4524.077
38532,2858.4595
38533,2618.488
38534,3735.022
38535,3542.2515
38536,3528.68
38537,3552.5186
38538,3720.7832
38539,2840.0056
38540,2635.41
38541,5246.264
38542,4345.0874
38543,4316.809
38544,4366.0566
38545,7304.915
38546,5830.603
38547,9740.317
38548,7999.5195
38549,8064.545
38550,8143.735
38551,8514.348
38552,6816.243
38553,5399.0317
38554,6519.649
38555,6605.2383
38556,6815.0664
38557,7364.119
38558,7856.337
38559,6825.247
38560,5406.1636
38561,9171.273
38562,7851.662
38563,7967.8726
38564,8184.8423
38565,8557.325
38566,6846.5156
38567,5423.0107
38568,6629.4565
38569,6686.2793
38570,6914.221
38571,7626.8105
38572,8774.555
38573,7648.1035
38574,6169.2534
38575,11747.042
38576,7341.5786
38577,8106.8223
38578,8375.72
38579,8544.008
38580,7212.351
38581,5519.2188
38582,6581.724
38583,6601.875
38584,6870.825
38585,7450.5386
38586,7976.404
38587,6986.1006
38588,5559.809
38589,8971.1455
38590,7794.462
38591,7922.1553
38592,8228.975
38593,8107.0933
38594,6602.1646
38595,10958.614
38596,9207.375
38597,9227.393
38598,9211.459
38599,9558.866
38600,7774.4004
38601,6153.204
38602,7592.5957
38603,7542.108
38604,7627.596
38605,7954.114
38606,8318.771
38607,7784.6694
38608,6161.332
38609,10355.829
38610,9121.871
38611,9183.992
38612,9257.956
38613,9607.116
38614,7808.9277
38615,6180.532
38616,7720.472
38617,7643.0425
38618,7888.075
38619,8473.978
38620,9509.933
38621,8860.31
38622,7355.997
38623,13136.485
38624,9442.473
38625,9468.111
38626,9409.308
38627,9591.451
38628,7950.4805
38629,6152.852
38630,7767.833
38631,7610.0684
38632,7666.3037
38633,7983.9316
38634,8349.956
38635,7813.8525
38636,6192.5996
38637,10181.035
38638,9099.321
38639,9161.289
38640,9277.747
38641,5439.589
38642,4220.86
38643,9649.404
38644,8294.077
38645,8139.0444
38646,8092.4995
38647,8194.716
38648,5397.744
38649,3952.284
38650,6890.547
38651,6875.88
38652,6911.8145
38653,7072.8257
38654,7203.62
38655,5397.744
38656,3952.284
38657,9191.371
38658,8105.029
38659,8052.8696
38660,8156.763
38661,8278.76
38662,5414.5654
38663,3964.6013
38664,6971.556
38665,6901.5645
38666,6990.6665
38667,7388.758
38668,7923.742
38669,5922.1323
38670,4186.699
38671,11900.429
38672,8626.177
38673,8477.356
38674,8361.025
38675,8310.571
38676,5548.022
38677,4072.9658
38678,7177.654
38679,7008.0845
38680,6995.929
38681,7100.3223
38682,7262.925
38683,5412.768
38684,4099.28
38685,9096.024
38686,8108.771
38687,8042.5684
38688,8147.884
38689,7251.607
38690,7132.0537
38691,11358.65
38692,9755.007
38693,9401.79
38694,9339.835
38695,9350.405
38696,6858.679
38697,6322.719
38698,8152.991
38699,8050.1816
38700,7979.0747
38701,8071.6787
38702,8229.414
38703,6863.8623
38704,6327.4976
38705,10401.333
38706,9327.79
38707,9245.399
38708,9274.456
38709,9390.659
38710,6884.444
38711,6346.4707
38712,8242.627
38713,8067.0835
38714,8098.2056
38715,8433.05
38716,9215.15
38717,7671.5625
38718,7382.3477
38719,12514.867
38720,10049.108
38721,9785.982
38722,9614.055
38723,9472.582
38724,7124.7036
38725,6619.808
38726,8410.431
38727,8156.001
38728,8043.5503
38729,8130.758
38730,8263.96
38731,6867.6216
38732,6335.747
38733,10264.046
38734,9340.654
38735,9211.872
38736,9283.527
38737,4712.739
38738,3651.2869
38739,8850.284
38740,7345.0386
38741,7155.7456
38742,7195.709
38743,7341.2915
38744,4515.536
38745,3384.0625
38746,6102.0396
38747,6232.2656
38748,6279.9854
38749,6499.7983
38750,6678.7583
38751,4515.536
38752,3384.0625
38753,8383.48
38754,7087.96
38755,7069.4194
38756,7242.545
38757,7384.9043
38758,4529.6084
38759,3394.6094
38760,6169.412
38761,6242.963
38762,6306.1924
38763,6782.6875
38764,7554.2534
38765,4999.58
38766,3622.2046
38767,11111.803
38768,7623.4575
38769,7499.105
38770,7523.858
38771,7483.0
38772,4599.6167
38773,3453.4712
38774,6392.9424
38775,6362.029
38776,6375.411
38777,6551.316
38778,6790.954
38779,4514.4336
38780,3475.7837
38781,8321.311
38782,7112.4277
38783,7081.4795
38784,7263.7627
38785,4972.7744
38786,4374.9575
38787,6717.6343
38788,5575.061
38789,5414.4414
38790,5422.3853
38791,5649.6797
38792,4632.398
38793,4120.261
38794,4200.2393
38795,4206.4946
38796,4281.1206
38797,4417.1846
38798,4844.4805
38799,3903.0906
38800,4125.7046
38801,6349.0015
38802,5340.6157
38803,5377.379
38804,5449.758
38805,5678.1997
38806,4652.973
38807,4138.562
38808,4268.4634
38809,4262.3965
38810,4327.12
38811,4592.83
38812,5620.092
38813,5171.6665
38814,4731.323
38815,7750.73
38816,5622.6333
38817,5638.31
38818,5684.9575
38819,5829.8413
38820,4720.9546
38821,4120.0254
38822,4280.4263
38823,4227.8433
38824,4302.8477
38825,4433.745
38826,4862.6426
38827,4655.9077
38828,4146.643
38829,6243.6777
38830,5313.467
38831,5350.043
38832,5447.1123
38833,5996.166
38834,4592.6196
38835,8054.183
38836,6490.8584
38837,6396.4683
38838,6449.8916
38839,6647.1157
38840,5547.6885
38841,4302.0024
38842,5279.8643
38843,5271.4204
38844,5370.213
38845,5605.7485
38846,5954.054
38847,5551.8813
38848,4305.254
38849,7580.989
38850,6247.079
38851,6290.549
38852,6404.74
38853,6675.733
38854,5568.5293
38855,4318.164
38856,5346.727
38857,5298.142
38858,5381.617
38859,5840.801
38860,6935.708
38861,6144.688
38862,4463.4917
38863,9466.224
38864,6697.3726
38865,6682.97
38866,6642.09
38867,6798.9907
38868,5751.735
38869,4296.253
38870,5448.7856
38871,5353.1978
38872,5404.318
38873,5637.0894
38874,5988.713
38875,5575.843
38876,4327.1035
38877,7502.1953
38878,6250.572
38879,6262.6025
38880,6405.7544
38881,5107.5825
38882,4550.491
38883,9858.19
38884,7906.8916
38885,7612.007
38886,7672.7627
38887,7812.593
38888,4764.6113
38889,4283.931
38890,6332.9375
38891,6439.196
38892,6475.516
38893,6636.9287
38894,6795.963
38895,4770.9053
38896,4289.5903
38897,9198.001
38898,7637.7666
38899,7597.2607
38900,7750.493
38901,7887.285
38902,4785.7734
38903,4302.9585
38904,6431.701
38905,6511.6133
38906,6551.6655
38907,6931.3164
38908,7798.9014
38909,5306.71
38910,4624.5566
38911,12716.401
38912,7080.453
38913,7834.21
38914,7983.4062
38915,7961.491
38916,4954.574
38917,4146.841
38918,6498.825
38919,6446.921
38920,6490.0723
38921,6657.674
38922,6816.796
38923,4799.14
38924,4177.3403
38925,9006.244
38926,7560.4165
38927,7518.6855
38928,7725.9746
38929,8235.201
38930,6552.397
38931,11312.141
38932,9691.065
38933,9680.903
38934,9606.722
38935,9903.5205
38936,7825.144
38937,6435.309
38938,8024.9062
38939,7903.4834
38940,7942.742
38941,8315.939
38942,8827.775
38943,7831.0576
38944,6159.1816
38945,10575.046
38946,9420.11
38947,9494.037
38948,9539.476
38949,9946.155
38950,7854.5386
38951,6177.6504
38952,8131.332
38953,7948.244
38954,8122.5186
38955,8786.472
38956,10072.003
38957,8976.64
38958,6842.853
38959,13028.282
38960,10036.245
38961,10023.512
38962,9845.12
38963,10060.223
38964,8181.455
38965,6426.709
38966,8297.946
38967,8071.3706
38968,8006.924
38969,8376.807
38970,8886.436
38971,7864.854
38972,6472.855
38973,10435.466
38974,9433.102
38975,9459.608
38976,9548.806
38977,7091.923
38978,5536.482
38979,10296.873
38980,8885.198
38981,8727.464
38982,8677.554
38983,8787.159
38984,7093.215
38985,5184.212
38986,7688.2344
38987,7671.87
38988,7719.345
38989,7979.3564
38990,8206.292
38991,7093.215
38992,5184.212
38993,9808.109
38994,8682.679
38995,8635.059
38996,8746.463
38997,8877.278
38998,7115.3184
38999,5200.3677
39000,7778.6206
39001,7700.5273
39002,7807.408
39003,8293.389
39004,8980.733
39005,7742.72
39006,5463.743
39007,11777.106
39008,9240.965
39009,9090.23
39010,8948.26
39011,8908.39
39012,7290.687
39013,5342.5005
39014,7993.1816
39015,7804.348
39016,7798.269
39017,7994.981
39018,8271.064
39019,7112.957
39020,5377.0146
39021,9687.711
39022,8669.992
39023,8607.438
39024,8720.149
39025,8614.132
39026,5922.2173
39027,11159.99
39028,9485.095
39029,9520.996
39030,9514.623
39031,9854.637
39032,8307.679
39033,5860.511
39034,8043.0596
39035,7924.9966
39036,8033.6904
39037,8490.189
39038,9024.74
39039,8313.957
39040,5609.0435
39041,10635.554
39042,9273.2705
39043,9391.269
39044,9479.776
39045,9897.062
39046,8338.886
39047,5625.863
39048,8149.7256
39049,7969.879
39050,8201.69
39051,8826.925
39052,10137.442
39053,9378.576
39054,6127.732
39055,12739.648
39056,9743.681
39057,9827.53
39058,9725.873
39059,10002.11
39060,8596.051
39061,5833.0728
39062,8280.711
39063,8028.872
39064,8074.458
39065,8526.83
39066,9063.6875
39067,8349.837
39068,5894.7036
39069,10525.087
39070,9290.641
39071,9361.828
39072,9493.7295
39073,6980.479
39074,7334.5654
39075,8694.546
39076,7276.3345
39077,7336.28
39078,7366.058
39079,7633.4404
39080,6548.211
39081,6705.6377
39082,5819.463
39083,5917.9653
39084,6013.618
39085,6430.7563
39086,6845.569
39087,6548.211
39088,6705.6377
39089,8366.37
39090,7220.549
39091,7225.406
39092,7409.8174
39093,7678.788
39094,6568.616
39095,6726.5337
39096,5909.6733
39097,5958.8213
39098,6077.8057
39099,6698.663
39100,7624.5337
39101,7259.2954
39102,7204.0874
39103,10599.705
39104,7523.535
39105,7521.325
39106,7552.3657
39107,7687.2886
39108,6727.387
39109,6762.765
39110,6046.6504
39111,6063.2026
39112,6210.985
39113,6487.9243
39114,6927.2715
39115,6543.4595
39116,6806.4526
39117,8238.517
39118,7209.9507
39119,7237.2695
39120,7419.5273
39121,3138.4373
39122,3282.5852
39123,6266.289
39124,4858.011
39125,4596.415
39126,4555.8984
39127,4700.061
39128,2842.079
39129,2999.4382
39130,4054.4868
39131,3923.581
39132,3903.8428
39133,3930.2263
39134,4194.214
39135,2844.2285
39136,3001.708
39137,5726.9795
39138,4540.7915
39139,4512.1475
39140,4539.2104
39141,4720.2974
39142,2852.7588
39143,3010.7104
39144,4096.645
39145,3916.1548
39146,3892.9988
39147,4092.497
39148,4679.0723
39149,3062.7246
39150,3196.0215
39151,6708.0815
39152,4984.357
39153,4845.289
39154,4779.733
39155,4836.9585
39156,2935.7388
39157,2985.39
39158,4182.879
39159,3963.7695
39160,3924.1125
39161,3947.6494
39162,4177.986
39163,2856.505
39164,3016.9438
39165,5660.927
39166,4538.098
39167,4486.9277
39168,4534.701
39169,8637.818
39170,7645.2007
39171,12328.29
39172,10892.196
39173,10513.118
39174,10524.937
39175,10688.004
39176,8348.436
39177,7198.9907
39178,9225.245
39179,8915.113
39180,8931.829
39181,9135.166
39182,9425.925
39183,8354.744
39184,7204.4307
39185,11605.811
39186,10497.678
39187,10418.013
39188,10500.091
39189,10693.755
39190,8379.795
39191,7226.033
39192,9255.325
39193,8859.161
39194,8883.326
39195,9439.068
39196,10800.253
39197,9344.976
39198,8042.883
39199,14123.969
39200,11231.458
39201,10927.304
39202,10765.749
39203,10860.111
39204,8509.857
39205,7540.288
39206,9543.68
39207,9017.134
39208,8977.154
39209,9174.59
39210,9466.604
39211,8390.8
39212,7240.991
39213,11413.295
39214,10437.795
39215,10358.585
39216,10488.44
39217,3438.314
39218,4454.156
39219,6241.177
39220,5297.7275
39221,5032.935
39222,4996.848
39223,5072.034
39224,3075.0884
39225,4010.237
39226,4060.0059
39227,4085.2812
39228,4043.8225
39229,4083.4734
39230,4289.0215
39231,3061.203
39232,4015.535
39233,5839.7925
39234,5024.2725
39235,4982.6934
39236,5024.9097
39237,5097.6387
39238,3088.748
39239,4028.0493
39240,4110.259
39241,4114.998
39242,4099.7217
39243,4305.6934
39244,4939.644
39245,3335.0386
39246,4338.399
39247,6950.927
39248,4890.431
39249,5204.258
39250,5218.833
39251,5205.425
39252,3147.519
39253,3830.2632
39254,4148.7046
39255,4079.265
39256,4060.246
39257,4084.498
39258,4283.036
39259,3087.39
39260,3858.4346
39261,5730.258
39262,4987.715
39263,4945.3623
39264,5006.734
39265,7995.6753
39266,6349.1045
39267,11701.419
39268,9888.306
39269,9506.016
39270,9440.536
39271,9596.301
39272,7623.8213
39273,5946.024
39274,8340.214
39275,8203.177
39276,8218.88
39277,8438.626
39278,8741.709
39279,7629.5825
39280,5950.5176
39281,10718.681
39282,9493.1045
39283,9408.078
39284,9437.646
39285,9648.778
39286,7652.4595
39287,5968.3604
39288,8489.672
39289,8290.288
39290,8373.556
39291,8774.974
39292,9792.994
39293,8551.369
39294,6647.9907
39295,12775.188
39296,10226.483
39297,9935.83
39298,9742.9375
39299,9729.982
39300,7888.4663
39301,6227.9277
39302,8633.305
39303,8321.612
39304,8268.013
39305,8482.662
39306,8779.436
39307,7662.5093
39308,5980.7153
39309,10540.879
39310,9438.952
39311,9354.411
39312,9427.175
39313,5999.593
39314,4741.3984
39315,8658.093
39316,6536.6787
39317,6470.2314
39318,6478.3457
39319,6802.701
39320,5688.2935
39321,4551.3374
39322,5336.73
39323,5334.6284
39324,5434.605
39325,5633.0312
39326,6118.026
39327,4675.905
39328,4554.7773
39329,7605.9614
39330,6319.1196
39331,6363.091
39332,6432.9956
39333,6831.9883
39334,5709.662
39335,4568.4355
39336,5404.313
39337,5353.111
39338,5437.4517
39339,5799.459
39340,6992.5205
39341,6251.192
39342,4685.285
39343,9191.266
39344,6719.4736
39345,6738.709
39346,6680.6826
39347,6931.4556
39348,5897.5103
39349,4545.255
39350,5623.191
39351,5383.4707
39352,5462.185
39353,5657.343
39354,6144.43
39355,5717.1606
39356,4577.893
39357,7479.789
39358,6331.6875
39359,6343.8745
39360,6443.2075
39361,4467.146
39362,4132.538
39363,6939.427
39364,5358.6284
39365,5204.243
39366,5234.817
39367,5451.4004
39368,4083.9019
39369,3816.444
39370,3992.9758
39371,3977.8828
39372,4048.454
39373,4192.1577
39374,4552.0103
39375,4089.297
39376,3821.486
39377,6477.9443
39378,5137.3877
39379,5172.752
39380,5261.243
39381,5478.9194
39382,4102.0415
39383,3833.3958
39384,4057.8337
39385,4025.1877
39386,4087.3394
39387,4354.4023
39388,5159.92
39389,4526.9004
39390,4410.7173
39391,8213.276
39392,5440.108
39393,5455.276
39394,5483.9233
39395,5620.7456
39396,4158.65
39397,3816.2256
39398,4069.2065
39399,3998.0715
39400,4069.001
39401,4207.875
39402,4569.076
39403,4104.6284
39404,3840.881
39405,6375.2104
39406,5111.2715
39407,5146.4565
39408,5258.6895
39409,6846.359
39410,6606.253
39411,9913.122
39412,8097.7036
39413,8086.196
39414,8127.773
39415,8265.197
39416,6523.1694
39417,6163.448
39418,6555.8413
39419,6580.8955
39420,6650.2993
39421,7056.0815
39422,7431.894
39423,6528.099
39424,6168.106
39425,9257.417
39426,7896.4233
39427,7952.6953
39428,8086.2886
39429,8316.63
39430,6547.674
39431,6186.6016
39432,6642.7866
39433,6614.872
39434,6761.533
39435,7313.0225
39436,8644.808
39437,7425.2124
39438,7047.042
39439,11570.245
39440,8396.564
39441,8422.006
39442,8345.395
39443,8447.267
39444,6757.6777
39445,6132.3335
39446,6787.729
39447,6713.6245
39448,6696.9893
39449,7100.2544
39450,7440.6465
39451,6535.787
39452,6176.3657
39453,9155.341
39454,7906.0996
39455,7922.6387
39456,8092.955
39457,5006.2324
39458,6027.3945
39459,8155.7676
39460,6625.101
39461,6395.5713
39462,6442.6113
39463,6539.616
39464,4725.6494
39465,5717.395
39466,5486.487
39467,5536.487
39468,5514.6406
39469,5635.3955
39470,5762.7837
39471,4731.892
39472,5724.9478
39473,7717.284
39474,6415.868
39475,6369.576
39476,6478.7905
39477,6572.6274
39478,4746.6387
39479,5742.788
39480,5554.392
39481,5584.46
39482,5586.9854
39483,5943.552
39484,6823.151
39485,5243.6978
39486,6179.218
39487,9872.926
39488,5836.1895
39489,6469.54
39490,6568.328
39491,6560.658
39492,4901.9434
39493,5700.7646
39494,5584.524
39495,5519.793
39496,5528.4814
39497,5648.667
39498,5761.668
39499,4810.474
39500,5742.6895
39501,7546.447
39502,6357.473
39503,6310.23
39504,6458.3315
39505,6037.9766
39506,4814.822
39507,9622.339
39508,8217.14
39509,8119.931
39510,8073.4956
39511,8175.472
39512,5906.41
39513,4537.9116
39514,7073.2036
39515,7058.148
39516,7125.669
39517,7365.6855
39518,7575.1704
39519,5906.41
39520,4537.9116
39521,9156.477
39522,8074.258
39523,8045.438
39524,8149.236
39525,8271.12
39526,5924.8164
39527,4552.0537
39528,7166.5854
39529,7141.5835
39530,7206.96
39531,7655.5693
39532,8290.06
39533,6447.2466
39534,4782.6016
39535,11568.138
39536,8562.289
39537,8414.571
39538,8283.151
39539,8246.244
39540,6070.847
39541,4676.471
39542,7385.51
39543,7190.289
39544,7198.5234
39545,7380.109
39546,7634.9624
39547,5922.8496
39548,4706.683
39549,9044.076
39550,8062.461
39551,8019.703
39552,8124.719
39553,6729.396
39554,6229.6626
39555,11167.294
39556,8787.084
39557,8414.619
39558,8441.347
39559,8616.326
39560,6437.4395
39561,5715.0454
39562,7067.916
39563,7174.341
39564,7176.627
39565,7466.987
39566,7687.582
39567,6445.943
39568,5722.5947
39569,10281.731
39570,8400.225
39571,8344.16
39572,8499.84
39573,8695.955
39574,6466.03
39575,5740.4277
39576,7174.7583
39577,7265.5713
39578,7382.531
39579,7872.096
39580,8606.339
39581,7161.0166
39582,6425.532
39583,12778.32
39584,8999.452
39585,8832.003
39586,8800.822
39587,8723.428
39588,6619.985
39589,6013.8135
39590,7290.6387
39591,7220.1704
39592,7213.046
39593,7494.979
39594,7716.401
39595,6470.108
39596,5751.636
39597,10111.177
39598,8351.326
39599,8295.588
39600,8489.412
39601,3201.5876
39602,3294.852
39603,5114.661
39604,4568.1875
39605,4343.749
39606,4329.4155
39607,4384.0396
39608,2835.682
39609,2896.2205
39610,3302.7004
39611,3227.6387
39612,3239.416
39613,3274.297
39614,3398.3064
39615,2839.4314
39616,2900.0498
39617,4813.7056
39618,4338.697
39619,4316.245
39620,4356.962
39621,4434.684
39622,2848.2812
39623,2909.0886
39624,3359.6326
39625,3266.725
39626,3285.1353
39627,3465.9038
39628,3983.651
39629,3144.2
39630,3139.3145
39631,5845.003
39632,4638.367
39633,4572.08
39634,4548.443
39635,4567.2896
39636,2888.3276
39637,2896.0547
39638,3407.0771
39639,3253.6533
39640,3255.858
39641,3286.574
39642,3411.0479
39643,2850.0752
39644,2914.7695
39645,4741.2944
39646,4320.224
39647,4297.8677
39648,4358.4624
39649,2808.439
39650,3456.6387
39651,6378.4404
39652,5059.64
39653,4847.61
39654,4854.301
39655,5000.3525
39656,2473.2676
39657,3056.5747
39658,4029.3215
39659,3889.658
39660,3865.283
39661,3916.4836
39662,4130.9697
39663,2476.5378
39664,3060.613
39665,5946.9766
39666,4846.4956
39667,4824.674
39668,4882.1304
39669,5040.5693
39670,2484.2573
39671,3070.152
39672,4079.6694
39673,3918.4082
39674,3919.7017
39675,4116.1206
39676,4771.1875
39677,2694.1138
39678,3354.9277
39679,7343.5815
39680,4658.684
39681,5059.674
39682,5047.5166
39683,5114.583
39684,2537.5693
39685,3030.062
39686,4117.829
39687,3884.3816
39688,3880.9817
39689,3924.5356
39690,4115.0845
39691,2503.1128
39692,3052.3494
39693,5824.0107
39694,4798.252
39695,4784.9746
39696,4869.633
39697,6966.5576
39698,6685.208
39699,10900.198
39700,8567.428
39701,8571.318
39702,8687.74
39703,9045.215
39704,6714.252
39705,6288.737
39706,6675.3066
39707,6738.0986
39708,6852.304
39709,7255.2256
39710,7532.158
39711,6723.121
39712,6297.0444
39713,10345.414
39714,8469.452
39715,8547.292
39716,8748.266
39717,9108.23
39718,6744.072
39719,6316.667
39720,6787.7354
39721,6828.275
39722,7074.3774
39723,7698.4634
39724,8582.927
39725,7606.389
39726,7461.996
39727,12996.982
39728,8800.395
39729,8845.153
39730,8910.616
39731,9131.15
39732,6866.3247
39733,6288.377
39734,6829.3755
39735,6798.8154
39736,6887.0776
39737,7282.424
39738,7560.3945
39739,6748.325
39740,6329.0005
39741,10186.785
39742,8441.91
39743,8519.498
39744,8760.113
39745,6422.7812
39746,5266.329
39747,11494.561
39748,9733.565
39749,9465.602
39750,9432.337
39751,9601.226
39752,5898.618
39753,4680.653
39754,7875.0474
39755,7886.292
39756,7840.2354
39757,7962.6685
39758,8099.7734
39759,5906.41
39760,4482.333
39761,10876.884
39762,9478.927
39763,9423.569
39764,9485.303
39765,9649.689
39766,5924.8164
39767,4496.3022
39768,7977.2256
39769,7931.3486
39770,8070.4316
39771,8357.454
39772,9162.338
39773,6712.965
39774,4970.982
39775,13668.229
39776,9883.657
39777,9729.046
39778,9683.342
39779,9659.552
39780,6013.991
39781,4931.786
39782,8100.098
39783,7950.018
39784,7903.589
39785,8016.4224
39786,8190.3633
39787,5936.294
39788,4716.773
39789,10679.669
39790,9443.445
39791,9388.295
39792,9493.467
39793,10330.525
39794,7746.399
39795,14485.089
39796,11458.417
39797,11099.061
39798,11208.558
39799,11641.83
39800,10021.084
39801,7338.806
39802,10169.69
39803,9964.956
39804,9971.1455
39805,10283.653
39806,10715.431
39807,10034.321
39808,7348.5005
39809,13585.415
39810,11131.384
39811,11110.097
39812,11259.365
39813,11700.593
39814,10065.588
39815,7371.3994
39816,10208.68
39817,9966.486
39818,10151.2295
39819,10909.892
39820,12234.128
39821,11152.871
39822,8236.458
39823,16620.914
39824,11559.546
39825,11398.849
39826,11446.577
39827,11672.438
39828,10122.988
39829,7722.446
39830,10501.443
39831,10015.523
39832,10021.743
39833,10322.203
39834,10755.599
39835,10071.936
39836,7385.7915
39837,13360.064
39838,11089.717
39839,11068.51
39840,11269.056
39841,6203.14
39842,5294.2065
39843,7929.972
39844,6495.8813
39845,6507.36
39846,6605.6226
39847,6874.66
39848,5885.995
39849,4861.7524
39850,5133.6797
39851,5171.677
39852,5283.179
39853,5702.048
39854,6006.166
39855,5885.995
39856,4861.7524
39857,7564.03
39858,6346.5737
39859,6413.819
39860,6644.865
39861,6915.501
39862,5904.3374
39863,4876.9033
39864,5210.1787
39865,5204.3027
39866,5304.458
39867,5977.7725
39868,6890.7046
39869,6578.0776
39870,5597.75
39871,9371.789
39872,6715.7124
39873,6748.7437
39874,6842.22
39875,7034.531
39876,6055.562
39877,4874.88
39878,5320.511
39879,5272.6826
39880,5429.885
39881,5718.988
39882,6077.5044
39883,5932.869
39884,4906.3735
39885,7504.5215
39886,6349.3345
39887,6406.622
39888,6631.569
39889,6975.793
39890,7468.8813
39891,8760.815
39892,7673.7583
39893,7403.9536
39894,7424.433
39895,7511.525
39896,6583.168
39897,7082.952
39898,6347.3545
39899,6459.7793
39900,6434.2905
39901,6586.302
39902,6746.639
39903,6591.8643
39904,7092.308
39905,8225.961
39906,7409.5205
39907,7356.06
39908,7466.125
39909,7549.442
39910,6612.406
39911,7114.409
39912,6429.7134
39913,6519.605
39914,6526.368
39915,6880.315
39916,7423.874
39917,7314.606
39918,7665.331
39919,10349.272
39920,7826.488
39921,7698.823
39922,7699.5576
39923,7723.219
39924,6759.618
39925,7090.712
39926,6541.7686
39927,6521.042
39928,6495.311
39929,6639.993
39930,6795.5283
39931,6634.4414
39932,7136.5176
39933,8098.6147
39934,7392.057
39935,7338.722
39936,7482.95
39937,3413.1702
39938,3353.8782
39939,8918.753
39940,7023.75
39941,6902.091
39942,6936.9253
39943,6989.26
39944,3369.6887
39945,3143.1382
39946,5766.3633
39947,5841.7925
39948,5823.9663
39949,6007.467
39950,6099.1533
39951,3369.6887
39952,3143.1382
39953,8585.6045
39954,6895.399
39955,6834.9863
39956,6982.077
39957,7030.7812
39958,3380.191
39959,3152.9346
39960,5834.6143
39961,5856.421
39962,5876.4756
39963,6196.0503
39964,6801.3125
39965,3658.1934
39966,3508.119
39967,11596.737
39968,7303.64
39969,7144.3564
39970,7208.0806
39971,7142.374
39972,3513.4944
39973,3189.54
39974,6062.989
39975,6002.1343
39976,5925.5283
39977,6087.3843
39978,6180.662
39979,3391.7092
39980,3210.148
39981,8528.278
39982,6924.352
39983,6835.9775
39984,7028.119
39985,7598.181
39986,6431.1304
39987,9242.631
39988,7832.8726
39989,7810.3726
39990,7846.6987
39991,8025.4575
39992,7035.6045
39993,6029.085
39994,6518.8467
39995,6548.817
39996,6671.5444
39997,7035.2485
39998,7463.2417
39999,7040.9214
40000,6033.6416
40001,8649.674
40002,7593.168
40003,7663.043
40004,7791.771
40005,8060.008
40006,7062.033
40007,6051.734
40008,6610.4946
40009,6591.0845
40010,6739.178
40011,7284.181
40012,8124.4634
40013,7685.2065
40014,6161.256
40015,10495.855
40016,8096.6533
40017,8137.927
40018,8060.608
40019,8173.554
40020,7373.748
40021,5998.443
40022,6755.609
40023,6687.0195
40024,6724.5386
40025,7085.7764
40026,7518.564
40027,7055.671
40028,6041.5137
40029,8562.135
40030,7609.437
40031,7641.074
40032,7805.3384
40033,3532.7048
40034,4121.1616
40035,6872.5884
40036,5685.8633
40037,5455.9365
40038,5431.439
40039,5585.083
40040,3241.4934
40041,3806.6924
40042,4476.155
40043,4502.8174
40044,4477.133
40045,4519.8237
40046,4736.467
40047,3245.776
40048,3811.7214
40049,6449.707
40050,5443.726
40051,5422.2817
40052,5462.576
40053,5630.0015
40054,3255.8918
40055,3823.6008
40056,4532.085
40057,4536.0986
40058,4537.8813
40059,4673.2915
40060,5519.756
40061,3604.3672
40062,4381.953
40063,8184.5225
40064,5732.379
40065,5657.4775
40066,5639.2563
40067,5707.538
40068,3303.466
40069,3806.4746
40070,4604.4717
40071,4526.1963
40072,4499.8545
40073,4536.769
40074,4754.2236
40075,3257.9458
40076,3831.0671
40077,6342.7124
40078,5412.035
40079,5390.716
40080,5455.874
40081,9598.47
40082,7991.1313
40083,12866.347
40084,11232.325
40085,11214.021
40086,11217.337
40087,11565.843
40088,9234.005
40089,8018.778
40090,9474.679
40091,9128.599
40092,9211.986
40093,9602.6
40094,10192.17
40095,9240.982
40096,8024.8374
40097,12219.458
40098,11009.592
40099,11063.19
40100,11162.098
40101,11614.2705
40102,9268.69
40103,8048.8994
40104,9330.272
40105,8950.3
40106,9104.079
40107,9840.821
40108,11507.296
40109,10123.394
40110,8468.289
40111,14875.573
40112,11626.606
40113,11635.691
40114,11481.576
40115,11734.41
40116,9510.759
40117,8008.062
40118,9797.039
40119,9322.507
40120,9267.056
40121,9652.709
40122,10236.154
40123,9280.862
40124,8065.5605
40125,12016.765
40126,10946.789
40127,11000.082
40128,11149.713
40129,7401.9907
40130,5138.603
40131,11813.871
40132,9834.553
40133,9464.12
40134,9384.32
40135,9514.07
40136,7039.39
40137,4764.9565
40138,8162.935
40139,8050.0205
40140,8030.695
40141,8213.441
40142,8484.118
40143,7044.71
40144,4768.5576
40145,10583.977
40146,9364.722
40147,9312.633
40148,9349.951
40149,9555.028
40150,7065.8335
40151,4782.857
40152,8252.681
40153,8066.922
40154,8135.1562
40155,8609.344
40156,9651.199
40157,7998.36
40158,5377.112
40159,13062.336
40160,10121.386
40161,9818.077
40162,9654.32
40163,9641.41
40164,7335.2725
40165,4990.875
40166,8444.705
40167,8142.1426
40168,8081.9937
40169,8259.665
40170,8533.819
40171,7075.113
40172,4792.7583
40173,10460.697
40174,9370.306
40175,9271.608
40176,9351.779
40177,11941.336
40178,12063.029
40179,16940.479
40180,14625.294
40181,14284.705
40182,14294.478
40183,14538.472
40184,11753.53
40185,11595.952
40186,12362.672
40187,12294.696
40188,12234.292
40189,12327.385
40190,12657.316
40191,11769.056
40192,11611.27
40193,15945.646
40194,14340.112
40195,14269.659
40196,14359.272
40197,14611.854
40198,11805.728
40199,11647.45
40200,11742.7295
40201,11612.985
40202,11786.7705
40203,12260.925
40204,13155.73
40205,12197.172
40206,12070.913
40207,19230.787
40208,14726.015
40209,14509.175
40210,14494.914
40211,14565.576
40212,11897.376
40213,12202.105
40214,12738.215
40215,12357.084
40216,12296.373
40217,12373.596
40218,12704.764
40219,11813.173
40220,11670.189
40221,15681.148
40222,14286.436
40223,14216.246
40224,14371.631
40225,5048.6484
40226,4478.5938
40227,6913.483
40228,5468.8945
40229,5338.8633
40230,5311.7285
40231,5551.394
40232,4579.8237
40233,4124.5044
40234,4193.9536
40235,4162.3564
40236,4243.7183
40237,4346.4805
40238,4771.197
40239,4559.1455
40240,4129.953
40241,6504.977
40242,5277.352
40243,5306.558
40244,5338.5425
40245,5579.418
40246,4600.165
40247,4142.824
40248,4262.0757
40249,4217.6724
40250,4307.702
40251,4598.5376
40252,5588.851
40253,5236.1157
40254,4795.2095
40255,7998.3525
40256,5547.0747
40257,5555.086
40258,5528.3813
40259,5686.698
40260,4663.646
40261,4124.268
40262,4274.0205
40263,4183.4814
40264,4265.256
40265,4362.776
40266,4789.084
40267,4603.0664
40268,4150.9136
40269,6397.066
40270,5250.5244
40271,5279.582
40272,5335.951
40273,5382.444
40274,4085.3513
40275,7975.0117
40276,7144.9155
40277,6859.451
40278,6913.239
40279,7037.9
40280,4942.835
40281,3786.1406
40282,5378.892
40283,5529.584
40284,5497.383
40285,5658.314
40286,5892.9272
40287,4949.3643
40288,3791.1423
40289,7503.405
40290,6854.906
40291,6805.4463
40292,6945.386
40293,7074.249
40294,4964.788
40295,3802.9578
40296,5446.099
40297,5578.146
40298,5549.8906
40299,5949.9727
40300,6783.341
40301,5478.8413
40302,4332.241
40303,9603.863
40304,6565.641
40305,6991.8735
40306,7103.8716
40307,7088.7305
40308,5165.849
40309,3703.9229
40310,5500.2207
40311,5519.3345
40312,5516.961
40313,5677.5874
40314,5903.2676
40315,5031.557
40316,3731.1653
40317,7356.6
40318,6794.375
40319,6743.8853
40320,6925.349
40321,9494.408
40322,9828.7295
40323,13043.463
40324,10949.63
40325,10878.232
40326,10840.098
40327,11117.251
40328,9205.435
40329,9939.981
40330,9510.522
40331,9352.966
40332,9455.17
40333,9757.444
40334,10230.239
40335,9212.391
40336,9947.493
40337,12406.943
40338,10692.398
40339,10745.529
40340,10800.397
40341,11165.111
40342,9240.013
40343,9977.319
40344,9520.76
40345,9261.93
40346,9455.648
40347,10084.836
40348,11594.968
40349,10178.899
40350,10729.257
40351,14606.782
40352,11218.418
40353,11228.309
40354,11093.938
40355,11338.896
40356,9449.572
40357,9893.447
40358,9796.077
40359,9514.705
40360,9531.899
40361,9829.198
40362,10244.212
40363,9252.147
40364,9997.972
40365,12243.606
40366,10707.513
40367,10706.931
40368,10811.332
40369,7983.7183
40370,5792.7363
40371,11877.637
40372,10256.207
40373,10038.36
40374,10077.394
40375,10150.571
40376,7683.975
40377,5418.657
40378,8379.244
40379,8265.646
40380,8237.267
40381,8428.049
40382,8512.293
40383,7694.1255
40384,5425.8154
40385,11247.162
40386,10060.099
40387,9993.786
40388,10133.981
40389,10201.808
40390,7718.101
40391,5442.7236
40392,8487.963
40393,8326.162
40394,8451.36
40395,8925.127
40396,9794.312
40397,8674.5
40398,6137.032
40399,14368.67
40400,10454.265
40401,10282.947
40402,10263.85
40403,10189.215
40404,7824.0396
40405,5701.9336
40406,8635.504
40407,8329.061
40408,8300.463
40409,8481.505
40410,8566.284
40411,7722.9688
40412,5453.351
40413,11074.708
40414,10027.385
40415,9961.288
40416,10147.706
40417,3702.5276
40418,4012.5444
40419,7775.06
40420,6156.1216
40421,5852.2495
40422,5874.6987
40423,5932.1562
40424,3340.9136
40425,3644.828
40426,4974.041
40427,5049.2744
40428,5003.984
40429,5090.0493
40430,5199.361
40431,3345.3274
40432,3649.6433
40433,7343.757
40434,5858.393
40435,5816.15
40436,5908.377
40437,5986.0
40438,3355.7537
40439,3661.0176
40440,5036.191
40441,5093.619
40442,5078.885
40443,5288.912
40444,6152.036
40445,3686.9526
40446,4164.056
40447,9876.57
40448,6203.7617
40449,6102.593
40450,6139.316
40451,6148.27
40452,3404.7864
40453,3644.6194
40454,5116.628
40455,5075.4897
40456,5029.379
40457,5109.132
40458,5218.853
40459,3357.8704
40460,3668.1665
40461,7221.9336
40462,5824.2886
40463,5782.292
40464,5901.1284
40465,9038.997
40466,7673.612
40467,13335.508
40468,11389.883
40469,11438.665
40470,11430.496
40471,11695.182
40472,8827.792
40473,7760.25
40474,9424.199
40475,9056.679
40476,9168.781
40477,9389.845
40478,9826.021
40479,8834.463
40480,7766.1143
40481,12757.51
40482,11127.063
40483,11261.277
40484,11350.485
40485,11745.529
40486,8860.952
40487,7789.401
40488,9257.223
40489,8830.528
40490,9040.256
40491,9600.356
40492,10896.924
40493,9480.003
40494,8007.3823
40495,15548.933
40496,11671.581
40497,11705.516
40498,11584.412
40499,11824.299
40500,9092.372
40501,7749.88
40502,9751.397
40503,9233.529
40504,9227.349
40505,9442.688
40506,9883.582
40507,8872.589
40508,7805.5244
40509,12608.917
40510,11133.698
40511,11211.669
40512,11352.704
40513,6079.4116
40514,6272.652
40515,9726.587
40516,7115.0947
40517,6881.824
40518,6947.7915
40519,7149.8784
40520,5712.4185
40521,5977.8125
40522,6165.659
40523,6144.9165
40524,6139.55
40525,6283.311
40526,6617.5605
40527,5621.818
40528,5985.709
40529,8775.174
40530,6923.599
40531,6877.3887
40532,6992.614
40533,7199.691
40534,5737.7896
40535,6004.362
40536,6241.9688
40537,6198.1606
40538,6248.813
40539,6628.5146
40540,7780.357
40541,6327.232
40542,6440.8545
40543,10990.969
40544,7328.0625
40545,7191.709
40546,7158.9062
40547,7215.8467
40548,5791.0073
40549,5977.47
40550,6366.806
40551,6176.1006
40552,6170.707
40553,6306.866
40554,6642.3687
40555,5741.408
40556,6016.0854
40557,8629.608
40558,6919.6113
40559,6873.4277
40560,7020.8833
40561,6231.267
40562,5394.3267
40563,8510.467
40564,6908.295
40565,6924.735
40566,7040.384
40567,7264.5806
40568,5908.422
40569,4987.5576
40570,5394.2754
40571,5457.42
40572,5575.082
40573,6075.4814
40574,6365.92
40575,5908.422
40576,4987.5576
40577,8256.617
40578,6806.1475
40579,6825.195
40580,7082.209
40581,7307.7373
40582,5926.834
40583,5003.1006
40584,5478.9614
40585,5496.1665
40586,5601.9375
40587,6339.7974
40588,7256.485
40589,6538.9985
40590,5590.189
40591,11018.017
40592,7111.892
40593,7124.9077
40594,7238.961
40595,7385.1646
40596,6033.8833
40597,5035.8496
40598,5590.589
40599,5564.006
40600,5729.8916
40601,6099.5083
40602,6434.5176
40603,5911.6294
40604,5068.383
40605,8130.611
40606,6780.3267
40607,6820.477
40608,7074.971
40609,5761.1294
40610,5603.402
40611,7538.9434
40612,6049.35
40613,5965.3213
40614,6025.5264
40615,6337.2397
40616,5373.728
40617,5252.1475
40618,4712.9727
40619,4757.2812
40620,4856.779
40621,5095.383
40622,5532.496
40623,5349.4663
40624,5259.0854
40625,6960.6924
40626,5912.622
40627,5935.0254
40628,6055.9434
40629,6369.23
40630,5397.5947
40631,5275.4746
40632,4789.5225
40633,4820.5015
40634,4922.2314
40635,5336.7607
40636,6582.76
40637,6042.62
40638,5965.441
40639,8942.279
40640,6089.1035
40641,6087.3145
40642,6191.59
40643,6432.9526
40644,5466.7305
40645,5251.8467
40646,4934.7603
40647,4781.425
40648,4881.4272
40649,5114.486
40650,5553.2373
40651,5400.999
40652,5285.775
40653,6845.2227
40654,5883.4863
40655,5905.7793
40656,6053.9507
40657,5492.189
40658,4910.868
40659,7422.762
40660,6174.717
40661,6069.2607
40662,6147.1323
40663,6251.359
40664,5152.1196
40665,4500.0693
40666,4791.7207
40667,4819.83
40668,4954.39
40669,5242.907
40670,5548.4824
40671,5152.1196
40672,4500.0693
40673,7009.3877
40674,5992.3296
40675,5979.9966
40676,6184.3716
40677,6315.637
40678,5168.1753
40679,4514.0933
40680,4863.691
40681,4850.802
40682,4983.4253
40683,5483.8345
40684,6325.7476
40685,5714.184
40686,5026.952
40687,8894.194
40688,6285.589
40689,6266.594
40690,6396.889
40691,6451.682
40692,5257.2397
40693,4538.4097
40694,4960.3906
40695,4908.3066
40696,5004.189
40697,5256.969
40698,5561.8193
40699,5148.3813
40700,4567.73
40701,6893.6626
40702,5962.028
40703,5968.2866
40704,6170.2188
40705,3836.82
40706,2997.4414
40707,7414.9434
40708,5679.727
40709,5449.4927
40710,5452.238
40711,5617.712
40712,3511.7786
40713,2766.4802
40714,4530.412
40715,4494.0894
40716,4473.4146
40717,4531.4453
40718,4809.3457
40719,3516.4182
40720,2770.1382
40721,6788.506
40722,5461.3203
40723,5429.217
40724,5482.8564
40725,5646.0703
40726,3527.3774
40727,2778.7722
40728,4586.4863
40729,4533.0317
40730,4517.281
40731,4814.546
40732,5571.0103
40733,3986.8708
40734,3258.2566
40735,8561.922
40736,5733.161
40737,5647.234
40738,5635.8687
40739,5715.547
40740,3569.7043
40741,2766.322
40742,4660.284
40743,4517.4233
40744,4496.641
40745,4548.9634
40746,4853.56
40747,3529.6023
40748,2784.1987
40749,6676.669
40750,5430.159
40751,5398.239
40752,5476.767
40753,4623.8906
40754,4789.993
40755,9942.627
40756,7994.028
40757,7789.2744
40758,7836.7812
40759,7936.2446
40760,4340.4316
40761,4518.328
40762,6404.887
40763,6498.3477
40764,6438.084
40765,6586.2393
40766,6689.2905
40767,4271.5874
40768,4524.297
40769,9353.9375
40770,7826.794
40771,7754.2124
40772,7895.836
40773,7991.535
40774,4359.71
40775,4538.3965
40776,6487.9927
40777,6545.9253
40778,6556.9106
40779,6846.9404
40780,7481.1016
40781,4807.9834
40782,5134.512
40783,12808.227
40784,8217.477
40785,8066.676
40786,8057.295
40787,7962.4863
40788,4471.4736
40789,4518.0693
40790,6587.716
40791,6531.325
40792,6470.756
40793,6610.9297
40794,6714.367
40795,4362.46
40796,4547.2583
40797,9198.772
40798,7822.286
40799,7749.7466
40800,7927.7563
40801,4281.3857
40802,4360.912
40803,7212.599
40804,5276.164
40805,5175.694
40806,5163.164
40807,5410.3887
40808,3985.8252
40809,4083.6953
40810,4157.2217
40811,4108.1973
40812,4188.5005
40813,4337.381
40814,4661.7515
40815,3967.8286
40816,4089.0903
40817,6745.397
40818,5116.0615
40819,5144.3755
40820,5189.2285
40821,5437.7007
40822,4003.529
40823,4101.834
40824,4224.747
40825,4162.7935
40826,4246.018
40827,4643.427
40828,5359.6406
40829,4492.2295
40830,4655.268
40831,8487.485
40832,5341.181
40833,5348.895
40834,5347.8237
40835,5515.509
40836,4058.7783
40837,4083.4617
40838,4236.5874
40839,4129.047
40840,4209.758
40841,4353.6426
40842,4679.2285
40843,4006.0542
40844,4109.8433
40845,6633.4985
40846,5086.87
40847,5115.0225
40848,5183.4653
40849,2935.0637
40850,2938.6067
40851,7468.44
40852,5388.14
40853,5163.6714
40854,5162.125
40855,5239.163
40856,2630.843
40857,2649.4897
40858,4268.162
40859,4219.6562
40860,4193.05
40861,4244.204
40862,4402.0083
40863,2634.3215
40864,2652.993
40865,6968.837
40866,5166.258
40867,5139.358
40868,5195.1914
40869,5305.399
40870,2642.5325
40871,2661.262
40872,4324.3843
40873,4253.6885
40874,4251.015
40875,4435.932
40876,5035.8164
40877,2915.1213
40878,3075.3376
40879,9071.877
40880,5457.326
40881,5379.164
40882,5358.94
40883,5374.169
40884,2679.0007
40885,2649.3381
40886,4393.4546
40887,4244.4023
40888,4214.33
40889,4260.116
40890,4418.5117
40891,2644.197
40892,2666.4592
40893,6853.232
40894,5136.182
40895,5109.439
40896,5188.818
40897,6680.128
40898,5039.132
40899,11349.338
40900,8749.809
40901,8778.606
40902,8839.47
40903,9032.74
40904,6411.207
40905,4735.6445
40906,6858.83
40907,6887.36
40908,6969.0894
40909,7309.571
40910,7520.5864
40911,6416.052
40912,4532.435
40913,10688.279
40914,8615.727
40915,8660.364
40916,8805.844
40917,9080.776
40918,6435.2905
40919,4546.027
40920,6984.708
40921,6971.071
40922,7146.6055
40923,7711.1846
40924,8510.077
40925,7263.278
40926,5207.0635
40927,12882.358
40928,9080.179
40929,9090.101
40930,9039.558
40931,9135.401
40932,6684.953
40933,4729.3154
40934,7096.9707
40935,7021.8545
40936,7004.4556
40937,7341.1167
40938,7553.043
40939,6443.742
40940,4763.275
40941,10510.982
40942,8566.578
40943,8610.961
40944,8796.072
40945,5779.5293
40946,4601.8506
40947,9094.229
40948,7000.9824
40949,6681.428
40950,6739.905
40951,6876.8374
40952,5534.602
40953,4461.687
40954,5794.0513
40955,5768.465
40956,5774.0137
40957,5885.4673
40958,6173.2563
40959,5538.7847
40960,4270.2305
40961,8276.794
40962,6646.482
40963,6610.022
40964,6715.219
40965,6906.444
40966,5555.3936
40967,4283.036
40968,5854.293
40969,5765.5
40970,5779.0938
40971,6053.7256
40972,7017.4556
40973,6000.354
40974,4438.7383
40975,10327.648
40976,7264.9688
40977,7047.795
40978,6954.116
40979,7061.7505
40980,5681.7266
40981,4440.7964
40982,5994.7593
40983,5835.1597
40984,5811.575
40985,5919.2803
40986,6210.1436
40987,5562.6895
40988,4487.719
40989,8181.338
40990,6651.219
40991,6581.6675
40992,6717.314
40993,19651.178
40994,23067.99
40995,25112.258
40996,22672.64
40997,22007.953
40998,22144.195
40999,22080.719
41000,19292.99
41001,22312.201
41002,20008.99
41003,19599.088
41004,19604.49
41005,19733.814
41006,19939.4
41007,19307.568
41008,22329.06
41009,23860.348
41010,21998.742
41011,21935.074
41012,22063.1
41013,22175.771
41014,19365.457
41015,22396.008
41016,20235.654
41017,19646.736
41018,19633.85
41019,20071.28
41020,21054.639
41021,20222.38
41022,23435.945
41023,26331.0
41024,22766.29
41025,22303.031
41026,22176.596
41027,22115.492
41028,19727.924
41029,23369.902
41030,20431.38
41031,19609.092
41032,19614.496
41033,19728.979
41034,19934.514
41035,19390.887
41036,22442.363
41037,23327.549
41038,21773.938
41039,21710.92
41040,21938.547
41041,6662.7627
41042,5409.9243
41043,9595.705
41044,7580.215
41045,7528.359
41046,7708.831
41047,8060.761
41048,6199.136
41049,5079.7183
41050,5977.567
41051,6013.607
41052,6192.399
41053,6658.4487
41054,7057.5957
41055,6207.3247
41056,5086.4287
41057,9026.798
41058,7395.5903
41059,7490.2407
41060,7762.5376
41061,8116.9194
41062,6226.6685
41063,5102.28
41064,6074.653
41065,6093.519
41066,6276.3745
41067,7067.66
41068,8186.7007
41069,7053.659
41070,5681.38
41071,12021.809
41072,6967.88
41073,7678.993
41074,7996.316
41075,8140.2637
41076,6498.769
41077,5037.4883
41078,6043.923
41079,6019.948
41080,6252.8315
41081,6740.5156
41082,7153.9575
41083,6294.9004
41084,5074.536
41085,8843.636
41086,7353.1978
41087,7458.9146
41088,7808.9424
